GRID_TYPE,GAME_ID,GAME_EVENT_ID,PLAYER_ID,PLAYER_NAME,TEAM_ID,TEAM_NAME,PERIOD,MINUTES_REMAINING,SECONDS_REMAINING,EVENT_TYPE,ACTION_TYPE,SHOT_TYPE,SHOT_ZONE_BASIC,SHOT_ZONE_AREA,SHOT_ZONE_RANGE,SHOT_DISTANCE,LOC_X,LOC_Y,SHOT_ATTEMPTED_FLAG,SHOT_MADE_FLAG,GAME_DATE,HTM,VTM
Shot Chart Detail,0022500001,36,1628983,Shai Gilgeous-Alexander,1610612760,Oklahoma City Thunder,1,8,57,Missed Shot,Step Back Jump shot,3PT Field Goal,Above the Break 3,Left Side Center(LC),24+ ft.,25,-217,132,1,0,20251021,OKC,HOU
Shot Chart Detail,0022500001,95,1628983,Shai Gilgeous-Alexander,1610612760,Oklahoma City Thunder,1,4,39,Made Shot,Driving Finger Roll Layup Shot,2PT Field Goal,Restricted Area,Center(C),Less Than 8 ft.,2,16,13,1,1,20251021,OKC,HOU
Shot Chart Detail,0022500001,136,1628983,Shai Gilgeous-Alexander,1610612760,Oklahoma City Thunder,1,2,10,Missed Shot,Step Back Jump shot,2PT Field Goal,Mid-Range,Center(C),8-16 ft.,15,-26,148,1,0,20251021,OKC,HOU
Shot Chart Detail,0022500001,276,1628983,Shai Gilgeous-Alexander,1610612760,Oklahoma City Thunder,2,5,31,Missed Shot,Turnaround Fadeaway shot,2PT Field Goal,Mid-Range,Center(C),16-24 ft.,16,9,162,1,0,20251021,OKC,HOU
Shot Chart Detail,0022500001,332,1628983,Shai Gilgeous-Alexander,1610612760,Oklahoma City Thunder,2,0,56,Made Shot,Driving Finger Roll Layup Shot,2PT Field Goal,Restricted Area,Center(C),Less Than 8 ft.,2,16,16,1,1,20251021,OKC,HOU
Shot Chart Detail,0022500001,387,1628983,Shai Gilgeous-Alexander,1610612760,Oklahoma City Thunder,3,9,39,Missed Shot,Running Jump Shot,3PT Field Goal,Above the Break 3,Center(C),24+ ft.,24,15,248,1,0,20251021,OKC,HOU
Shot Chart Detail,0022500001,392,1628983,Shai Gilgeous-Alexander,1610612760,Oklahoma City Thunder,3,9,12,Made Shot,Jump Shot,2PT Field Goal,In The Paint (Non-RA),Left Side(L),8-16 ft.,12,-75,95,1,1,20251021,OKC,HOU
Shot Chart Detail,0022500001,400,1628983,Shai Gilgeous-Alexander,1610612760,Oklahoma City Thunder,3,8,17,Made Shot,Pullup Jump shot,2PT Field Goal,In The Paint (Non-RA),Center(C),8-16 ft.,12,56,113,1,1,20251021,OKC,HOU
Shot Chart Detail,0022500001,418,1628983,Shai Gilgeous-Alexander,1610612760,Oklahoma City Thunder,3,7,2,Missed Shot,Pullup Jump shot,3PT Field Goal,Above the Break 3,Center(C),24+ ft.,24,59,237,1,0,20251021,OKC,HOU
Shot Chart Detail,0022500001,455,1628983,Shai Gilgeous-Alexander,1610612760,Oklahoma City Thunder,3,5,3,Made Shot,Driving Finger Roll Layup Shot,2PT Field Goal,Restricted Area,Center(C),Less Than 8 ft.,1,13,-15,1,1,20251021,OKC,HOU
Shot Chart Detail,0022500001,521,1628983,Shai Gilgeous-Alexander,1610612760,Oklahoma City Thunder,3,0,34,Missed Shot,Driving Layup Shot,2PT Field Goal,Restricted Area,Center(C),Less Than 8 ft.,0,-7,3,1,0,20251021,OKC,HOU
Shot Chart Detail,0022500001,526,1628983,Shai Gilgeous-Alexander,1610612760,Oklahoma City Thunder,3,0,1,Missed Shot,Pullup Jump shot,3PT Field Goal,Above the Break 3,Left Side Center(LC),24+ ft.,24,-83,235,1,0,20251021,OKC,HOU
Shot Chart Detail,0022500001,609,1628983,Shai Gilgeous-Alexander,1610612760,Oklahoma City Thunder,4,6,4,Made Shot,Driving Layup Shot,2PT Field Goal,Restricted Area,Center(C),Less Than 8 ft.,1,17,-1,1,1,20251021,OKC,HOU
Shot Chart Detail,0022500001,626,1628983,Shai Gilgeous-Alexander,1610612760,Oklahoma City Thunder,4,4,20,Made Shot,Pullup Jump shot,2PT Field Goal,Mid-Range,Left Side(L),8-16 ft.,14,-82,120,1,1,20251021,OKC,HOU
Shot Chart Detail,0022500001,638,1628983,Shai Gilgeous-Alexander,1610612760,Oklahoma City Thunder,4,3,20,Missed Shot,Step Back Jump shot,2PT Field Goal,Mid-Range,Left Side(L),8-16 ft.,12,-124,-11,1,0,20251021,OKC,HOU
Shot Chart Detail,0022500001,659,1628983,Shai Gilgeous-Alexander,1610612760,Oklahoma City Thunder,4,1,34,Made Shot,Step Back Jump shot,2PT Field Goal,Mid-Range,Left Side(L),16-24 ft.,18,-151,108,1,1,20251021,OKC,HOU
Shot Chart Detail,0022500001,683,1628983,Shai Gilgeous-Alexander,1610612760,Oklahoma City Thunder,4,0,2,Made Shot,Pullup Jump shot,2PT Field Goal,Mid-Range,Left Side(L),8-16 ft.,15,-126,96,1,1,20251021,OKC,HOU
Shot Chart Detail,0022500001,708,1628983,Shai Gilgeous-Alexander,1610612760,Oklahoma City Thunder,5,4,27,Missed Shot,Turnaround Jump Shot,2PT Field Goal,Mid-Range,Left Side Center(LC),16-24 ft.,16,-66,148,1,0,20251021,OKC,HOU
Shot Chart Detail,0022500001,721,1628983,Shai Gilgeous-Alexander,1610612760,Oklahoma City Thunder,5,3,36,Made Shot,Pullup Jump shot,3PT Field Goal,Above the Break 3,Center(C),24+ ft.,25,54,247,1,1,20251021,OKC,HOU
Shot Chart Detail,0022500001,727,1628983,Shai Gilgeous-Alexander,1610612760,Oklahoma City Thunder,5,2,46,Made Shot,Pullup Jump shot,2PT Field Goal,In The Paint (Non-RA),Center(C),8-16 ft.,14,-55,130,1,1,20251021,OKC,HOU
Shot Chart Detail,0022500001,733,1628983,Shai Gilgeous-Alexander,1610612760,Oklahoma City Thunder,5,2,16,Missed Shot,Step Back Jump shot,3PT Field Goal,Above the Break 3,Left Side Center(LC),24+ ft.,25,-159,203,1,0,20251021,OKC,HOU
Shot Chart Detail,0022500001,737,1628983,Shai Gilgeous-Alexander,1610612760,Oklahoma City Thunder,5,1,37,Missed Shot,Jump Shot,3PT Field Goal,Above the Break 3,Center(C),24+ ft.,25,-61,251,1,0,20251021,OKC,HOU
Shot Chart Detail,0022500001,777,1628983,Shai Gilgeous-Alexander,1610612760,Oklahoma City Thunder,5,0,2,Missed Shot,Jump Shot,2PT Field Goal,Mid-Range,Right Side(R),16-24 ft.,18,181,16,1,0,20251021,OKC,HOU
Shot Chart Detail,0022500001,794,1628983,Shai Gilgeous-Alexander,1610612760,Oklahoma City Thunder,6,4,20,Missed Shot,Jump Shot,3PT Field Goal,Above the Break 3,Center(C),24+ ft.,24,47,237,1,0,20251021,OKC,HOU
Shot Chart Detail,0022500001,815,1628983,Shai Gilgeous-Alexander,1610612760,Oklahoma City Thunder,6,2,47,Missed Shot,Step Back Jump shot,3PT Field Goal,Above the Break 3,Center(C),24+ ft.,24,-45,243,1,0,20251021,OKC,HOU
Shot Chart Detail,0022500001,842,1628983,Shai Gilgeous-Alexander,1610612760,Oklahoma City Thunder,6,0,59,Made Shot,Step Back Jump shot,2PT Field Goal,Mid-Range,Left Side Center(LC),16-24 ft.,19,-92,168,1,1,20251021,OKC,HOU
Shot Chart Detail,0022500005,53,1628983,Shai Gilgeous-Alexander,1610612760,Oklahoma City Thunder,1,8,52,Missed Shot,Step Back Jump shot,2PT Field Goal,In The Paint (Non-RA),Center(C),8-16 ft.,14,-70,127,1,0,20251023,IND,OKC
Shot Chart Detail,0022500005,74,1628983,Shai Gilgeous-Alexander,1610612760,Oklahoma City Thunder,1,6,56,Made Shot,Driving Floating Bank Jump Shot,2PT Field Goal,In The Paint (Non-RA),Center(C),8-16 ft.,11,42,102,1,1,20251023,IND,OKC
Shot Chart Detail,0022500005,92,1628983,Shai Gilgeous-Alexander,1610612760,Oklahoma City Thunder,1,5,41,Made Shot,Driving Finger Roll Layup Shot,2PT Field Goal,Restricted Area,Center(C),Less Than 8 ft.,2,15,17,1,1,20251023,IND,OKC
Shot Chart Detail,0022500005,172,1628983,Shai Gilgeous-Alexander,1610612760,Oklahoma City Thunder,2,11,32,Made Shot,Driving Finger Roll Layup Shot,2PT Field Goal,Restricted Area,Center(C),Less Than 8 ft.,1,7,17,1,1,20251023,IND,OKC
Shot Chart Detail,0022500005,222,1628983,Shai Gilgeous-Alexander,1610612760,Oklahoma City Thunder,2,8,7,Made Shot,Pullup Jump shot,2PT Field Goal,Mid-Range,Left Side(L),8-16 ft.,14,-146,-13,1,1,20251023,IND,OKC
Shot Chart Detail,0022500005,322,1628983,Shai Gilgeous-Alexander,1610612760,Oklahoma City Thunder,2,2,31,Missed Shot,Driving Finger Roll Layup Shot,2PT Field Goal,In The Paint (Non-RA),Center(C),Less Than 8 ft.,4,-36,23,1,0,20251023,IND,OKC
Shot Chart Detail,0022500005,326,1628983,Shai Gilgeous-Alexander,1610612760,Oklahoma City Thunder,2,2,16,Made Shot,Pullup Jump shot,2PT Field Goal,Mid-Range,Left Side Center(LC),16-24 ft.,18,-67,168,1,1,20251023,IND,OKC
Shot Chart Detail,0022500005,348,1628983,Shai Gilgeous-Alexander,1610612760,Oklahoma City Thunder,2,0,34,Missed Shot,Fadeaway Jump Shot,2PT Field Goal,Mid-Range,Right Side(R),8-16 ft.,12,110,65,1,0,20251023,IND,OKC
Shot Chart Detail,0022500005,404,1628983,Shai Gilgeous-Alexander,1610612760,Oklahoma City Thunder,3,9,57,Missed Shot,Driving Layup Shot,2PT Field Goal,In The Paint (Non-RA),Center(C),Less Than 8 ft.,5,-4,58,1,0,20251023,IND,OKC
Shot Chart Detail,0022500005,411,1628983,Shai Gilgeous-Alexander,1610612760,Oklahoma City Thunder,3,9,40,Missed Shot,Jump Shot,3PT Field Goal,Above the Break 3,Left Side Center(LC),24+ ft.,25,-235,96,1,0,20251023,IND,OKC
Shot Chart Detail,0022500005,453,1628983,Shai Gilgeous-Alexander,1610612760,Oklahoma City Thunder,3,7,9,Made Shot,Step Back Jump shot,2PT Field Goal,Mid-Range,Left Side(L),8-16 ft.,13,-87,109,1,1,20251023,IND,OKC
Shot Chart Detail,0022500005,456,1628983,Shai Gilgeous-Alexander,1610612760,Oklahoma City Thunder,3,6,44,Made Shot,Pullup Jump shot,3PT Field Goal,Above the Break 3,Center(C),24+ ft.,26,69,253,1,1,20251023,IND,OKC
Shot Chart Detail,0022500005,463,1628983,Shai Gilgeous-Alexander,1610612760,Oklahoma City Thunder,3,5,50,Missed Shot,Driving Finger Roll Layup Shot,2PT Field Goal,Restricted Area,Center(C),Less Than 8 ft.,1,-18,5,1,0,20251023,IND,OKC
Shot Chart Detail,0022500005,531,1628983,Shai Gilgeous-Alexander,1610612760,Oklahoma City Thunder,3,1,54,Made Shot,Driving Layup Shot,2PT Field Goal,Restricted Area,Center(C),Less Than 8 ft.,2,22,9,1,1,20251023,IND,OKC
Shot Chart Detail,0022500005,555,1628983,Shai Gilgeous-Alexander,1610612760,Oklahoma City Thunder,3,0,28,Missed Shot,Pullup Jump shot,3PT Field Goal,Above the Break 3,Left Side Center(LC),24+ ft.,26,-147,226,1,0,20251023,IND,OKC
Shot Chart Detail,0022500005,574,1628983,Shai Gilgeous-Alexander,1610612760,Oklahoma City Thunder,4,11,15,Missed Shot,Pullup Jump shot,2PT Field Goal,Mid-Range,Left Side Center(LC),16-24 ft.,16,-103,127,1,0,20251023,IND,OKC
Shot Chart Detail,0022500005,611,1628983,Shai Gilgeous-Alexander,1610612760,Oklahoma City Thunder,4,8,44,Made Shot,Jump Shot,3PT Field Goal,Above the Break 3,Left Side Center(LC),24+ ft.,26,-88,245,1,1,20251023,IND,OKC
Shot Chart Detail,0022500005,627,1628983,Shai Gilgeous-Alexander,1610612760,Oklahoma City Thunder,4,6,54,Missed Shot,Step Back Jump shot,2PT Field Goal,Mid-Range,Center(C),16-24 ft.,17,0,177,1,0,20251023,IND,OKC
Shot Chart Detail,0022500005,679,1628983,Shai Gilgeous-Alexander,1610612760,Oklahoma City Thunder,4,4,31,Missed Shot,Turnaround Jump Shot,2PT Field Goal,Mid-Range,Left Side(L),8-16 ft.,14,-143,-4,1,0,20251023,IND,OKC
Shot Chart Detail,0022500005,685,1628983,Shai Gilgeous-Alexander,1610612760,Oklahoma City Thunder,4,3,32,Missed Shot,Pullup Jump shot,2PT Field Goal,Mid-Range,Left Side(L),8-16 ft.,15,-102,119,1,0,20251023,IND,OKC
Shot Chart Detail,0022500005,703,1628983,Shai Gilgeous-Alexander,1610612760,Oklahoma City Thunder,4,2,43,Made Shot,Step Back Jump shot,2PT Field Goal,Mid-Range,Left Side(L),8-16 ft.,10,-104,13,1,1,20251023,IND,OKC
Shot Chart Detail,0022500005,712,1628983,Shai Gilgeous-Alexander,1610612760,Oklahoma City Thunder,4,1,37,Made Shot,Driving Finger Roll Layup Shot,2PT Field Goal,In The Paint (Non-RA),Center(C),Less Than 8 ft.,4,38,27,1,1,20251023,IND,OKC
Shot Chart Detail,0022500005,721,1628983,Shai Gilgeous-Alexander,1610612760,Oklahoma City Thunder,4,0,37,Missed Shot,Pullup Jump shot,3PT Field Goal,Above the Break 3,Right Side Center(RC),24+ ft.,27,151,227,1,0,20251023,IND,OKC
Shot Chart Detail,0022500005,733,1628983,Shai Gilgeous-Alexander,1610612760,Oklahoma City Thunder,4,0,2,Missed Shot,Pullup Jump shot,3PT Field Goal,Above the Break 3,Right Side Center(RC),24+ ft.,28,93,272,1,0,20251023,IND,OKC
Shot Chart Detail,0022500005,756,1628983,Shai Gilgeous-Alexander,1610612760,Oklahoma City Thunder,5,3,41,Missed Shot,Pullup Jump shot,3PT Field Goal,Above the Break 3,Center(C),24+ ft.,25,62,252,1,0,20251023,IND,OKC
Shot Chart Detail,0022500005,796,1628983,Shai Gilgeous-Alexander,1610612760,Oklahoma City Thunder,5,1,18,Made Shot,Driving Finger Roll Layup Shot,2PT Field Goal,Restricted Area,Center(C),Less Than 8 ft.,2,22,20,1,1,20251023,IND,OKC
Shot Chart Detail,0022500005,805,1628983,Shai Gilgeous-Alexander,1610612760,Oklahoma City Thunder,5,0,27,Made Shot,Step Back Jump shot,2PT Field Goal,Mid-Range,Left Side(L),8-16 ft.,13,-116,61,1,1,20251023,IND,OKC
Shot Chart Detail,0022500005,807,1628983,Shai Gilgeous-Alexander,1610612760,Oklahoma City Thunder,5,0,1,Missed Shot,Driving Layup Shot,2PT Field Goal,Restricted Area,Center(C),Less Than 8 ft.,2,29,6,1,0,20251023,IND,OKC
Shot Chart Detail,0022500005,820,1628983,Shai Gilgeous-Alexander,1610612760,Oklahoma City Thunder,6,4,11,Made Shot,Pullup Jump shot,2PT Field Goal,Mid-Range,Right Side(R),8-16 ft.,14,82,114,1,1,20251023,IND,OKC
Shot Chart Detail,0022500005,839,1628983,Shai Gilgeous-Alexander,1610612760,Oklahoma City Thunder,6,2,47,Made Shot,Running Finger Roll Layup Shot,2PT Field Goal,Restricted Area,Center(C),Less Than 8 ft.,2,-26,9,1,1,20251023,IND,OKC
Shot Chart Detail,0022500005,849,1628983,Shai Gilgeous-Alexander,1610612760,Oklahoma City Thunder,6,1,26,Missed Shot,Turnaround Fadeaway shot,2PT Field Goal,Mid-Range,Right Side(R),16-24 ft.,16,147,83,1,0,20251023,IND,OKC
Shot Chart Detail,0022500010,26,1628983,Shai Gilgeous-Alexander,1610612760,Oklahoma City Thunder,1,9,25,Made Shot,Pullup Jump shot,3PT Field Goal,Above the Break 3,Right Side Center(RC),24+ ft.,24,85,230,1,1,20251225,OKC,SAS
Shot Chart Detail,0022500010,57,1628983,Shai Gilgeous-Alexander,1610612760,Oklahoma City Thunder,1,7,3,Missed Shot,Driving Layup Shot,2PT Field Goal,Restricted Area,Center(C),Less Than 8 ft.,1,1,14,1,0,20251225,OKC,SAS
Shot Chart Detail,0022500010,74,1628983,Shai Gilgeous-Alexander,1610612760,Oklahoma City Thunder,1,5,9,Missed Shot,Step Back Jump shot,2PT Field Goal,Mid-Range,Left Side Center(LC),16-24 ft.,18,-119,138,1,0,20251225,OKC,SAS
Shot Chart Detail,0022500010,93,1628983,Shai Gilgeous-Alexander,1610612760,Oklahoma City Thunder,1,4,33,Made Shot,Driving Finger Roll Layup Shot,2PT Field Goal,Restricted Area,Center(C),Less Than 8 ft.,1,-10,-8,1,1,20251225,OKC,SAS
Shot Chart Detail,0022500010,114,1628983,Shai Gilgeous-Alexander,1610612760,Oklahoma City Thunder,1,3,18,Made Shot,Step Back Jump shot,2PT Field Goal,In The Paint (Non-RA),Center(C),8-16 ft.,14,-59,136,1,1,20251225,OKC,SAS
Shot Chart Detail,0022500010,133,1628983,Shai Gilgeous-Alexander,1610612760,Oklahoma City Thunder,1,1,42,Missed Shot,Driving Floating Jump Shot,2PT Field Goal,Restricted Area,Center(C),Less Than 8 ft.,2,-6,25,1,0,20251225,OKC,SAS
Shot Chart Detail,0022500010,151,1628983,Shai Gilgeous-Alexander,1610612760,Oklahoma City Thunder,1,0,26,Missed Shot,Pullup Jump shot,2PT Field Goal,Mid-Range,Right Side(R),8-16 ft.,15,88,131,1,0,20251225,OKC,SAS
Shot Chart Detail,0022500010,295,1628983,Shai Gilgeous-Alexander,1610612760,Oklahoma City Thunder,2,3,17,Made Shot,Running Layup Shot,2PT Field Goal,Restricted Area,Center(C),Less Than 8 ft.,1,15,-11,1,1,20251225,OKC,SAS
Shot Chart Detail,0022500010,305,1628983,Shai Gilgeous-Alexander,1610612760,Oklahoma City Thunder,2,2,52,Made Shot,Step Back Jump shot,2PT Field Goal,Mid-Range,Right Side(R),8-16 ft.,13,134,9,1,1,20251225,OKC,SAS
Shot Chart Detail,0022500010,375,1628983,Shai Gilgeous-Alexander,1610612760,Oklahoma City Thunder,3,9,20,Missed Shot,Fadeaway Jump Shot,2PT Field Goal,Mid-Range,Left Side(L),8-16 ft.,11,-112,8,1,0,20251225,OKC,SAS
Shot Chart Detail,0022500010,421,1628983,Shai Gilgeous-Alexander,1610612760,Oklahoma City Thunder,3,6,21,Missed Shot,Step Back Jump shot,3PT Field Goal,Above the Break 3,Left Side Center(LC),24+ ft.,25,-201,162,1,0,20251225,OKC,SAS
Shot Chart Detail,0022500010,450,1628983,Shai Gilgeous-Alexander,1610612760,Oklahoma City Thunder,3,5,5,Missed Shot,Pullup Jump shot,2PT Field Goal,In The Paint (Non-RA),Center(C),8-16 ft.,11,12,110,1,0,20251225,OKC,SAS
Shot Chart Detail,0022500010,464,1628983,Shai Gilgeous-Alexander,1610612760,Oklahoma City Thunder,3,3,45,Missed Shot,Pullup Jump shot,3PT Field Goal,Above the Break 3,Right Side Center(RC),24+ ft.,26,190,178,1,0,20251225,OKC,SAS
Shot Chart Detail,0022500010,472,1628983,Shai Gilgeous-Alexander,1610612760,Oklahoma City Thunder,3,3,19,Missed Shot,Pullup Jump shot,2PT Field Goal,Mid-Range,Left Side(L),8-16 ft.,8,-83,12,1,0,20251225,OKC,SAS
Shot Chart Detail,0022500010,493,1628983,Shai Gilgeous-Alexander,1610612760,Oklahoma City Thunder,3,1,43,Made Shot,Driving Floating Jump Shot,2PT Field Goal,In The Paint (Non-RA),Center(C),Less Than 8 ft.,5,9,52,1,1,20251225,OKC,SAS
Shot Chart Detail,0022500010,499,1628983,Shai Gilgeous-Alexander,1610612760,Oklahoma City Thunder,3,1,16,Missed Shot,Pullup Jump shot,3PT Field Goal,Above the Break 3,Left Side Center(LC),24+ ft.,25,-214,141,1,0,20251225,OKC,SAS
Shot Chart Detail,0022500010,586,1628983,Shai Gilgeous-Alexander,1610612760,Oklahoma City Thunder,4,7,0,Missed Shot,Step Back Jump shot,3PT Field Goal,Above the Break 3,Center(C),24+ ft.,25,29,253,1,0,20251225,OKC,SAS
Shot Chart Detail,0022500010,618,1628983,Shai Gilgeous-Alexander,1610612760,Oklahoma City Thunder,4,4,50,Made Shot,Driving Floating Bank Jump Shot,2PT Field Goal,In The Paint (Non-RA),Center(C),Less Than 8 ft.,4,6,41,1,1,20251225,OKC,SAS
Shot Chart Detail,0022500010,640,1628983,Shai Gilgeous-Alexander,1610612760,Oklahoma City Thunder,4,2,45,Missed Shot,Pullup Jump shot,3PT Field Goal,Above the Break 3,Center(C),24+ ft.,27,-56,267,1,0,20251225,OKC,SAS
Shot Chart Detail,0022500015,20,1628983,Shai Gilgeous-Alexander,1610612760,Oklahoma City Thunder,1,10,5,Made Shot,Cutting Layup Shot,2PT Field Goal,Restricted Area,Center(C),Less Than 8 ft.,1,-9,11,1,1,20260119,CLE,OKC
Shot Chart Detail,0022500015,38,1628983,Shai Gilgeous-Alexander,1610612760,Oklahoma City Thunder,1,8,43,Made Shot,Turnaround Fadeaway shot,2PT Field Goal,Mid-Range,Right Side(R),8-16 ft.,13,136,-2,1,1,20260119,CLE,OKC
Shot Chart Detail,0022500015,41,1628983,Shai Gilgeous-Alexander,1610612760,Oklahoma City Thunder,1,8,14,Made Shot,Driving Finger Roll Layup Shot,2PT Field Goal,Restricted Area,Center(C),Less Than 8 ft.,2,10,25,1,1,20260119,CLE,OKC
Shot Chart Detail,0022500015,54,1628983,Shai Gilgeous-Alexander,1610612760,Oklahoma City Thunder,1,6,33,Made Shot,Cutting Layup Shot,2PT Field Goal,Restricted Area,Center(C),Less Than 8 ft.,1,2,11,1,1,20260119,CLE,OKC
Shot Chart Detail,0022500015,125,1628983,Shai Gilgeous-Alexander,1610612760,Oklahoma City Thunder,1,3,31,Made Shot,Driving Layup Shot,2PT Field Goal,Restricted Area,Center(C),Less Than 8 ft.,2,20,15,1,1,20260119,CLE,OKC
Shot Chart Detail,0022500015,149,1628983,Shai Gilgeous-Alexander,1610612760,Oklahoma City Thunder,1,1,31,Missed Shot,Running Pull-Up Jump Shot,2PT Field Goal,Mid-Range,Left Side(L),8-16 ft.,14,-140,35,1,0,20260119,CLE,OKC
Shot Chart Detail,0022500015,308,1628983,Shai Gilgeous-Alexander,1610612760,Oklahoma City Thunder,2,5,1,Missed Shot,Pullup Jump shot,3PT Field Goal,Above the Break 3,Left Side Center(LC),24+ ft.,25,-173,187,1,0,20260119,CLE,OKC
Shot Chart Detail,0022500015,359,1628983,Shai Gilgeous-Alexander,1610612760,Oklahoma City Thunder,2,1,40,Missed Shot,Pullup Jump shot,3PT Field Goal,Above the Break 3,Right Side Center(RC),24+ ft.,26,189,188,1,0,20260119,CLE,OKC
Shot Chart Detail,0022500015,367,1628983,Shai Gilgeous-Alexander,1610612760,Oklahoma City Thunder,2,1,9,Made Shot,Pullup Jump shot,2PT Field Goal,Mid-Range,Right Side(R),8-16 ft.,11,115,-7,1,1,20260119,CLE,OKC
Shot Chart Detail,0022500015,371,1628983,Shai Gilgeous-Alexander,1610612760,Oklahoma City Thunder,2,0,54,Made Shot,Running Layup Shot,2PT Field Goal,Restricted Area,Center(C),Less Than 8 ft.,0,-5,8,1,1,20260119,CLE,OKC
Shot Chart Detail,0022500015,374,1628983,Shai Gilgeous-Alexander,1610612760,Oklahoma City Thunder,2,0,34,Missed Shot,Pullup Jump shot,3PT Field Goal,Above the Break 3,Right Side Center(RC),24+ ft.,31,120,295,1,0,20260119,CLE,OKC
Shot Chart Detail,0022500015,413,1628983,Shai Gilgeous-Alexander,1610612760,Oklahoma City Thunder,3,10,34,Missed Shot,Step Back Jump shot,2PT Field Goal,Mid-Range,Center(C),16-24 ft.,17,5,176,1,0,20260119,CLE,OKC
Shot Chart Detail,0022500015,423,1628983,Shai Gilgeous-Alexander,1610612760,Oklahoma City Thunder,3,9,50,Made Shot,Pullup Jump shot,2PT Field Goal,Mid-Range,Left Side(L),8-16 ft.,13,-82,111,1,1,20260119,CLE,OKC
Shot Chart Detail,0022500015,457,1628983,Shai Gilgeous-Alexander,1610612760,Oklahoma City Thunder,3,7,14,Missed Shot,Driving Reverse Layup Shot,2PT Field Goal,Restricted Area,Center(C),Less Than 8 ft.,0,-1,8,1,0,20260119,CLE,OKC
Shot Chart Detail,0022500015,478,1628983,Shai Gilgeous-Alexander,1610612760,Oklahoma City Thunder,3,6,23,Missed Shot,Driving Floating Jump Shot,2PT Field Goal,In The Paint (Non-RA),Center(C),Less Than 8 ft.,7,-33,67,1,0,20260119,CLE,OKC
Shot Chart Detail,0022500015,502,1628983,Shai Gilgeous-Alexander,1610612760,Oklahoma City Thunder,3,4,51,Missed Shot,Turnaround Jump Shot,2PT Field Goal,In The Paint (Non-RA),Center(C),8-16 ft.,12,-60,105,1,0,20260119,CLE,OKC
Shot Chart Detail,0022500015,520,1628983,Shai Gilgeous-Alexander,1610612760,Oklahoma City Thunder,3,3,28,Made Shot,Pullup Jump shot,3PT Field Goal,Above the Break 3,Right Side Center(RC),24+ ft.,25,223,120,1,1,20260119,CLE,OKC
Shot Chart Detail,0022500015,545,1628983,Shai Gilgeous-Alexander,1610612760,Oklahoma City Thunder,3,2,0,Made Shot,Driving Layup Shot,2PT Field Goal,Restricted Area,Center(C),Less Than 8 ft.,0,2,0,1,1,20260119,CLE,OKC
Shot Chart Detail,0022500015,671,1628983,Shai Gilgeous-Alexander,1610612760,Oklahoma City Thunder,4,6,29,Made Shot,Step Back Jump shot,2PT Field Goal,Mid-Range,Left Side Center(LC),16-24 ft.,21,-108,188,1,1,20260119,CLE,OKC
Shot Chart Detail,0022500015,685,1628983,Shai Gilgeous-Alexander,1610612760,Oklahoma City Thunder,4,5,47,Made Shot,Pullup Jump shot,2PT Field Goal,Mid-Range,Left Side(L),8-16 ft.,15,-114,106,1,1,20260119,CLE,OKC
Shot Chart Detail,0022500038,27,1628983,Shai Gilgeous-Alexander,1610612760,Oklahoma City Thunder,1,10,15,Made Shot,Driving Dunk Shot,2PT Field Goal,Restricted Area,Center(C),Less Than 8 ft.,1,-6,19,1,1,20251107,SAC,OKC
Shot Chart Detail,0022500038,41,1628983,Shai Gilgeous-Alexander,1610612760,Oklahoma City Thunder,1,9,0,Made Shot,Pullup Jump shot,2PT Field Goal,In The Paint (Non-RA),Center(C),8-16 ft.,14,-47,138,1,1,20251107,SAC,OKC
Shot Chart Detail,0022500038,63,1628983,Shai Gilgeous-Alexander,1610612760,Oklahoma City Thunder,1,7,9,Missed Shot,Jump Shot,3PT Field Goal,Left Corner 3,Left Side(L),24+ ft.,22,-228,-10,1,0,20251107,SAC,OKC
Shot Chart Detail,0022500038,70,1628983,Shai Gilgeous-Alexander,1610612760,Oklahoma City Thunder,1,6,50,Made Shot,Running Layup Shot,2PT Field Goal,In The Paint (Non-RA),Center(C),Less Than 8 ft.,5,58,-5,1,1,20251107,SAC,OKC
Shot Chart Detail,0022500038,77,1628983,Shai Gilgeous-Alexander,1610612760,Oklahoma City Thunder,1,5,46,Missed Shot,Jump Shot,2PT Field Goal,Mid-Range,Left Side(L),16-24 ft.,16,-164,24,1,0,20251107,SAC,OKC
Shot Chart Detail,0022500038,99,1628983,Shai Gilgeous-Alexander,1610612760,Oklahoma City Thunder,1,5,8,Missed Shot,Jump Shot,3PT Field Goal,Above the Break 3,Left Side Center(LC),24+ ft.,27,-142,231,1,0,20251107,SAC,OKC
Shot Chart Detail,0022500038,118,1628983,Shai Gilgeous-Alexander,1610612760,Oklahoma City Thunder,1,3,19,Missed Shot,Jump Shot,2PT Field Goal,Mid-Range,Left Side(L),8-16 ft.,12,-116,38,1,0,20251107,SAC,OKC
Shot Chart Detail,0022500038,124,1628983,Shai Gilgeous-Alexander,1610612760,Oklahoma City Thunder,1,3,2,Missed Shot,Running Layup Shot,2PT Field Goal,Restricted Area,Center(C),Less Than 8 ft.,1,-17,1,1,0,20251107,SAC,OKC
Shot Chart Detail,0022500038,270,1628983,Shai Gilgeous-Alexander,1610612760,Oklahoma City Thunder,2,5,13,Made Shot,Fadeaway Jump Shot,2PT Field Goal,In The Paint (Non-RA),Center(C),8-16 ft.,9,42,80,1,1,20251107,SAC,OKC
Shot Chart Detail,0022500038,309,1628983,Shai Gilgeous-Alexander,1610612760,Oklahoma City Thunder,2,2,26,Made Shot,Jump Shot,3PT Field Goal,Above the Break 3,Center(C),24+ ft.,26,51,257,1,1,20251107,SAC,OKC
Shot Chart Detail,0022500038,314,1628983,Shai Gilgeous-Alexander,1610612760,Oklahoma City Thunder,2,2,6,Missed Shot,Jump Shot,3PT Field Goal,Above the Break 3,Center(C),24+ ft.,25,39,255,1,0,20251107,SAC,OKC
Shot Chart Detail,0022500038,318,1628983,Shai Gilgeous-Alexander,1610612760,Oklahoma City Thunder,2,1,47,Made Shot,Pullup Jump shot,2PT Field Goal,Mid-Range,Right Side(R),8-16 ft.,9,96,-11,1,1,20251107,SAC,OKC
Shot Chart Detail,0022500038,333,1628983,Shai Gilgeous-Alexander,1610612760,Oklahoma City Thunder,2,0,53,Missed Shot,Jump Shot,3PT Field Goal,Above the Break 3,Right Side Center(RC),24+ ft.,25,180,184,1,0,20251107,SAC,OKC
Shot Chart Detail,0022500038,347,1628983,Shai Gilgeous-Alexander,1610612760,Oklahoma City Thunder,2,0,1,Missed Shot,Running Layup Shot,2PT Field Goal,Restricted Area,Center(C),Less Than 8 ft.,1,-15,5,1,0,20251107,SAC,OKC
Shot Chart Detail,0022500038,371,1628983,Shai Gilgeous-Alexander,1610612760,Oklahoma City Thunder,3,10,21,Made Shot,Jump Shot,3PT Field Goal,Above the Break 3,Left Side Center(LC),24+ ft.,26,-109,247,1,1,20251107,SAC,OKC
Shot Chart Detail,0022500038,397,1628983,Shai Gilgeous-Alexander,1610612760,Oklahoma City Thunder,3,8,42,Made Shot,Jump Bank Shot,2PT Field Goal,In The Paint (Non-RA),Center(C),8-16 ft.,10,29,102,1,1,20251107,SAC,OKC
Shot Chart Detail,0022500038,409,1628983,Shai Gilgeous-Alexander,1610612760,Oklahoma City Thunder,3,7,18,Made Shot,Pullup Jump shot,2PT Field Goal,Mid-Range,Left Side Center(LC),16-24 ft.,19,-82,180,1,1,20251107,SAC,OKC
Shot Chart Detail,0022500038,427,1628983,Shai Gilgeous-Alexander,1610612760,Oklahoma City Thunder,3,6,6,Made Shot,Driving Layup Shot,2PT Field Goal,Restricted Area,Center(C),Less Than 8 ft.,3,-29,27,1,1,20251107,SAC,OKC
Shot Chart Detail,0022500038,479,1628983,Shai Gilgeous-Alexander,1610612760,Oklahoma City Thunder,3,2,15,Made Shot,Pullup Jump shot,2PT Field Goal,Mid-Range,Right Side Center(RC),16-24 ft.,17,97,141,1,1,20251107,SAC,OKC
Shot Chart Detail,0022500038,490,1628983,Shai Gilgeous-Alexander,1610612760,Oklahoma City Thunder,3,1,24,Made Shot,Pullup Jump shot,2PT Field Goal,In The Paint (Non-RA),Center(C),8-16 ft.,12,-45,118,1,1,20251107,SAC,OKC
Shot Chart Detail,0022500055,12,1628983,Shai Gilgeous-Alexander,1610612760,Oklahoma City Thunder,1,10,58,Missed Shot,Driving Finger Roll Layup Shot,2PT Field Goal,In The Paint (Non-RA),Center(C),Less Than 8 ft.,5,44,36,1,0,20251121,UTA,OKC
Shot Chart Detail,0022500055,124,1628983,Shai Gilgeous-Alexander,1610612760,Oklahoma City Thunder,1,3,12,Missed Shot,Driving Layup Shot,2PT Field Goal,Restricted Area,Center(C),Less Than 8 ft.,2,1,24,1,0,20251121,UTA,OKC
Shot Chart Detail,0022500055,134,1628983,Shai Gilgeous-Alexander,1610612760,Oklahoma City Thunder,1,2,4,Made Shot,Driving Floating Bank Jump Shot,2PT Field Goal,In The Paint (Non-RA),Center(C),Less Than 8 ft.,5,-44,35,1,1,20251121,UTA,OKC
Shot Chart Detail,0022500055,153,1628983,Shai Gilgeous-Alexander,1610612760,Oklahoma City Thunder,1,0,48,Missed Shot,Driving Layup Shot,2PT Field Goal,Restricted Area,Center(C),Less Than 8 ft.,2,22,8,1,0,20251121,UTA,OKC
Shot Chart Detail,0022500055,276,1628983,Shai Gilgeous-Alexander,1610612760,Oklahoma City Thunder,2,5,57,Made Shot,Cutting Dunk Shot,2PT Field Goal,Restricted Area,Center(C),Less Than 8 ft.,3,34,13,1,1,20251121,UTA,OKC
Shot Chart Detail,0022500055,288,1628983,Shai Gilgeous-Alexander,1610612760,Oklahoma City Thunder,2,4,54,Made Shot,Pullup Jump shot,2PT Field Goal,In The Paint (Non-RA),Center(C),8-16 ft.,11,-45,109,1,1,20251121,UTA,OKC
Shot Chart Detail,0022500055,306,1628983,Shai Gilgeous-Alexander,1610612760,Oklahoma City Thunder,2,2,57,Made Shot,Driving Layup Shot,2PT Field Goal,In The Paint (Non-RA),Center(C),Less Than 8 ft.,4,-38,31,1,1,20251121,UTA,OKC
Shot Chart Detail,0022500055,312,1628983,Shai Gilgeous-Alexander,1610612760,Oklahoma City Thunder,2,2,30,Made Shot,Pullup Jump shot,3PT Field Goal,Above the Break 3,Left Side Center(LC),24+ ft.,25,-91,239,1,1,20251121,UTA,OKC
Shot Chart Detail,0022500055,409,1628983,Shai Gilgeous-Alexander,1610612760,Oklahoma City Thunder,3,7,34,Missed Shot,Step Back Jump shot,2PT Field Goal,Mid-Range,Left Side(L),8-16 ft.,11,-115,28,1,0,20251121,UTA,OKC
Shot Chart Detail,0022500055,421,1628983,Shai Gilgeous-Alexander,1610612760,Oklahoma City Thunder,3,6,35,Made Shot,Step Back Jump shot,2PT Field Goal,In The Paint (Non-RA),Center(C),8-16 ft.,14,-59,134,1,1,20251121,UTA,OKC
Shot Chart Detail,0022500055,433,1628983,Shai Gilgeous-Alexander,1610612760,Oklahoma City Thunder,3,5,9,Made Shot,Running Finger Roll Layup Shot,2PT Field Goal,In The Paint (Non-RA),Center(C),Less Than 8 ft.,4,34,23,1,1,20251121,UTA,OKC
Shot Chart Detail,0022500055,465,1628983,Shai Gilgeous-Alexander,1610612760,Oklahoma City Thunder,3,3,48,Made Shot,Step Back Jump shot,3PT Field Goal,Above the Break 3,Left Side Center(LC),24+ ft.,25,-224,113,1,1,20251121,UTA,OKC
Shot Chart Detail,0022500055,495,1628983,Shai Gilgeous-Alexander,1610612760,Oklahoma City Thunder,3,1,4,Made Shot,Step Back Jump shot,3PT Field Goal,Above the Break 3,Left Side Center(LC),24+ ft.,25,-81,244,1,1,20251121,UTA,OKC
Shot Chart Detail,0022500055,503,1628983,Shai Gilgeous-Alexander,1610612760,Oklahoma City Thunder,3,0,18,Missed Shot,Layup Shot,2PT Field Goal,Restricted Area,Center(C),Less Than 8 ft.,3,21,26,1,0,20251121,UTA,OKC
Shot Chart Detail,0022500064,24,1628983,Shai Gilgeous-Alexander,1610612760,Oklahoma City Thunder,1,9,50,Made Shot,Step Back Jump shot,2PT Field Goal,Mid-Range,Left Side(L),8-16 ft.,15,-151,0,1,1,20251126,OKC,MIN
Shot Chart Detail,0022500064,76,1628983,Shai Gilgeous-Alexander,1610612760,Oklahoma City Thunder,1,5,8,Made Shot,Driving Layup Shot,2PT Field Goal,Restricted Area,Center(C),Less Than 8 ft.,1,-7,10,1,1,20251126,OKC,MIN
Shot Chart Detail,0022500064,124,1628983,Shai Gilgeous-Alexander,1610612760,Oklahoma City Thunder,1,1,59,Made Shot,Pullup Jump shot,2PT Field Goal,In The Paint (Non-RA),Right Side(R),8-16 ft.,13,70,117,1,1,20251126,OKC,MIN
Shot Chart Detail,0022500064,145,1628983,Shai Gilgeous-Alexander,1610612760,Oklahoma City Thunder,1,0,5,Missed Shot,Driving Floating Bank Jump Shot,2PT Field Goal,Restricted Area,Center(C),Less Than 8 ft.,3,-2,34,1,0,20251126,OKC,MIN
Shot Chart Detail,0022500064,357,1628983,Shai Gilgeous-Alexander,1610612760,Oklahoma City Thunder,2,6,23,Missed Shot,Step Back Jump shot,3PT Field Goal,Left Corner 3,Left Side(L),24+ ft.,22,-227,36,1,0,20251126,OKC,MIN
Shot Chart Detail,0022500064,250,1628983,Shai Gilgeous-Alexander,1610612760,Oklahoma City Thunder,2,6,14,Missed Shot,Step Back Jump shot,2PT Field Goal,Mid-Range,Left Side(L),8-16 ft.,13,-91,105,1,0,20251126,OKC,MIN
Shot Chart Detail,0022500064,262,1628983,Shai Gilgeous-Alexander,1610612760,Oklahoma City Thunder,2,5,28,Missed Shot,Driving Layup Shot,2PT Field Goal,Restricted Area,Center(C),Less Than 8 ft.,2,7,20,1,0,20251126,OKC,MIN
Shot Chart Detail,0022500064,278,1628983,Shai Gilgeous-Alexander,1610612760,Oklahoma City Thunder,2,4,31,Missed Shot,Driving Layup Shot,2PT Field Goal,Restricted Area,Center(C),Less Than 8 ft.,3,-34,20,1,0,20251126,OKC,MIN
Shot Chart Detail,0022500064,299,1628983,Shai Gilgeous-Alexander,1610612760,Oklahoma City Thunder,2,3,37,Made Shot,Step Back Jump shot,2PT Field Goal,Mid-Range,Left Side Center(LC),16-24 ft.,17,-135,113,1,1,20251126,OKC,MIN
Shot Chart Detail,0022500064,305,1628983,Shai Gilgeous-Alexander,1610612760,Oklahoma City Thunder,2,2,58,Made Shot,Driving Layup Shot,2PT Field Goal,Restricted Area,Center(C),Less Than 8 ft.,2,-25,5,1,1,20251126,OKC,MIN
Shot Chart Detail,0022500064,312,1628983,Shai Gilgeous-Alexander,1610612760,Oklahoma City Thunder,2,2,3,Made Shot,Pullup Jump shot,2PT Field Goal,In The Paint (Non-RA),Center(C),8-16 ft.,10,-23,102,1,1,20251126,OKC,MIN
Shot Chart Detail,0022500064,325,1628983,Shai Gilgeous-Alexander,1610612760,Oklahoma City Thunder,2,1,8,Made Shot,Step Back Jump shot,3PT Field Goal,Above the Break 3,Left Side Center(LC),24+ ft.,25,-208,149,1,1,20251126,OKC,MIN
Shot Chart Detail,0022500064,377,1628983,Shai Gilgeous-Alexander,1610612760,Oklahoma City Thunder,3,10,58,Made Shot,Turnaround Fadeaway shot,2PT Field Goal,Mid-Range,Center(C),16-24 ft.,21,-1,214,1,1,20251126,OKC,MIN
Shot Chart Detail,0022500064,409,1628983,Shai Gilgeous-Alexander,1610612760,Oklahoma City Thunder,3,8,37,Missed Shot,Driving Finger Roll Layup Shot,2PT Field Goal,Restricted Area,Center(C),Less Than 8 ft.,3,-32,-1,1,0,20251126,OKC,MIN
Shot Chart Detail,0022500064,435,1628983,Shai Gilgeous-Alexander,1610612760,Oklahoma City Thunder,3,6,19,Made Shot,Driving Floating Bank Jump Shot,2PT Field Goal,Restricted Area,Center(C),Less Than 8 ft.,3,18,24,1,1,20251126,OKC,MIN
Shot Chart Detail,0022500064,473,1628983,Shai Gilgeous-Alexander,1610612760,Oklahoma City Thunder,3,4,14,Made Shot,Step Back Jump shot,2PT Field Goal,In The Paint (Non-RA),Left Side(L),8-16 ft.,14,-80,122,1,1,20251126,OKC,MIN
Shot Chart Detail,0022500064,564,1628983,Shai Gilgeous-Alexander,1610612760,Oklahoma City Thunder,3,1,41,Missed Shot,Driving Layup Shot,2PT Field Goal,Restricted Area,Center(C),Less Than 8 ft.,3,-27,22,1,0,20251126,OKC,MIN
Shot Chart Detail,0022500064,536,1628983,Shai Gilgeous-Alexander,1610612760,Oklahoma City Thunder,3,0,31,Made Shot,Step Back Jump shot,2PT Field Goal,Mid-Range,Center(C),16-24 ft.,18,7,188,1,1,20251126,OKC,MIN
Shot Chart Detail,0022500064,682,1628983,Shai Gilgeous-Alexander,1610612760,Oklahoma City Thunder,4,2,55,Made Shot,Running Layup Shot,2PT Field Goal,Restricted Area,Center(C),Less Than 8 ft.,0,-5,-5,1,1,20251126,OKC,MIN
Shot Chart Detail,0022500075,25,1628983,Shai Gilgeous-Alexander,1610612760,Oklahoma City Thunder,1,10,0,Missed Shot,Driving Layup Shot,2PT Field Goal,Restricted Area,Center(C),Less Than 8 ft.,3,31,11,1,0,20251128,OKC,PHX
Shot Chart Detail,0022500075,73,1628983,Shai Gilgeous-Alexander,1610612760,Oklahoma City Thunder,1,6,29,Missed Shot,Fadeaway Jump Shot,2PT Field Goal,Mid-Range,Right Side(R),8-16 ft.,12,129,5,1,0,20251128,OKC,PHX
Shot Chart Detail,0022500075,92,1628983,Shai Gilgeous-Alexander,1610612760,Oklahoma City Thunder,1,4,55,Missed Shot,Fadeaway Jump Shot,2PT Field Goal,Mid-Range,Right Side(R),8-16 ft.,13,130,11,1,0,20251128,OKC,PHX
Shot Chart Detail,0022500075,122,1628983,Shai Gilgeous-Alexander,1610612760,Oklahoma City Thunder,1,3,45,Made Shot,Driving Finger Roll Layup Shot,2PT Field Goal,Restricted Area,Center(C),Less Than 8 ft.,2,-2,22,1,1,20251128,OKC,PHX
Shot Chart Detail,0022500075,153,1628983,Shai Gilgeous-Alexander,1610612760,Oklahoma City Thunder,1,0,30,Missed Shot,Running Layup Shot,2PT Field Goal,Restricted Area,Center(C),Less Than 8 ft.,1,-13,-15,1,0,20251128,OKC,PHX
Shot Chart Detail,0022500075,157,1628983,Shai Gilgeous-Alexander,1610612760,Oklahoma City Thunder,1,0,1,Missed Shot,Driving Layup Shot,2PT Field Goal,Restricted Area,Center(C),Less Than 8 ft.,0,-7,-2,1,0,20251128,OKC,PHX
Shot Chart Detail,0022500075,297,1628983,Shai Gilgeous-Alexander,1610612760,Oklahoma City Thunder,2,4,0,Missed Shot,Turnaround Fadeaway shot,2PT Field Goal,Mid-Range,Left Side(L),8-16 ft.,14,-100,109,1,0,20251128,OKC,PHX
Shot Chart Detail,0022500075,307,1628983,Shai Gilgeous-Alexander,1610612760,Oklahoma City Thunder,2,3,28,Made Shot,Driving Reverse Layup Shot,2PT Field Goal,Restricted Area,Center(C),Less Than 8 ft.,1,-11,0,1,1,20251128,OKC,PHX
Shot Chart Detail,0022500075,314,1628983,Shai Gilgeous-Alexander,1610612760,Oklahoma City Thunder,2,2,26,Missed Shot,Pullup Jump shot,3PT Field Goal,Above the Break 3,Right Side Center(RC),24+ ft.,25,132,215,1,0,20251128,OKC,PHX
Shot Chart Detail,0022500075,317,1628983,Shai Gilgeous-Alexander,1610612760,Oklahoma City Thunder,2,1,53,Made Shot,Driving Layup Shot,2PT Field Goal,Restricted Area,Center(C),Less Than 8 ft.,1,11,3,1,1,20251128,OKC,PHX
Shot Chart Detail,0022500075,344,1628983,Shai Gilgeous-Alexander,1610612760,Oklahoma City Thunder,2,1,9,Made Shot,Driving Floating Bank Jump Shot,2PT Field Goal,In The Paint (Non-RA),Right Side(R),8-16 ft.,10,71,74,1,1,20251128,OKC,PHX
Shot Chart Detail,0022500075,390,1628983,Shai Gilgeous-Alexander,1610612760,Oklahoma City Thunder,3,9,5,Missed Shot,Step Back Jump shot,2PT Field Goal,Mid-Range,Center(C),16-24 ft.,19,-11,194,1,0,20251128,OKC,PHX
Shot Chart Detail,0022500075,401,1628983,Shai Gilgeous-Alexander,1610612760,Oklahoma City Thunder,3,8,22,Missed Shot,Step Back Jump shot,3PT Field Goal,Above the Break 3,Right Side Center(RC),24+ ft.,26,157,211,1,0,20251128,OKC,PHX
Shot Chart Detail,0022500075,405,1628983,Shai Gilgeous-Alexander,1610612760,Oklahoma City Thunder,3,7,52,Made Shot,Pullup Jump shot,2PT Field Goal,Mid-Range,Left Side Center(LC),16-24 ft.,18,-129,128,1,1,20251128,OKC,PHX
Shot Chart Detail,0022500075,503,1628983,Shai Gilgeous-Alexander,1610612760,Oklahoma City Thunder,3,1,14,Made Shot,Step Back Jump shot,3PT Field Goal,Above the Break 3,Center(C),24+ ft.,26,39,263,1,1,20251128,OKC,PHX
Shot Chart Detail,0022500075,617,1628983,Shai Gilgeous-Alexander,1610612760,Oklahoma City Thunder,4,6,17,Made Shot,Driving Layup Shot,2PT Field Goal,Restricted Area,Center(C),Less Than 8 ft.,2,-1,22,1,1,20251128,OKC,PHX
Shot Chart Detail,0022500075,628,1628983,Shai Gilgeous-Alexander,1610612760,Oklahoma City Thunder,4,5,15,Made Shot,Step Back Jump shot,3PT Field Goal,Above the Break 3,Center(C),24+ ft.,26,-15,265,1,1,20251128,OKC,PHX
Shot Chart Detail,0022500075,659,1628983,Shai Gilgeous-Alexander,1610612760,Oklahoma City Thunder,4,2,40,Made Shot,Pullup Jump shot,2PT Field Goal,In The Paint (Non-RA),Right Side(R),8-16 ft.,11,59,100,1,1,20251128,OKC,PHX
Shot Chart Detail,0022500075,671,1628983,Shai Gilgeous-Alexander,1610612760,Oklahoma City Thunder,4,1,38,Made Shot,Pullup Jump shot,3PT Field Goal,Above the Break 3,Center(C),24+ ft.,25,-11,257,1,1,20251128,OKC,PHX
Shot Chart Detail,0022500075,682,1628983,Shai Gilgeous-Alexander,1610612760,Oklahoma City Thunder,4,1,6,Missed Shot,Running Reverse Layup Shot,2PT Field Goal,Restricted Area,Center(C),Less Than 8 ft.,1,-13,10,1,0,20251128,OKC,PHX
Shot Chart Detail,0022500101,20,1628983,Shai Gilgeous-Alexander,1610612760,Oklahoma City Thunder,1,10,27,Made Shot,Step Back Jump shot,2PT Field Goal,Mid-Range,Right Side(R),8-16 ft.,11,110,4,1,1,20251025,ATL,OKC
Shot Chart Detail,0022500101,26,1628983,Shai Gilgeous-Alexander,1610612760,Oklahoma City Thunder,1,9,23,Missed Shot,Jump Shot,3PT Field Goal,Above the Break 3,Right Side Center(RC),24+ ft.,25,104,236,1,0,20251025,ATL,OKC
Shot Chart Detail,0022500101,57,1628983,Shai Gilgeous-Alexander,1610612760,Oklahoma City Thunder,1,6,43,Made Shot,Step Back Jump shot,2PT Field Goal,Mid-Range,Right Side(R),8-16 ft.,13,104,86,1,1,20251025,ATL,OKC
Shot Chart Detail,0022500101,150,1628983,Shai Gilgeous-Alexander,1610612760,Oklahoma City Thunder,1,0,41,Missed Shot,Step Back Jump shot,3PT Field Goal,Left Corner 3,Left Side(L),24+ ft.,23,-232,6,1,0,20251025,ATL,OKC
Shot Chart Detail,0022500101,190,1628983,Shai Gilgeous-Alexander,1610612760,Oklahoma City Thunder,2,10,18,Made Shot,Driving Reverse Layup Shot,2PT Field Goal,Restricted Area,Center(C),Less Than 8 ft.,1,4,10,1,1,20251025,ATL,OKC
Shot Chart Detail,0022500101,201,1628983,Shai Gilgeous-Alexander,1610612760,Oklahoma City Thunder,2,9,19,Missed Shot,Step Back Jump shot,3PT Field Goal,Above the Break 3,Center(C),24+ ft.,26,-65,262,1,0,20251025,ATL,OKC
Shot Chart Detail,0022500101,205,1628983,Shai Gilgeous-Alexander,1610612760,Oklahoma City Thunder,2,8,46,Made Shot,Step Back Jump shot,2PT Field Goal,Mid-Range,Left Side(L),8-16 ft.,10,-100,31,1,1,20251025,ATL,OKC
Shot Chart Detail,0022500101,219,1628983,Shai Gilgeous-Alexander,1610612760,Oklahoma City Thunder,2,7,39,Missed Shot,Pullup Jump shot,3PT Field Goal,Above the Break 3,Center(C),24+ ft.,25,-50,248,1,0,20251025,ATL,OKC
Shot Chart Detail,0022500101,236,1628983,Shai Gilgeous-Alexander,1610612760,Oklahoma City Thunder,2,6,38,Made Shot,Pullup Jump shot,2PT Field Goal,Mid-Range,Right Side Center(RC),16-24 ft.,16,92,139,1,1,20251025,ATL,OKC
Shot Chart Detail,0022500101,329,1628983,Shai Gilgeous-Alexander,1610612760,Oklahoma City Thunder,2,0,19,Made Shot,Driving Layup Shot,2PT Field Goal,Restricted Area,Center(C),Less Than 8 ft.,1,-16,8,1,1,20251025,ATL,OKC
Shot Chart Detail,0022500101,344,1628983,Shai Gilgeous-Alexander,1610612760,Oklahoma City Thunder,3,11,28,Made Shot,Pullup Jump shot,2PT Field Goal,In The Paint (Non-RA),Left Side(L),8-16 ft.,13,-76,113,1,1,20251025,ATL,OKC
Shot Chart Detail,0022500101,351,1628983,Shai Gilgeous-Alexander,1610612760,Oklahoma City Thunder,3,10,43,Made Shot,Pullup Jump shot,2PT Field Goal,In The Paint (Non-RA),Center(C),8-16 ft.,12,-28,120,1,1,20251025,ATL,OKC
Shot Chart Detail,0022500101,381,1628983,Shai Gilgeous-Alexander,1610612760,Oklahoma City Thunder,3,8,27,Missed Shot,Pullup Jump shot,2PT Field Goal,Mid-Range,Right Side(R),8-16 ft.,11,99,56,1,0,20251025,ATL,OKC
Shot Chart Detail,0022500101,407,1628983,Shai Gilgeous-Alexander,1610612760,Oklahoma City Thunder,3,6,59,Made Shot,Step Back Jump shot,3PT Field Goal,Above the Break 3,Left Side Center(LC),24+ ft.,25,-125,224,1,1,20251025,ATL,OKC
Shot Chart Detail,0022500101,414,1628983,Shai Gilgeous-Alexander,1610612760,Oklahoma City Thunder,3,6,12,Made Shot,Jump Shot,2PT Field Goal,In The Paint (Non-RA),Center(C),8-16 ft.,12,53,114,1,1,20251025,ATL,OKC
Shot Chart Detail,0022500101,446,1628983,Shai Gilgeous-Alexander,1610612760,Oklahoma City Thunder,3,4,10,Made Shot,Driving Layup Shot,2PT Field Goal,Restricted Area,Center(C),Less Than 8 ft.,1,4,16,1,1,20251025,ATL,OKC
Shot Chart Detail,0022500101,487,1628983,Shai Gilgeous-Alexander,1610612760,Oklahoma City Thunder,3,1,10,Made Shot,Jump Shot,3PT Field Goal,Above the Break 3,Left Side Center(LC),24+ ft.,25,-91,240,1,1,20251025,ATL,OKC
Shot Chart Detail,0022500119,11,1628983,Shai Gilgeous-Alexander,1610612760,Oklahoma City Thunder,1,11,13,Made Shot,Driving Floating Jump Shot,2PT Field Goal,In The Paint (Non-RA),Center(C),8-16 ft.,9,-38,90,1,1,20251027,DAL,OKC
Shot Chart Detail,0022500119,17,1628983,Shai Gilgeous-Alexander,1610612760,Oklahoma City Thunder,1,10,7,Missed Shot,Fadeaway Jump Shot,2PT Field Goal,Mid-Range,Right Side(R),8-16 ft.,11,118,17,1,0,20251027,DAL,OKC
Shot Chart Detail,0022500119,65,1628983,Shai Gilgeous-Alexander,1610612760,Oklahoma City Thunder,1,5,45,Made Shot,Pullup Jump shot,2PT Field Goal,In The Paint (Non-RA),Center(C),8-16 ft.,12,-33,117,1,1,20251027,DAL,OKC
Shot Chart Detail,0022500119,80,1628983,Shai Gilgeous-Alexander,1610612760,Oklahoma City Thunder,1,4,32,Missed Shot,Step Back Jump shot,2PT Field Goal,Mid-Range,Left Side(L),8-16 ft.,15,-152,12,1,0,20251027,DAL,OKC
Shot Chart Detail,0022500119,129,1628983,Shai Gilgeous-Alexander,1610612760,Oklahoma City Thunder,1,0,54,Made Shot,Running Layup Shot,2PT Field Goal,Restricted Area,Center(C),Less Than 8 ft.,0,-1,5,1,1,20251027,DAL,OKC
Shot Chart Detail,0022500119,140,1628983,Shai Gilgeous-Alexander,1610612760,Oklahoma City Thunder,1,0,29,Missed Shot,Pullup Jump shot,2PT Field Goal,Mid-Range,Center(C),8-16 ft.,13,10,139,1,0,20251027,DAL,OKC
Shot Chart Detail,0022500119,272,1628983,Shai Gilgeous-Alexander,1610612760,Oklahoma City Thunder,2,3,12,Made Shot,Step Back Jump shot,2PT Field Goal,In The Paint (Non-RA),Center(C),8-16 ft.,12,-14,129,1,1,20251027,DAL,OKC
Shot Chart Detail,0022500119,299,1628983,Shai Gilgeous-Alexander,1610612760,Oklahoma City Thunder,2,1,10,Missed Shot,Running Pull-Up Jump Shot,3PT Field Goal,Above the Break 3,Left Side Center(LC),24+ ft.,25,-169,193,1,0,20251027,DAL,OKC
Shot Chart Detail,0022500119,303,1628983,Shai Gilgeous-Alexander,1610612760,Oklahoma City Thunder,2,0,34,Missed Shot,Driving Floating Jump Shot,2PT Field Goal,In The Paint (Non-RA),Center(C),Less Than 8 ft.,4,48,0,1,0,20251027,DAL,OKC
Shot Chart Detail,0022500119,307,1628983,Shai Gilgeous-Alexander,1610612760,Oklahoma City Thunder,2,0,0,Missed Shot,Driving Floating Jump Shot,2PT Field Goal,Mid-Range,Right Side(R),8-16 ft.,13,134,-10,1,0,20251027,DAL,OKC
Shot Chart Detail,0022500119,329,1628983,Shai Gilgeous-Alexander,1610612760,Oklahoma City Thunder,3,10,58,Made Shot,Running Layup Shot,2PT Field Goal,Restricted Area,Center(C),Less Than 8 ft.,3,-37,5,1,1,20251027,DAL,OKC
Shot Chart Detail,0022500119,349,1628983,Shai Gilgeous-Alexander,1610612760,Oklahoma City Thunder,3,8,50,Made Shot,Running Finger Roll Layup Shot,2PT Field Goal,Restricted Area,Center(C),Less Than 8 ft.,2,25,4,1,1,20251027,DAL,OKC
Shot Chart Detail,0022500119,369,1628983,Shai Gilgeous-Alexander,1610612760,Oklahoma City Thunder,3,7,48,Made Shot,Pullup Jump shot,3PT Field Goal,Above the Break 3,Right Side Center(RC),24+ ft.,25,164,197,1,1,20251027,DAL,OKC
Shot Chart Detail,0022500119,389,1628983,Shai Gilgeous-Alexander,1610612760,Oklahoma City Thunder,3,5,48,Made Shot,Driving Floating Jump Shot,2PT Field Goal,In The Paint (Non-RA),Center(C),8-16 ft.,14,67,130,1,1,20251027,DAL,OKC
Shot Chart Detail,0022500119,456,1628983,Shai Gilgeous-Alexander,1610612760,Oklahoma City Thunder,3,2,8,Missed Shot,Driving Layup Shot,2PT Field Goal,In The Paint (Non-RA),Center(C),Less Than 8 ft.,4,31,27,1,0,20251027,DAL,OKC
Shot Chart Detail,0022500119,460,1628983,Shai Gilgeous-Alexander,1610612760,Oklahoma City Thunder,3,1,45,Made Shot,Layup Shot,2PT Field Goal,Restricted Area,Center(C),Less Than 8 ft.,0,6,-7,1,1,20251027,DAL,OKC
Shot Chart Detail,0022500119,473,1628983,Shai Gilgeous-Alexander,1610612760,Oklahoma City Thunder,3,0,36,Made Shot,Running Layup Shot,2PT Field Goal,In The Paint (Non-RA),Center(C),Less Than 8 ft.,4,43,8,1,1,20251027,DAL,OKC
Shot Chart Detail,0022500119,570,1628983,Shai Gilgeous-Alexander,1610612760,Oklahoma City Thunder,4,6,30,Missed Shot,Step Back Jump shot,3PT Field Goal,Above the Break 3,Left Side Center(LC),24+ ft.,24,-207,126,1,0,20251027,DAL,OKC
Shot Chart Detail,0022500119,578,1628983,Shai Gilgeous-Alexander,1610612760,Oklahoma City Thunder,4,6,2,Missed Shot,Driving Floating Jump Shot,2PT Field Goal,Mid-Range,Left Side(L),8-16 ft.,14,-141,6,1,0,20251027,DAL,OKC
Shot Chart Detail,0022500119,586,1628983,Shai Gilgeous-Alexander,1610612760,Oklahoma City Thunder,4,5,23,Missed Shot,Turnaround Jump Shot,2PT Field Goal,Mid-Range,Center(C),16-24 ft.,21,2,219,1,0,20251027,DAL,OKC
Shot Chart Detail,0022500119,614,1628983,Shai Gilgeous-Alexander,1610612760,Oklahoma City Thunder,4,2,17,Missed Shot,Driving Finger Roll Layup Shot,2PT Field Goal,Restricted Area,Center(C),Less Than 8 ft.,2,-16,21,1,0,20251027,DAL,OKC
Shot Chart Detail,0022500119,635,1628983,Shai Gilgeous-Alexander,1610612760,Oklahoma City Thunder,4,1,10,Missed Shot,Fadeaway Jump Shot,2PT Field Goal,In The Paint (Non-RA),Center(C),8-16 ft.,11,-29,108,1,0,20251027,DAL,OKC
Shot Chart Detail,0022500126,41,1628983,Shai Gilgeous-Alexander,1610612760,Oklahoma City Thunder,1,8,18,Made Shot,Pullup Jump shot,2PT Field Goal,In The Paint (Non-RA),Center(C),Less Than 8 ft.,7,-77,14,1,1,20251028,OKC,SAC
Shot Chart Detail,0022500126,53,1628983,Shai Gilgeous-Alexander,1610612760,Oklahoma City Thunder,1,6,46,Made Shot,Driving Layup Shot,2PT Field Goal,Restricted Area,Center(C),Less Than 8 ft.,1,15,6,1,1,20251028,OKC,SAC
Shot Chart Detail,0022500126,141,1628983,Shai Gilgeous-Alexander,1610612760,Oklahoma City Thunder,1,0,0,Missed Shot,Jump Shot,3PT Field Goal,Above the Break 3,Left Side Center(LC),24+ ft.,25,-130,218,1,0,20251028,OKC,SAC
Shot Chart Detail,0022500126,153,1628983,Shai Gilgeous-Alexander,1610612760,Oklahoma City Thunder,2,11,32,Made Shot,Pullup Jump shot,2PT Field Goal,Mid-Range,Right Side(R),8-16 ft.,11,112,11,1,1,20251028,OKC,SAC
Shot Chart Detail,0022500126,181,1628983,Shai Gilgeous-Alexander,1610612760,Oklahoma City Thunder,2,9,33,Made Shot,Jump Shot,2PT Field Goal,In The Paint (Non-RA),Center(C),8-16 ft.,12,2,129,1,1,20251028,OKC,SAC
Shot Chart Detail,0022500126,189,1628983,Shai Gilgeous-Alexander,1610612760,Oklahoma City Thunder,2,9,18,Made Shot,Running Dunk Shot,2PT Field Goal,Restricted Area,Center(C),Less Than 8 ft.,1,-1,10,1,1,20251028,OKC,SAC
Shot Chart Detail,0022500126,261,1628983,Shai Gilgeous-Alexander,1610612760,Oklahoma City Thunder,2,4,20,Made Shot,Driving Layup Shot,2PT Field Goal,In The Paint (Non-RA),Center(C),Less Than 8 ft.,6,-60,1,1,1,20251028,OKC,SAC
Shot Chart Detail,0022500126,279,1628983,Shai Gilgeous-Alexander,1610612760,Oklahoma City Thunder,2,3,0,Made Shot,Driving Layup Shot,2PT Field Goal,In The Paint (Non-RA),Center(C),Less Than 8 ft.,4,42,0,1,1,20251028,OKC,SAC
Shot Chart Detail,0022500126,293,1628983,Shai Gilgeous-Alexander,1610612760,Oklahoma City Thunder,2,2,23,Made Shot,Driving Layup Shot,2PT Field Goal,Restricted Area,Center(C),Less Than 8 ft.,1,4,-13,1,1,20251028,OKC,SAC
Shot Chart Detail,0022500126,313,1628983,Shai Gilgeous-Alexander,1610612760,Oklahoma City Thunder,2,0,0,Missed Shot,Jump Shot,3PT Field Goal,Above the Break 3,Center(C),24+ ft.,28,-40,285,1,0,20251028,OKC,SAC
Shot Chart Detail,0022500126,327,1628983,Shai Gilgeous-Alexander,1610612760,Oklahoma City Thunder,3,11,1,Missed Shot,Pullup Jump shot,2PT Field Goal,In The Paint (Non-RA),Center(C),Less Than 8 ft.,7,66,32,1,0,20251028,OKC,SAC
Shot Chart Detail,0022500126,371,1628983,Shai Gilgeous-Alexander,1610612760,Oklahoma City Thunder,3,10,33,Missed Shot,Fadeaway Jump Shot,2PT Field Goal,In The Paint (Non-RA),Center(C),Less Than 8 ft.,5,54,22,1,0,20251028,OKC,SAC
Shot Chart Detail,0022500126,345,1628983,Shai Gilgeous-Alexander,1610612760,Oklahoma City Thunder,3,10,18,Made Shot,Running Reverse Layup Shot,2PT Field Goal,Restricted Area,Center(C),Less Than 8 ft.,1,4,11,1,1,20251028,OKC,SAC
Shot Chart Detail,0022500126,351,1628983,Shai Gilgeous-Alexander,1610612760,Oklahoma City Thunder,3,9,51,Missed Shot,Driving Layup Shot,2PT Field Goal,Restricted Area,Center(C),Less Than 8 ft.,1,10,16,1,0,20251028,OKC,SAC
Shot Chart Detail,0022500126,383,1628983,Shai Gilgeous-Alexander,1610612760,Oklahoma City Thunder,3,7,34,Missed Shot,Layup Shot,2PT Field Goal,In The Paint (Non-RA),Left Side(L),8-16 ft.,9,-49,78,1,0,20251028,OKC,SAC
Shot Chart Detail,0022500126,402,1628983,Shai Gilgeous-Alexander,1610612760,Oklahoma City Thunder,3,6,20,Missed Shot,Pullup Jump shot,2PT Field Goal,Mid-Range,Right Side(R),8-16 ft.,10,85,64,1,0,20251028,OKC,SAC
Shot Chart Detail,0022500126,416,1628983,Shai Gilgeous-Alexander,1610612760,Oklahoma City Thunder,3,5,33,Missed Shot,Jump Shot,3PT Field Goal,Above the Break 3,Left Side Center(LC),24+ ft.,26,-164,211,1,0,20251028,OKC,SAC
Shot Chart Detail,0022500126,425,1628983,Shai Gilgeous-Alexander,1610612760,Oklahoma City Thunder,3,4,58,Missed Shot,Pullup Jump shot,2PT Field Goal,Mid-Range,Center(C),16-24 ft.,18,-22,180,1,0,20251028,OKC,SAC
Shot Chart Detail,0022500126,436,1628983,Shai Gilgeous-Alexander,1610612760,Oklahoma City Thunder,3,3,57,Missed Shot,Pullup Jump shot,2PT Field Goal,In The Paint (Non-RA),Center(C),8-16 ft.,13,37,128,1,0,20251028,OKC,SAC
Shot Chart Detail,0022500126,462,1628983,Shai Gilgeous-Alexander,1610612760,Oklahoma City Thunder,3,2,36,Made Shot,Pullup Jump shot,2PT Field Goal,In The Paint (Non-RA),Center(C),8-16 ft.,14,-70,123,1,1,20251028,OKC,SAC
Shot Chart Detail,0022500126,575,1628983,Shai Gilgeous-Alexander,1610612760,Oklahoma City Thunder,4,7,1,Made Shot,Driving Floating Jump Shot,2PT Field Goal,In The Paint (Non-RA),Center(C),Less Than 8 ft.,6,29,53,1,1,20251028,OKC,SAC
Shot Chart Detail,0022500126,590,1628983,Shai Gilgeous-Alexander,1610612760,Oklahoma City Thunder,4,5,54,Made Shot,Pullup Jump shot,2PT Field Goal,Mid-Range,Right Side Center(RC),16-24 ft.,16,86,137,1,1,20251028,OKC,SAC
Shot Chart Detail,0022500126,611,1628983,Shai Gilgeous-Alexander,1610612760,Oklahoma City Thunder,4,4,26,Missed Shot,Pullup Jump shot,2PT Field Goal,Mid-Range,Center(C),8-16 ft.,14,-21,142,1,0,20251028,OKC,SAC
Shot Chart Detail,0022500126,617,1628983,Shai Gilgeous-Alexander,1610612760,Oklahoma City Thunder,4,3,59,Made Shot,Driving Finger Roll Layup Shot,2PT Field Goal,Restricted Area,Center(C),Less Than 8 ft.,1,4,10,1,1,20251028,OKC,SAC
Shot Chart Detail,0022500126,635,1628983,Shai Gilgeous-Alexander,1610612760,Oklahoma City Thunder,4,2,53,Missed Shot,Step Back Jump shot,3PT Field Goal,Left Corner 3,Left Side(L),24+ ft.,24,-232,83,1,0,20251028,OKC,SAC
Shot Chart Detail,0022500126,668,1628983,Shai Gilgeous-Alexander,1610612760,Oklahoma City Thunder,4,0,16,Made Shot,Step Back Jump shot,3PT Field Goal,Above the Break 3,Right Side Center(RC),24+ ft.,25,194,170,1,1,20251028,OKC,SAC
Shot Chart Detail,0022500140,14,1628983,Shai Gilgeous-Alexander,1610612760,Oklahoma City Thunder,1,11,16,Missed Shot,Jump Shot,3PT Field Goal,Above the Break 3,Center(C),24+ ft.,25,-12,253,1,0,20251030,OKC,WAS
Shot Chart Detail,0022500140,18,1628983,Shai Gilgeous-Alexander,1610612760,Oklahoma City Thunder,1,10,50,Made Shot,Step Back Jump shot,2PT Field Goal,Mid-Range,Left Side(L),8-16 ft.,13,-131,-29,1,1,20251030,OKC,WAS
Shot Chart Detail,0022500140,81,1628983,Shai Gilgeous-Alexander,1610612760,Oklahoma City Thunder,1,5,52,Made Shot,Driving Layup Shot,2PT Field Goal,Restricted Area,Center(C),Less Than 8 ft.,3,-32,-6,1,1,20251030,OKC,WAS
Shot Chart Detail,0022500140,95,1628983,Shai Gilgeous-Alexander,1610612760,Oklahoma City Thunder,1,5,26,Missed Shot,Driving Reverse Layup Shot,2PT Field Goal,Restricted Area,Center(C),Less Than 8 ft.,2,23,11,1,0,20251030,OKC,WAS
Shot Chart Detail,0022500140,103,1628983,Shai Gilgeous-Alexander,1610612760,Oklahoma City Thunder,1,4,29,Missed Shot,Pullup Jump shot,2PT Field Goal,In The Paint (Non-RA),Right Side(R),8-16 ft.,12,66,106,1,0,20251030,OKC,WAS
Shot Chart Detail,0022500140,107,1628983,Shai Gilgeous-Alexander,1610612760,Oklahoma City Thunder,1,4,12,Made Shot,Running Layup Shot,2PT Field Goal,Restricted Area,Center(C),Less Than 8 ft.,2,18,-12,1,1,20251030,OKC,WAS
Shot Chart Detail,0022500140,121,1628983,Shai Gilgeous-Alexander,1610612760,Oklahoma City Thunder,1,3,18,Made Shot,Step Back Jump shot,2PT Field Goal,In The Paint (Non-RA),Center(C),8-16 ft.,12,11,126,1,1,20251030,OKC,WAS
Shot Chart Detail,0022500140,155,1628983,Shai Gilgeous-Alexander,1610612760,Oklahoma City Thunder,1,1,34,Made Shot,Step Back Jump shot,3PT Field Goal,Above the Break 3,Left Side Center(LC),24+ ft.,24,-97,225,1,1,20251030,OKC,WAS
Shot Chart Detail,0022500140,161,1628983,Shai Gilgeous-Alexander,1610612760,Oklahoma City Thunder,1,0,58,Missed Shot,Jump Shot,2PT Field Goal,In The Paint (Non-RA),Center(C),Less Than 8 ft.,7,-23,73,1,0,20251030,OKC,WAS
Shot Chart Detail,0022500140,314,1628983,Shai Gilgeous-Alexander,1610612760,Oklahoma City Thunder,2,3,13,Made Shot,Step Back Jump shot,3PT Field Goal,Above the Break 3,Right Side Center(RC),24+ ft.,25,130,221,1,1,20251030,OKC,WAS
Shot Chart Detail,0022500140,323,1628983,Shai Gilgeous-Alexander,1610612760,Oklahoma City Thunder,2,2,1,Missed Shot,Driving Finger Roll Layup Shot,2PT Field Goal,Restricted Area,Center(C),Less Than 8 ft.,2,20,15,1,0,20251030,OKC,WAS
Shot Chart Detail,0022500140,327,1628983,Shai Gilgeous-Alexander,1610612760,Oklahoma City Thunder,2,1,48,Made Shot,Pullup Jump shot,2PT Field Goal,In The Paint (Non-RA),Center(C),8-16 ft.,12,38,124,1,1,20251030,OKC,WAS
Shot Chart Detail,0022500140,343,1628983,Shai Gilgeous-Alexander,1610612760,Oklahoma City Thunder,2,0,24,Made Shot,Pullup Jump shot,2PT Field Goal,In The Paint (Non-RA),Center(C),8-16 ft.,12,7,127,1,1,20251030,OKC,WAS
Shot Chart Detail,0022500140,380,1628983,Shai Gilgeous-Alexander,1610612760,Oklahoma City Thunder,3,10,25,Missed Shot,Step Back Jump shot,3PT Field Goal,Above the Break 3,Right Side Center(RC),24+ ft.,25,229,112,1,0,20251030,OKC,WAS
Shot Chart Detail,0022500140,404,1628983,Shai Gilgeous-Alexander,1610612760,Oklahoma City Thunder,3,8,23,Made Shot,Step Back Jump shot,2PT Field Goal,Mid-Range,Right Side(R),8-16 ft.,15,152,11,1,1,20251030,OKC,WAS
Shot Chart Detail,0022500140,417,1628983,Shai Gilgeous-Alexander,1610612760,Oklahoma City Thunder,3,7,0,Made Shot,Turnaround Fadeaway shot,2PT Field Goal,Mid-Range,Left Side(L),16-24 ft.,17,-176,-14,1,1,20251030,OKC,WAS
Shot Chart Detail,0022500140,447,1628983,Shai Gilgeous-Alexander,1610612760,Oklahoma City Thunder,3,5,16,Missed Shot,Jump Shot,3PT Field Goal,Above the Break 3,Center(C),24+ ft.,27,36,274,1,0,20251030,OKC,WAS
Shot Chart Detail,0022500140,502,1628983,Shai Gilgeous-Alexander,1610612760,Oklahoma City Thunder,3,1,50,Missed Shot,Jump Shot,2PT Field Goal,Mid-Range,Left Side(L),8-16 ft.,12,-121,22,1,0,20251030,OKC,WAS
Shot Chart Detail,0022500140,508,1628983,Shai Gilgeous-Alexander,1610612760,Oklahoma City Thunder,3,1,13,Made Shot,Jump Shot,3PT Field Goal,Above the Break 3,Left Side Center(LC),24+ ft.,25,-184,180,1,1,20251030,OKC,WAS
Shot Chart Detail,0022500140,517,1628983,Shai Gilgeous-Alexander,1610612760,Oklahoma City Thunder,3,0,20,Missed Shot,Driving Layup Shot,2PT Field Goal,Restricted Area,Center(C),Less Than 8 ft.,2,13,21,1,0,20251030,OKC,WAS
Shot Chart Detail,0022500148,52,1628983,Shai Gilgeous-Alexander,1610612760,Oklahoma City Thunder,1,7,22,Made Shot,Driving Reverse Layup Shot,2PT Field Goal,Restricted Area,Center(C),Less Than 8 ft.,1,-12,15,1,1,20251102,OKC,NOP
Shot Chart Detail,0022500148,59,1628983,Shai Gilgeous-Alexander,1610612760,Oklahoma City Thunder,1,6,50,Made Shot,Step Back Jump shot,2PT Field Goal,Mid-Range,Right Side Center(RC),16-24 ft.,18,102,160,1,1,20251102,OKC,NOP
Shot Chart Detail,0022500148,105,1628983,Shai Gilgeous-Alexander,1610612760,Oklahoma City Thunder,1,3,45,Made Shot,Step Back Jump shot,2PT Field Goal,Mid-Range,Left Side Center(LC),16-24 ft.,17,-89,148,1,1,20251102,OKC,NOP
Shot Chart Detail,0022500148,108,1628983,Shai Gilgeous-Alexander,1610612760,Oklahoma City Thunder,1,3,15,Made Shot,Driving Layup Shot,2PT Field Goal,Restricted Area,Center(C),Less Than 8 ft.,3,-23,26,1,1,20251102,OKC,NOP
Shot Chart Detail,0022500148,280,1628983,Shai Gilgeous-Alexander,1610612760,Oklahoma City Thunder,2,3,4,Missed Shot,Step Back Jump shot,3PT Field Goal,Above the Break 3,Right Side Center(RC),24+ ft.,25,154,205,1,0,20251102,OKC,NOP
Shot Chart Detail,0022500148,288,1628983,Shai Gilgeous-Alexander,1610612760,Oklahoma City Thunder,2,2,30,Missed Shot,Driving Finger Roll Layup Shot,2PT Field Goal,In The Paint (Non-RA),Center(C),Less Than 8 ft.,5,-53,23,1,0,20251102,OKC,NOP
Shot Chart Detail,0022500148,304,1628983,Shai Gilgeous-Alexander,1610612760,Oklahoma City Thunder,2,1,56,Made Shot,Pullup Jump shot,2PT Field Goal,In The Paint (Non-RA),Center(C),8-16 ft.,10,-16,104,1,1,20251102,OKC,NOP
Shot Chart Detail,0022500148,370,1628983,Shai Gilgeous-Alexander,1610612760,Oklahoma City Thunder,3,10,29,Missed Shot,Step Back Jump shot,3PT Field Goal,Above the Break 3,Left Side Center(LC),24+ ft.,24,-94,226,1,0,20251102,OKC,NOP
Shot Chart Detail,0022500148,375,1628983,Shai Gilgeous-Alexander,1610612760,Oklahoma City Thunder,3,9,57,Missed Shot,Driving Layup Shot,2PT Field Goal,Restricted Area,Center(C),Less Than 8 ft.,2,-27,3,1,0,20251102,OKC,NOP
Shot Chart Detail,0022500148,455,1628983,Shai Gilgeous-Alexander,1610612760,Oklahoma City Thunder,3,4,26,Made Shot,Running Reverse Layup Shot,2PT Field Goal,Restricted Area,Center(C),Less Than 8 ft.,1,12,-8,1,1,20251102,OKC,NOP
Shot Chart Detail,0022500148,464,1628983,Shai Gilgeous-Alexander,1610612760,Oklahoma City Thunder,3,3,44,Missed Shot,Step Back Jump shot,3PT Field Goal,Above the Break 3,Center(C),24+ ft.,24,40,240,1,0,20251102,OKC,NOP
Shot Chart Detail,0022500148,467,1628983,Shai Gilgeous-Alexander,1610612760,Oklahoma City Thunder,3,3,21,Made Shot,Finger Roll Layup Shot,2PT Field Goal,Restricted Area,Center(C),Less Than 8 ft.,3,31,-7,1,1,20251102,OKC,NOP
Shot Chart Detail,0022500148,488,1628983,Shai Gilgeous-Alexander,1610612760,Oklahoma City Thunder,3,1,42,Missed Shot,Pullup Jump shot,3PT Field Goal,Above the Break 3,Right Side Center(RC),24+ ft.,25,107,229,1,0,20251102,OKC,NOP
Shot Chart Detail,0022500148,507,1628983,Shai Gilgeous-Alexander,1610612760,Oklahoma City Thunder,3,0,34,Made Shot,Pullup Jump shot,3PT Field Goal,Above the Break 3,Center(C),24+ ft.,24,-22,248,1,1,20251102,OKC,NOP
Shot Chart Detail,0022500170,55,1628983,Shai Gilgeous-Alexander,1610612760,Oklahoma City Thunder,1,8,39,Missed Shot,Driving Floating Jump Shot,2PT Field Goal,In The Paint (Non-RA),Center(C),8-16 ft.,10,15,104,1,0,20251104,LAC,OKC
Shot Chart Detail,0022500170,74,1628983,Shai Gilgeous-Alexander,1610612760,Oklahoma City Thunder,1,7,21,Made Shot,Jump Shot,3PT Field Goal,Above the Break 3,Right Side Center(RC),24+ ft.,29,116,274,1,1,20251104,LAC,OKC
Shot Chart Detail,0022500170,114,1628983,Shai Gilgeous-Alexander,1610612760,Oklahoma City Thunder,1,4,4,Missed Shot,Step Back Jump shot,2PT Field Goal,In The Paint (Non-RA),Center(C),Less Than 8 ft.,7,-6,79,1,0,20251104,LAC,OKC
Shot Chart Detail,0022500170,134,1628983,Shai Gilgeous-Alexander,1610612760,Oklahoma City Thunder,1,2,52,Made Shot,Pullup Jump shot,2PT Field Goal,Mid-Range,Left Side(L),8-16 ft.,13,-132,-21,1,1,20251104,LAC,OKC
Shot Chart Detail,0022500170,165,1628983,Shai Gilgeous-Alexander,1610612760,Oklahoma City Thunder,1,0,28,Missed Shot,Jump Shot,3PT Field Goal,Above the Break 3,Left Side Center(LC),24+ ft.,28,-150,239,1,0,20251104,LAC,OKC
Shot Chart Detail,0022500170,302,1628983,Shai Gilgeous-Alexander,1610612760,Oklahoma City Thunder,2,2,59,Missed Shot,Driving Floating Bank Jump Shot,2PT Field Goal,Restricted Area,Center(C),Less Than 8 ft.,3,-25,31,1,0,20251104,LAC,OKC
Shot Chart Detail,0022500170,366,1628983,Shai Gilgeous-Alexander,1610612760,Oklahoma City Thunder,3,11,13,Made Shot,Pullup Jump shot,2PT Field Goal,In The Paint (Non-RA),Center(C),Less Than 8 ft.,7,13,71,1,1,20251104,LAC,OKC
Shot Chart Detail,0022500170,372,1628983,Shai Gilgeous-Alexander,1610612760,Oklahoma City Thunder,3,10,40,Missed Shot,Pullup Jump shot,2PT Field Goal,Mid-Range,Right Side Center(RC),16-24 ft.,19,91,168,1,0,20251104,LAC,OKC
Shot Chart Detail,0022500170,380,1628983,Shai Gilgeous-Alexander,1610612760,Oklahoma City Thunder,3,9,56,Made Shot,Running Layup Shot,2PT Field Goal,Restricted Area,Center(C),Less Than 8 ft.,1,-5,10,1,1,20251104,LAC,OKC
Shot Chart Detail,0022500170,384,1628983,Shai Gilgeous-Alexander,1610612760,Oklahoma City Thunder,3,9,31,Made Shot,Step Back Jump shot,3PT Field Goal,Above the Break 3,Left Side Center(LC),24+ ft.,26,-136,233,1,1,20251104,LAC,OKC
Shot Chart Detail,0022500170,429,1628983,Shai Gilgeous-Alexander,1610612760,Oklahoma City Thunder,3,5,31,Made Shot,Driving Layup Shot,2PT Field Goal,Restricted Area,Center(C),Less Than 8 ft.,1,15,13,1,1,20251104,LAC,OKC
Shot Chart Detail,0022500170,432,1628983,Shai Gilgeous-Alexander,1610612760,Oklahoma City Thunder,3,5,7,Made Shot,Step Back Jump shot,3PT Field Goal,Above the Break 3,Left Side Center(LC),24+ ft.,25,-174,188,1,1,20251104,LAC,OKC
Shot Chart Detail,0022500170,488,1628983,Shai Gilgeous-Alexander,1610612760,Oklahoma City Thunder,3,1,48,Made Shot,Driving Layup Shot,2PT Field Goal,In The Paint (Non-RA),Center(C),Less Than 8 ft.,4,-28,32,1,1,20251104,LAC,OKC
Shot Chart Detail,0022500170,504,1628983,Shai Gilgeous-Alexander,1610612760,Oklahoma City Thunder,3,0,22,Made Shot,Running Pull-Up Jump Shot,3PT Field Goal,Above the Break 3,Left Side Center(LC),24+ ft.,27,-113,247,1,1,20251104,LAC,OKC
Shot Chart Detail,0022500180,74,1628983,Shai Gilgeous-Alexander,1610612760,Oklahoma City Thunder,1,7,22,Missed Shot,Pullup Jump shot,2PT Field Goal,Mid-Range,Right Side(R),8-16 ft.,13,127,43,1,0,20251105,POR,OKC
Shot Chart Detail,0022500180,189,1628983,Shai Gilgeous-Alexander,1610612760,Oklahoma City Thunder,1,0,29,Missed Shot,Driving Floating Jump Shot,2PT Field Goal,In The Paint (Non-RA),Center(C),8-16 ft.,9,-1,97,1,0,20251105,POR,OKC
Shot Chart Detail,0022500180,233,1628983,Shai Gilgeous-Alexander,1610612760,Oklahoma City Thunder,2,10,37,Made Shot,Pullup Jump shot,2PT Field Goal,Mid-Range,Right Side(R),8-16 ft.,13,134,12,1,1,20251105,POR,OKC
Shot Chart Detail,0022500180,238,1628983,Shai Gilgeous-Alexander,1610612760,Oklahoma City Thunder,2,10,18,Missed Shot,Pullup Jump shot,2PT Field Goal,In The Paint (Non-RA),Center(C),8-16 ft.,12,62,110,1,0,20251105,POR,OKC
Shot Chart Detail,0022500180,242,1628983,Shai Gilgeous-Alexander,1610612760,Oklahoma City Thunder,2,9,35,Made Shot,Turnaround Fadeaway shot,2PT Field Goal,Mid-Range,Right Side(R),8-16 ft.,12,126,5,1,1,20251105,POR,OKC
Shot Chart Detail,0022500180,278,1628983,Shai Gilgeous-Alexander,1610612760,Oklahoma City Thunder,2,7,49,Missed Shot,Running Jump Shot,3PT Field Goal,Above the Break 3,Right Side Center(RC),24+ ft.,25,184,173,1,0,20251105,POR,OKC
Shot Chart Detail,0022500180,304,1628983,Shai Gilgeous-Alexander,1610612760,Oklahoma City Thunder,2,6,24,Missed Shot,Step Back Jump shot,2PT Field Goal,Mid-Range,Center(C),16-24 ft.,17,6,173,1,0,20251105,POR,OKC
Shot Chart Detail,0022500180,308,1628983,Shai Gilgeous-Alexander,1610612760,Oklahoma City Thunder,2,6,3,Made Shot,Pullup Jump shot,3PT Field Goal,Above the Break 3,Center(C),24+ ft.,25,-45,256,1,1,20251105,POR,OKC
Shot Chart Detail,0022500180,366,1628983,Shai Gilgeous-Alexander,1610612760,Oklahoma City Thunder,2,2,41,Missed Shot,Driving Floating Jump Shot,2PT Field Goal,In The Paint (Non-RA),Center(C),8-16 ft.,8,5,89,1,0,20251105,POR,OKC
Shot Chart Detail,0022500180,382,1628983,Shai Gilgeous-Alexander,1610612760,Oklahoma City Thunder,2,0,51,Made Shot,Driving Reverse Layup Shot,2PT Field Goal,Restricted Area,Center(C),Less Than 8 ft.,1,-18,5,1,1,20251105,POR,OKC
Shot Chart Detail,0022500180,443,1628983,Shai Gilgeous-Alexander,1610612760,Oklahoma City Thunder,3,9,49,Missed Shot,Pullup Jump shot,2PT Field Goal,In The Paint (Non-RA),Center(C),8-16 ft.,14,-50,134,1,0,20251105,POR,OKC
Shot Chart Detail,0022500180,459,1628983,Shai Gilgeous-Alexander,1610612760,Oklahoma City Thunder,3,8,57,Made Shot,Running Layup Shot,2PT Field Goal,Restricted Area,Center(C),Less Than 8 ft.,1,10,8,1,1,20251105,POR,OKC
Shot Chart Detail,0022500180,472,1628983,Shai Gilgeous-Alexander,1610612760,Oklahoma City Thunder,3,7,51,Made Shot,Jump Shot,3PT Field Goal,Above the Break 3,Left Side Center(LC),24+ ft.,25,-173,182,1,1,20251105,POR,OKC
Shot Chart Detail,0022500180,494,1628983,Shai Gilgeous-Alexander,1610612760,Oklahoma City Thunder,3,6,32,Missed Shot,Fadeaway Jump Shot,2PT Field Goal,In The Paint (Non-RA),Center(C),Less Than 8 ft.,4,-26,35,1,0,20251105,POR,OKC
Shot Chart Detail,0022500180,515,1628983,Shai Gilgeous-Alexander,1610612760,Oklahoma City Thunder,3,4,54,Missed Shot,Pullup Jump shot,2PT Field Goal,Mid-Range,Right Side(R),8-16 ft.,12,114,38,1,0,20251105,POR,OKC
Shot Chart Detail,0022500180,525,1628983,Shai Gilgeous-Alexander,1610612760,Oklahoma City Thunder,3,4,12,Made Shot,Driving Layup Shot,2PT Field Goal,Restricted Area,Center(C),Less Than 8 ft.,2,7,20,1,1,20251105,POR,OKC
Shot Chart Detail,0022500180,543,1628983,Shai Gilgeous-Alexander,1610612760,Oklahoma City Thunder,3,3,4,Missed Shot,Pullup Jump shot,2PT Field Goal,Mid-Range,Right Side Center(RC),16-24 ft.,17,89,152,1,0,20251105,POR,OKC
Shot Chart Detail,0022500180,551,1628983,Shai Gilgeous-Alexander,1610612760,Oklahoma City Thunder,3,2,13,Missed Shot,Driving Floating Bank Jump Shot,2PT Field Goal,In The Paint (Non-RA),Center(C),Less Than 8 ft.,6,54,31,1,0,20251105,POR,OKC
Shot Chart Detail,0022500180,583,1628983,Shai Gilgeous-Alexander,1610612760,Oklahoma City Thunder,3,0,30,Missed Shot,Turnaround Fadeaway shot,2PT Field Goal,Mid-Range,Left Side Center(LC),16-24 ft.,19,-140,137,1,0,20251105,POR,OKC
Shot Chart Detail,0022500180,668,1628983,Shai Gilgeous-Alexander,1610612760,Oklahoma City Thunder,4,7,17,Missed Shot,Pullup Jump shot,3PT Field Goal,Above the Break 3,Right Side Center(RC),24+ ft.,26,123,232,1,0,20251105,POR,OKC
Shot Chart Detail,0022500180,672,1628983,Shai Gilgeous-Alexander,1610612760,Oklahoma City Thunder,4,6,54,Missed Shot,Turnaround Fadeaway shot,2PT Field Goal,Mid-Range,Right Side(R),8-16 ft.,12,119,16,1,0,20251105,POR,OKC
Shot Chart Detail,0022500180,700,1628983,Shai Gilgeous-Alexander,1610612760,Oklahoma City Thunder,4,4,54,Made Shot,Pullup Jump shot,3PT Field Goal,Above the Break 3,Center(C),24+ ft.,25,12,257,1,1,20251105,POR,OKC
Shot Chart Detail,0022500180,706,1628983,Shai Gilgeous-Alexander,1610612760,Oklahoma City Thunder,4,4,13,Missed Shot,Pullup Jump shot,2PT Field Goal,Mid-Range,Right Side Center(RC),16-24 ft.,20,129,158,1,0,20251105,POR,OKC
Shot Chart Detail,0022500180,719,1628983,Shai Gilgeous-Alexander,1610612760,Oklahoma City Thunder,4,3,19,Missed Shot,Step Back Jump shot,2PT Field Goal,In The Paint (Non-RA),Left Side(L),8-16 ft.,14,-78,126,1,0,20251105,POR,OKC
Shot Chart Detail,0022500180,727,1628983,Shai Gilgeous-Alexander,1610612760,Oklahoma City Thunder,4,2,26,Made Shot,Step Back Jump shot,2PT Field Goal,Mid-Range,Right Side(R),16-24 ft.,17,178,21,1,1,20251105,POR,OKC
Shot Chart Detail,0022500180,749,1628983,Shai Gilgeous-Alexander,1610612760,Oklahoma City Thunder,4,0,31,Made Shot,Cutting Layup Shot,2PT Field Goal,Restricted Area,Center(C),Less Than 8 ft.,2,21,4,1,1,20251105,POR,OKC
Shot Chart Detail,0022500194,15,1628983,Shai Gilgeous-Alexander,1610612760,Oklahoma City Thunder,1,10,23,Missed Shot,Step Back Jump shot,2PT Field Goal,Mid-Range,Right Side(R),8-16 ft.,9,96,20,1,0,20251109,MEM,OKC
Shot Chart Detail,0022500194,17,1628983,Shai Gilgeous-Alexander,1610612760,Oklahoma City Thunder,1,10,21,Made Shot,Driving Layup Shot,2PT Field Goal,Restricted Area,Center(C),Less Than 8 ft.,1,10,15,1,1,20251109,MEM,OKC
Shot Chart Detail,0022500194,30,1628983,Shai Gilgeous-Alexander,1610612760,Oklahoma City Thunder,1,9,7,Made Shot,Driving Reverse Layup Shot,2PT Field Goal,Restricted Area,Center(C),Less Than 8 ft.,1,9,8,1,1,20251109,MEM,OKC
Shot Chart Detail,0022500194,102,1628983,Shai Gilgeous-Alexander,1610612760,Oklahoma City Thunder,1,4,10,Missed Shot,Running Pull-Up Jump Shot,3PT Field Goal,Above the Break 3,Center(C),24+ ft.,28,-27,280,1,0,20251109,MEM,OKC
Shot Chart Detail,0022500194,104,1628983,Shai Gilgeous-Alexander,1610612760,Oklahoma City Thunder,1,4,1,Missed Shot,Pullup Jump shot,3PT Field Goal,Above the Break 3,Right Side Center(RC),24+ ft.,26,115,236,1,0,20251109,MEM,OKC
Shot Chart Detail,0022500194,121,1628983,Shai Gilgeous-Alexander,1610612760,Oklahoma City Thunder,1,3,12,Missed Shot,Driving Layup Shot,2PT Field Goal,In The Paint (Non-RA),Center(C),Less Than 8 ft.,6,4,67,1,0,20251109,MEM,OKC
Shot Chart Detail,0022500194,161,1628983,Shai Gilgeous-Alexander,1610612760,Oklahoma City Thunder,1,0,29,Missed Shot,Step Back Jump shot,3PT Field Goal,Above the Break 3,Center(C),24+ ft.,26,78,254,1,0,20251109,MEM,OKC
Shot Chart Detail,0022500194,165,1628983,Shai Gilgeous-Alexander,1610612760,Oklahoma City Thunder,1,0,0,Missed Shot,Pullup Jump shot,2PT Field Goal,In The Paint (Non-RA),Center(C),8-16 ft.,14,66,126,1,0,20251109,MEM,OKC
Shot Chart Detail,0022500194,277,1628983,Shai Gilgeous-Alexander,1610612760,Oklahoma City Thunder,2,5,37,Made Shot,Cutting Layup Shot,2PT Field Goal,Restricted Area,Center(C),Less Than 8 ft.,1,-5,16,1,1,20251109,MEM,OKC
Shot Chart Detail,0022500194,316,1628983,Shai Gilgeous-Alexander,1610612760,Oklahoma City Thunder,2,3,1,Missed Shot,Pullup Jump shot,2PT Field Goal,Mid-Range,Left Side(L),16-24 ft.,16,-167,20,1,0,20251109,MEM,OKC
Shot Chart Detail,0022500194,324,1628983,Shai Gilgeous-Alexander,1610612760,Oklahoma City Thunder,2,1,58,Missed Shot,Jump Shot,3PT Field Goal,Above the Break 3,Left Side Center(LC),24+ ft.,25,-132,223,1,0,20251109,MEM,OKC
Shot Chart Detail,0022500194,328,1628983,Shai Gilgeous-Alexander,1610612760,Oklahoma City Thunder,2,1,39,Made Shot,Driving Finger Roll Layup Shot,2PT Field Goal,Restricted Area,Center(C),Less Than 8 ft.,1,7,11,1,1,20251109,MEM,OKC
Shot Chart Detail,0022500194,333,1628983,Shai Gilgeous-Alexander,1610612760,Oklahoma City Thunder,2,1,11,Made Shot,Running Finger Roll Layup Shot,2PT Field Goal,Restricted Area,Center(C),Less Than 8 ft.,2,4,23,1,1,20251109,MEM,OKC
Shot Chart Detail,0022500194,347,1628983,Shai Gilgeous-Alexander,1610612760,Oklahoma City Thunder,2,0,48,Missed Shot,Driving Floating Bank Jump Shot,2PT Field Goal,In The Paint (Non-RA),Center(C),Less Than 8 ft.,7,-11,78,1,0,20251109,MEM,OKC
Shot Chart Detail,0022500194,414,1628983,Shai Gilgeous-Alexander,1610612760,Oklahoma City Thunder,3,8,10,Made Shot,Step Back Jump shot,2PT Field Goal,Mid-Range,Center(C),8-16 ft.,14,11,140,1,1,20251109,MEM,OKC
Shot Chart Detail,0022500194,476,1628983,Shai Gilgeous-Alexander,1610612760,Oklahoma City Thunder,3,3,25,Made Shot,Turnaround Fadeaway shot,2PT Field Goal,In The Paint (Non-RA),Center(C),8-16 ft.,13,66,119,1,1,20251109,MEM,OKC
Shot Chart Detail,0022500194,490,1628983,Shai Gilgeous-Alexander,1610612760,Oklahoma City Thunder,3,2,30,Made Shot,Pullup Jump shot,3PT Field Goal,Above the Break 3,Right Side Center(RC),24+ ft.,24,77,235,1,1,20251109,MEM,OKC
Shot Chart Detail,0022500194,652,1628983,Shai Gilgeous-Alexander,1610612760,Oklahoma City Thunder,4,5,6,Missed Shot,Pullup Jump shot,3PT Field Goal,Above the Break 3,Right Side Center(RC),24+ ft.,28,136,251,1,0,20251109,MEM,OKC
Shot Chart Detail,0022500194,656,1628983,Shai Gilgeous-Alexander,1610612760,Oklahoma City Thunder,4,4,37,Missed Shot,Step Back Jump shot,3PT Field Goal,Above the Break 3,Center(C),24+ ft.,25,72,240,1,0,20251109,MEM,OKC
Shot Chart Detail,0022500194,669,1628983,Shai Gilgeous-Alexander,1610612760,Oklahoma City Thunder,4,4,0,Made Shot,Step Back Jump shot,3PT Field Goal,Above the Break 3,Left Side Center(LC),24+ ft.,24,-168,179,1,1,20251109,MEM,OKC
Shot Chart Detail,0022500194,672,1628983,Shai Gilgeous-Alexander,1610612760,Oklahoma City Thunder,4,3,22,Made Shot,Step Back Jump shot,3PT Field Goal,Above the Break 3,Left Side Center(LC),24+ ft.,24,-114,220,1,1,20251109,MEM,OKC
Shot Chart Detail,0022500194,676,1628983,Shai Gilgeous-Alexander,1610612760,Oklahoma City Thunder,4,2,51,Made Shot,Driving Finger Roll Layup Shot,2PT Field Goal,Restricted Area,Center(C),Less Than 8 ft.,1,18,6,1,1,20251109,MEM,OKC
Shot Chart Detail,0022500210,15,1628983,Shai Gilgeous-Alexander,1610612760,Oklahoma City Thunder,1,10,49,Missed Shot,Pullup Jump shot,2PT Field Goal,Mid-Range,Left Side(L),8-16 ft.,13,-137,25,1,0,20251111,OKC,GSW
Shot Chart Detail,0022500210,34,1628983,Shai Gilgeous-Alexander,1610612760,Oklahoma City Thunder,1,8,38,Made Shot,Step Back Jump shot,3PT Field Goal,Above the Break 3,Left Side Center(LC),24+ ft.,25,-216,133,1,1,20251111,OKC,GSW
Shot Chart Detail,0022500210,57,1628983,Shai Gilgeous-Alexander,1610612760,Oklahoma City Thunder,1,6,38,Missed Shot,Pullup Jump shot,2PT Field Goal,Mid-Range,Center(C),16-24 ft.,19,31,190,1,0,20251111,OKC,GSW
Shot Chart Detail,0022500210,66,1628983,Shai Gilgeous-Alexander,1610612760,Oklahoma City Thunder,1,6,5,Missed Shot,Driving Layup Shot,2PT Field Goal,Restricted Area,Center(C),Less Than 8 ft.,3,-25,25,1,0,20251111,OKC,GSW
Shot Chart Detail,0022500210,90,1628983,Shai Gilgeous-Alexander,1610612760,Oklahoma City Thunder,1,4,59,Made Shot,Running Layup Shot,2PT Field Goal,In The Paint (Non-RA),Center(C),Less Than 8 ft.,4,-44,22,1,1,20251111,OKC,GSW
Shot Chart Detail,0022500210,100,1628983,Shai Gilgeous-Alexander,1610612760,Oklahoma City Thunder,1,4,38,Missed Shot,Running Layup Shot,2PT Field Goal,Restricted Area,Center(C),Less Than 8 ft.,1,13,11,1,0,20251111,OKC,GSW
Shot Chart Detail,0022500210,123,1628983,Shai Gilgeous-Alexander,1610612760,Oklahoma City Thunder,1,3,5,Made Shot,Pullup Jump shot,2PT Field Goal,Mid-Range,Center(C),8-16 ft.,14,-1,148,1,1,20251111,OKC,GSW
Shot Chart Detail,0022500210,291,1628983,Shai Gilgeous-Alexander,1610612760,Oklahoma City Thunder,2,4,50,Made Shot,Fadeaway Jump Shot,2PT Field Goal,In The Paint (Non-RA),Center(C),8-16 ft.,10,29,104,1,1,20251111,OKC,GSW
Shot Chart Detail,0022500210,300,1628983,Shai Gilgeous-Alexander,1610612760,Oklahoma City Thunder,2,3,35,Made Shot,Step Back Jump shot,2PT Field Goal,Mid-Range,Left Side(L),8-16 ft.,13,-97,88,1,1,20251111,OKC,GSW
Shot Chart Detail,0022500210,349,1628983,Shai Gilgeous-Alexander,1610612760,Oklahoma City Thunder,2,0,30,Missed Shot,Step Back Jump shot,2PT Field Goal,Mid-Range,Right Side(R),8-16 ft.,12,121,29,1,0,20251111,OKC,GSW
Shot Chart Detail,0022500210,360,1628983,Shai Gilgeous-Alexander,1610612760,Oklahoma City Thunder,2,0,0,Missed Shot,Jump Shot,3PT Field Goal,Above the Break 3,Center(C),24+ ft.,30,-21,301,1,0,20251111,OKC,GSW
Shot Chart Detail,0022500210,397,1628983,Shai Gilgeous-Alexander,1610612760,Oklahoma City Thunder,3,10,19,Missed Shot,Running Jump Shot,3PT Field Goal,Above the Break 3,Left Side Center(LC),24+ ft.,24,-180,159,1,0,20251111,OKC,GSW
Shot Chart Detail,0022500210,440,1628983,Shai Gilgeous-Alexander,1610612760,Oklahoma City Thunder,3,6,52,Made Shot,Driving Layup Shot,2PT Field Goal,Restricted Area,Center(C),Less Than 8 ft.,3,38,9,1,1,20251111,OKC,GSW
Shot Chart Detail,0022500210,458,1628983,Shai Gilgeous-Alexander,1610612760,Oklahoma City Thunder,3,6,7,Missed Shot,Pullup Jump shot,3PT Field Goal,Above the Break 3,Right Side Center(RC),24+ ft.,25,113,234,1,0,20251111,OKC,GSW
Shot Chart Detail,0022500210,476,1628983,Shai Gilgeous-Alexander,1610612760,Oklahoma City Thunder,3,5,24,Missed Shot,Pullup Jump shot,2PT Field Goal,Mid-Range,Left Side(L),8-16 ft.,10,-99,-28,1,0,20251111,OKC,GSW
Shot Chart Detail,0022500210,489,1628983,Shai Gilgeous-Alexander,1610612760,Oklahoma City Thunder,3,4,6,Made Shot,Jump Shot,3PT Field Goal,Above the Break 3,Center(C),24+ ft.,25,-67,242,1,1,20251111,OKC,GSW
Shot Chart Detail,0022500210,514,1628983,Shai Gilgeous-Alexander,1610612760,Oklahoma City Thunder,3,2,28,Made Shot,Running Layup Shot,2PT Field Goal,Restricted Area,Center(C),Less Than 8 ft.,2,25,-1,1,1,20251111,OKC,GSW
Shot Chart Detail,0022500210,524,1628983,Shai Gilgeous-Alexander,1610612760,Oklahoma City Thunder,3,1,57,Made Shot,Pullup Jump shot,3PT Field Goal,Left Corner 3,Left Side(L),24+ ft.,22,-225,11,1,1,20251111,OKC,GSW
Shot Chart Detail,0022500210,531,1628983,Shai Gilgeous-Alexander,1610612760,Oklahoma City Thunder,3,1,24,Missed Shot,Pullup Jump shot,2PT Field Goal,In The Paint (Non-RA),Center(C),8-16 ft.,12,9,125,1,0,20251111,OKC,GSW
Shot Chart Detail,0022500222,17,1628983,Shai Gilgeous-Alexander,1610612760,Oklahoma City Thunder,1,10,32,Missed Shot,Pullup Jump shot,2PT Field Goal,In The Paint (Non-RA),Center(C),8-16 ft.,13,-44,125,1,0,20251112,OKC,LAL
Shot Chart Detail,0022500222,30,1628983,Shai Gilgeous-Alexander,1610612760,Oklahoma City Thunder,1,8,48,Made Shot,Step Back Jump shot,3PT Field Goal,Left Corner 3,Left Side(L),24+ ft.,23,-233,42,1,1,20251112,OKC,LAL
Shot Chart Detail,0022500222,32,1628983,Shai Gilgeous-Alexander,1610612760,Oklahoma City Thunder,1,8,34,Made Shot,Step Back Jump shot,2PT Field Goal,Mid-Range,Center(C),16-24 ft.,17,12,171,1,1,20251112,OKC,LAL
Shot Chart Detail,0022500222,42,1628983,Shai Gilgeous-Alexander,1610612760,Oklahoma City Thunder,1,7,19,Made Shot,Driving Floating Jump Shot,2PT Field Goal,In The Paint (Non-RA),Center(C),Less Than 8 ft.,5,50,4,1,1,20251112,OKC,LAL
Shot Chart Detail,0022500222,74,1628983,Shai Gilgeous-Alexander,1610612760,Oklahoma City Thunder,1,5,19,Missed Shot,Fadeaway Jump Shot,2PT Field Goal,Mid-Range,Left Side(L),8-16 ft.,11,-118,-21,1,0,20251112,OKC,LAL
Shot Chart Detail,0022500222,117,1628983,Shai Gilgeous-Alexander,1610612760,Oklahoma City Thunder,1,2,23,Missed Shot,Step Back Jump shot,3PT Field Goal,Above the Break 3,Right Side Center(RC),24+ ft.,25,120,227,1,0,20251112,OKC,LAL
Shot Chart Detail,0022500222,125,1628983,Shai Gilgeous-Alexander,1610612760,Oklahoma City Thunder,1,1,35,Made Shot,Step Back Jump shot,3PT Field Goal,Above the Break 3,Left Side Center(LC),24+ ft.,24,-165,184,1,1,20251112,OKC,LAL
Shot Chart Detail,0022500222,270,1628983,Shai Gilgeous-Alexander,1610612760,Oklahoma City Thunder,2,4,50,Made Shot,Driving Finger Roll Layup Shot,2PT Field Goal,Restricted Area,Center(C),Less Than 8 ft.,1,-10,9,1,1,20251112,OKC,LAL
Shot Chart Detail,0022500222,307,1628983,Shai Gilgeous-Alexander,1610612760,Oklahoma City Thunder,2,2,55,Made Shot,Step Back Jump shot,2PT Field Goal,Mid-Range,Left Side(L),8-16 ft.,9,-92,31,1,1,20251112,OKC,LAL
Shot Chart Detail,0022500222,328,1628983,Shai Gilgeous-Alexander,1610612760,Oklahoma City Thunder,2,0,31,Missed Shot,Pullup Jump shot,3PT Field Goal,Above the Break 3,Right Side Center(RC),24+ ft.,25,130,215,1,0,20251112,OKC,LAL
Shot Chart Detail,0022500222,386,1628983,Shai Gilgeous-Alexander,1610612760,Oklahoma City Thunder,3,8,34,Missed Shot,Jump Shot,3PT Field Goal,Above the Break 3,Right Side Center(RC),24+ ft.,26,103,242,1,0,20251112,OKC,LAL
Shot Chart Detail,0022500222,394,1628983,Shai Gilgeous-Alexander,1610612760,Oklahoma City Thunder,3,8,4,Missed Shot,Pullup Jump shot,2PT Field Goal,Mid-Range,Left Side(L),8-16 ft.,15,-136,76,1,0,20251112,OKC,LAL
Shot Chart Detail,0022500222,396,1628983,Shai Gilgeous-Alexander,1610612760,Oklahoma City Thunder,3,7,57,Missed Shot,Jump Shot,3PT Field Goal,Above the Break 3,Left Side Center(LC),24+ ft.,29,-156,249,1,0,20251112,OKC,LAL
Shot Chart Detail,0022500222,417,1628983,Shai Gilgeous-Alexander,1610612760,Oklahoma City Thunder,3,7,0,Missed Shot,Step Back Jump shot,3PT Field Goal,Above the Break 3,Left Side Center(LC),24+ ft.,26,-88,252,1,0,20251112,OKC,LAL
Shot Chart Detail,0022500222,429,1628983,Shai Gilgeous-Alexander,1610612760,Oklahoma City Thunder,3,6,11,Made Shot,Step Back Jump shot,2PT Field Goal,In The Paint (Non-RA),Center(C),8-16 ft.,15,-75,132,1,1,20251112,OKC,LAL
Shot Chart Detail,0022500222,472,1628983,Shai Gilgeous-Alexander,1610612760,Oklahoma City Thunder,3,3,50,Made Shot,Driving Reverse Layup Shot,2PT Field Goal,Restricted Area,Center(C),Less Than 8 ft.,1,11,7,1,1,20251112,OKC,LAL
Shot Chart Detail,0022500222,496,1628983,Shai Gilgeous-Alexander,1610612760,Oklahoma City Thunder,3,1,48,Made Shot,Step Back Jump shot,2PT Field Goal,Mid-Range,Left Side(L),16-24 ft.,19,-183,62,1,1,20251112,OKC,LAL
Shot Chart Detail,0022500222,499,1628983,Shai Gilgeous-Alexander,1610612760,Oklahoma City Thunder,3,1,12,Made Shot,Step Back Jump shot,2PT Field Goal,Mid-Range,Center(C),8-16 ft.,15,-11,157,1,1,20251112,OKC,LAL
Shot Chart Detail,0022500229,8,1628983,Shai Gilgeous-Alexander,1610612760,Oklahoma City Thunder,1,11,21,Missed Shot,Jump Shot,2PT Field Goal,Mid-Range,Right Side Center(RC),16-24 ft.,17,138,106,1,0,20251115,CHA,OKC
Shot Chart Detail,0022500229,48,1628983,Shai Gilgeous-Alexander,1610612760,Oklahoma City Thunder,1,8,9,Made Shot,Turnaround Fadeaway shot,2PT Field Goal,Mid-Range,Right Side(R),8-16 ft.,13,99,87,1,1,20251115,CHA,OKC
Shot Chart Detail,0022500229,58,1628983,Shai Gilgeous-Alexander,1610612760,Oklahoma City Thunder,1,7,27,Missed Shot,Driving Layup Shot,2PT Field Goal,Restricted Area,Center(C),Less Than 8 ft.,3,27,16,1,0,20251115,CHA,OKC
Shot Chart Detail,0022500229,66,1628983,Shai Gilgeous-Alexander,1610612760,Oklahoma City Thunder,1,6,41,Made Shot,Pullup Jump shot,2PT Field Goal,Mid-Range,Right Side Center(RC),16-24 ft.,18,114,140,1,1,20251115,CHA,OKC
Shot Chart Detail,0022500229,101,1628983,Shai Gilgeous-Alexander,1610612760,Oklahoma City Thunder,1,4,40,Made Shot,Pullup Jump shot,3PT Field Goal,Above the Break 3,Left Side Center(LC),24+ ft.,25,-147,213,1,1,20251115,CHA,OKC
Shot Chart Detail,0022500229,147,1628983,Shai Gilgeous-Alexander,1610612760,Oklahoma City Thunder,1,0,58,Missed Shot,Jump Shot,2PT Field Goal,In The Paint (Non-RA),Right Side(R),8-16 ft.,8,44,71,1,0,20251115,CHA,OKC
Shot Chart Detail,0022500229,154,1628983,Shai Gilgeous-Alexander,1610612760,Oklahoma City Thunder,1,0,15,Missed Shot,Jump Shot,3PT Field Goal,Above the Break 3,Left Side Center(LC),24+ ft.,26,-119,232,1,0,20251115,CHA,OKC
Shot Chart Detail,0022500229,270,1628983,Shai Gilgeous-Alexander,1610612760,Oklahoma City Thunder,2,4,47,Made Shot,Step Back Jump shot,3PT Field Goal,Above the Break 3,Center(C),24+ ft.,25,-51,245,1,1,20251115,CHA,OKC
Shot Chart Detail,0022500229,277,1628983,Shai Gilgeous-Alexander,1610612760,Oklahoma City Thunder,2,3,51,Made Shot,Driving Layup Shot,2PT Field Goal,Restricted Area,Center(C),Less Than 8 ft.,1,-13,10,1,1,20251115,CHA,OKC
Shot Chart Detail,0022500229,289,1628983,Shai Gilgeous-Alexander,1610612760,Oklahoma City Thunder,2,2,48,Made Shot,Jump Shot,2PT Field Goal,Mid-Range,Right Side(R),8-16 ft.,15,151,40,1,1,20251115,CHA,OKC
Shot Chart Detail,0022500229,313,1628983,Shai Gilgeous-Alexander,1610612760,Oklahoma City Thunder,2,1,10,Made Shot,Driving Layup Shot,2PT Field Goal,Restricted Area,Center(C),Less Than 8 ft.,1,-15,8,1,1,20251115,CHA,OKC
Shot Chart Detail,0022500229,320,1628983,Shai Gilgeous-Alexander,1610612760,Oklahoma City Thunder,2,0,8,Missed Shot,Driving Layup Shot,2PT Field Goal,Restricted Area,Center(C),Less Than 8 ft.,2,-18,19,1,0,20251115,CHA,OKC
Shot Chart Detail,0022500229,348,1628983,Shai Gilgeous-Alexander,1610612760,Oklahoma City Thunder,3,10,4,Missed Shot,Driving Floating Jump Shot,2PT Field Goal,In The Paint (Non-RA),Center(C),8-16 ft.,12,-32,118,1,0,20251115,CHA,OKC
Shot Chart Detail,0022500229,350,1628983,Shai Gilgeous-Alexander,1610612760,Oklahoma City Thunder,3,9,55,Made Shot,Jump Shot,2PT Field Goal,In The Paint (Non-RA),Center(C),8-16 ft.,13,-38,131,1,1,20251115,CHA,OKC
Shot Chart Detail,0022500229,368,1628983,Shai Gilgeous-Alexander,1610612760,Oklahoma City Thunder,3,8,31,Made Shot,Jump Shot,3PT Field Goal,Above the Break 3,Right Side Center(RC),24+ ft.,26,87,253,1,1,20251115,CHA,OKC
Shot Chart Detail,0022500229,380,1628983,Shai Gilgeous-Alexander,1610612760,Oklahoma City Thunder,3,7,41,Made Shot,Driving Layup Shot,2PT Field Goal,Restricted Area,Center(C),Less Than 8 ft.,2,-5,27,1,1,20251115,CHA,OKC
Shot Chart Detail,0022500229,387,1628983,Shai Gilgeous-Alexander,1610612760,Oklahoma City Thunder,3,6,35,Made Shot,Cutting Layup Shot,2PT Field Goal,Restricted Area,Center(C),Less Than 8 ft.,2,18,22,1,1,20251115,CHA,OKC
Shot Chart Detail,0022500229,414,1628983,Shai Gilgeous-Alexander,1610612760,Oklahoma City Thunder,3,4,38,Made Shot,Driving Layup Shot,2PT Field Goal,Restricted Area,Center(C),Less Than 8 ft.,2,9,22,1,1,20251115,CHA,OKC
Shot Chart Detail,0022500229,425,1628983,Shai Gilgeous-Alexander,1610612760,Oklahoma City Thunder,3,3,46,Made Shot,Fadeaway Jump Shot,2PT Field Goal,Mid-Range,Left Side(L),8-16 ft.,13,-130,32,1,1,20251115,CHA,OKC
Shot Chart Detail,0022500247,84,1628983,Shai Gilgeous-Alexander,1610612760,Oklahoma City Thunder,1,5,24,Made Shot,Driving Finger Roll Layup Shot,2PT Field Goal,Restricted Area,Center(C),Less Than 8 ft.,3,-26,19,1,1,20251117,NOP,OKC
Shot Chart Detail,0022500247,115,1628983,Shai Gilgeous-Alexander,1610612760,Oklahoma City Thunder,1,3,17,Missed Shot,Step Back Jump shot,3PT Field Goal,Above the Break 3,Left Side Center(LC),24+ ft.,25,-88,243,1,0,20251117,NOP,OKC
Shot Chart Detail,0022500247,124,1628983,Shai Gilgeous-Alexander,1610612760,Oklahoma City Thunder,1,2,40,Missed Shot,Pullup Jump shot,3PT Field Goal,Above the Break 3,Center(C),24+ ft.,27,38,276,1,0,20251117,NOP,OKC
Shot Chart Detail,0022500247,128,1628983,Shai Gilgeous-Alexander,1610612760,Oklahoma City Thunder,1,2,11,Made Shot,Driving Layup Shot,2PT Field Goal,In The Paint (Non-RA),Center(C),Less Than 8 ft.,7,42,59,1,1,20251117,NOP,OKC
Shot Chart Detail,0022500247,372,1628983,Shai Gilgeous-Alexander,1610612760,Oklahoma City Thunder,3,10,52,Missed Shot,Finger Roll Layup Shot,2PT Field Goal,Restricted Area,Center(C),Less Than 8 ft.,2,25,8,1,0,20251117,NOP,OKC
Shot Chart Detail,0022500247,425,1628983,Shai Gilgeous-Alexander,1610612760,Oklahoma City Thunder,3,7,26,Made Shot,Step Back Jump shot,3PT Field Goal,Above the Break 3,Center(C),24+ ft.,26,-36,258,1,1,20251117,NOP,OKC
Shot Chart Detail,0022500247,474,1628983,Shai Gilgeous-Alexander,1610612760,Oklahoma City Thunder,3,3,50,Missed Shot,Step Back Jump shot,2PT Field Goal,Mid-Range,Right Side(R),8-16 ft.,13,130,-9,1,0,20251117,NOP,OKC
Shot Chart Detail,0022500247,498,1628983,Shai Gilgeous-Alexander,1610612760,Oklahoma City Thunder,3,2,14,Made Shot,Step Back Jump shot,3PT Field Goal,Above the Break 3,Left Side Center(LC),24+ ft.,25,-159,196,1,1,20251117,NOP,OKC
Shot Chart Detail,0022500247,518,1628983,Shai Gilgeous-Alexander,1610612760,Oklahoma City Thunder,3,0,59,Made Shot,Pullup Jump shot,3PT Field Goal,Above the Break 3,Center(C),24+ ft.,27,-7,273,1,1,20251117,NOP,OKC
Shot Chart Detail,0022500261,14,1628983,Shai Gilgeous-Alexander,1610612760,Oklahoma City Thunder,1,10,28,Missed Shot,Step Back Jump shot,2PT Field Goal,Mid-Range,Right Side(R),8-16 ft.,15,109,116,1,0,20251119,OKC,SAC
Shot Chart Detail,0022500261,26,1628983,Shai Gilgeous-Alexander,1610612760,Oklahoma City Thunder,1,9,27,Made Shot,Driving Reverse Layup Shot,2PT Field Goal,Restricted Area,Center(C),Less Than 8 ft.,3,29,19,1,1,20251119,OKC,SAC
Shot Chart Detail,0022500261,64,1628983,Shai Gilgeous-Alexander,1610612760,Oklahoma City Thunder,1,6,8,Missed Shot,Fadeaway Jump Shot,2PT Field Goal,In The Paint (Non-RA),Center(C),8-16 ft.,9,-39,89,1,0,20251119,OKC,SAC
Shot Chart Detail,0022500261,87,1628983,Shai Gilgeous-Alexander,1610612760,Oklahoma City Thunder,1,5,0,Made Shot,Pullup Jump shot,3PT Field Goal,Above the Break 3,Left Side Center(LC),24+ ft.,25,-148,205,1,1,20251119,OKC,SAC
Shot Chart Detail,0022500261,90,1628983,Shai Gilgeous-Alexander,1610612760,Oklahoma City Thunder,1,4,34,Missed Shot,Driving Layup Shot,2PT Field Goal,Restricted Area,Center(C),Less Than 8 ft.,3,-31,9,1,0,20251119,OKC,SAC
Shot Chart Detail,0022500261,92,1628983,Shai Gilgeous-Alexander,1610612760,Oklahoma City Thunder,1,4,31,Made Shot,Jump Shot,2PT Field Goal,Mid-Range,Left Side(L),8-16 ft.,8,-82,-7,1,1,20251119,OKC,SAC
Shot Chart Detail,0022500261,130,1628983,Shai Gilgeous-Alexander,1610612760,Oklahoma City Thunder,1,2,8,Made Shot,Turnaround Fadeaway shot,2PT Field Goal,Mid-Range,Right Side(R),8-16 ft.,11,116,-20,1,1,20251119,OKC,SAC
Shot Chart Detail,0022500261,257,1628983,Shai Gilgeous-Alexander,1610612760,Oklahoma City Thunder,2,5,23,Missed Shot,Fadeaway Bank shot,2PT Field Goal,Restricted Area,Center(C),Less Than 8 ft.,3,-38,0,1,0,20251119,OKC,SAC
Shot Chart Detail,0022500261,265,1628983,Shai Gilgeous-Alexander,1610612760,Oklahoma City Thunder,2,4,52,Made Shot,Turnaround Jump Shot,2PT Field Goal,In The Paint (Non-RA),Center(C),Less Than 8 ft.,6,44,50,1,1,20251119,OKC,SAC
Shot Chart Detail,0022500261,274,1628983,Shai Gilgeous-Alexander,1610612760,Oklahoma City Thunder,2,4,21,Made Shot,Jump Shot,2PT Field Goal,Mid-Range,Right Side(R),8-16 ft.,12,119,32,1,1,20251119,OKC,SAC
Shot Chart Detail,0022500261,322,1628983,Shai Gilgeous-Alexander,1610612760,Oklahoma City Thunder,2,0,47,Made Shot,Driving Dunk Shot,2PT Field Goal,Restricted Area,Center(C),Less Than 8 ft.,1,18,1,1,1,20251119,OKC,SAC
Shot Chart Detail,0022500261,327,1628983,Shai Gilgeous-Alexander,1610612760,Oklahoma City Thunder,2,0,35,Missed Shot,Pullup Jump shot,3PT Field Goal,Above the Break 3,Center(C),24+ ft.,25,49,246,1,0,20251119,OKC,SAC
Shot Chart Detail,0022500261,368,1628983,Shai Gilgeous-Alexander,1610612760,Oklahoma City Thunder,3,9,21,Made Shot,Fadeaway Jump Shot,2PT Field Goal,In The Paint (Non-RA),Center(C),8-16 ft.,10,-50,94,1,1,20251119,OKC,SAC
Shot Chart Detail,0022500261,379,1628983,Shai Gilgeous-Alexander,1610612760,Oklahoma City Thunder,3,8,54,Missed Shot,Step Back Jump shot,3PT Field Goal,Above the Break 3,Left Side Center(LC),24+ ft.,25,-110,235,1,0,20251119,OKC,SAC
Shot Chart Detail,0022500261,386,1628983,Shai Gilgeous-Alexander,1610612760,Oklahoma City Thunder,3,8,12,Missed Shot,Cutting Layup Shot,2PT Field Goal,In The Paint (Non-RA),Left Side(L),8-16 ft.,8,-75,43,1,0,20251119,OKC,SAC
Shot Chart Detail,0022500261,437,1628983,Shai Gilgeous-Alexander,1610612760,Oklahoma City Thunder,3,5,40,Made Shot,Driving Finger Roll Layup Shot,2PT Field Goal,Restricted Area,Center(C),Less Than 8 ft.,2,26,8,1,1,20251119,OKC,SAC
Shot Chart Detail,0022500261,466,1628983,Shai Gilgeous-Alexander,1610612760,Oklahoma City Thunder,3,3,11,Missed Shot,Pullup Jump shot,2PT Field Goal,Mid-Range,Right Side Center(RC),16-24 ft.,18,131,136,1,0,20251119,OKC,SAC
Shot Chart Detail,0022500261,490,1628983,Shai Gilgeous-Alexander,1610612760,Oklahoma City Thunder,3,2,3,Missed Shot,Driving Finger Roll Layup Shot,2PT Field Goal,Restricted Area,Center(C),Less Than 8 ft.,3,-28,16,1,0,20251119,OKC,SAC
Shot Chart Detail,0022500261,496,1628983,Shai Gilgeous-Alexander,1610612760,Oklahoma City Thunder,3,1,41,Made Shot,Driving Finger Roll Layup Shot,2PT Field Goal,In The Paint (Non-RA),Center(C),Less Than 8 ft.,4,-9,46,1,1,20251119,OKC,SAC
Shot Chart Detail,0022500261,506,1628983,Shai Gilgeous-Alexander,1610612760,Oklahoma City Thunder,3,0,38,Made Shot,Driving Floating Bank Jump Shot,2PT Field Goal,In The Paint (Non-RA),Right Side(R),8-16 ft.,14,76,118,1,1,20251119,OKC,SAC
Shot Chart Detail,0022500261,611,1628983,Shai Gilgeous-Alexander,1610612760,Oklahoma City Thunder,4,6,36,Missed Shot,Pullup Jump shot,2PT Field Goal,Mid-Range,Left Side(L),8-16 ft.,13,-130,26,1,0,20251119,OKC,SAC
Shot Chart Detail,0022500261,624,1628983,Shai Gilgeous-Alexander,1610612760,Oklahoma City Thunder,4,5,39,Missed Shot,Driving Floating Jump Shot,2PT Field Goal,In The Paint (Non-RA),Center(C),Less Than 8 ft.,4,12,48,1,0,20251119,OKC,SAC
Shot Chart Detail,0022500261,630,1628983,Shai Gilgeous-Alexander,1610612760,Oklahoma City Thunder,4,4,59,Made Shot,Step Back Bank Jump Shot,2PT Field Goal,Mid-Range,Right Side(R),8-16 ft.,15,153,-16,1,1,20251119,OKC,SAC
Shot Chart Detail,0022500261,641,1628983,Shai Gilgeous-Alexander,1610612760,Oklahoma City Thunder,4,4,20,Missed Shot,Driving Floating Jump Shot,2PT Field Goal,In The Paint (Non-RA),Center(C),Less Than 8 ft.,6,-20,63,1,0,20251119,OKC,SAC
Shot Chart Detail,0022500280,39,1628983,Shai Gilgeous-Alexander,1610612760,Oklahoma City Thunder,1,8,42,Made Shot,Step Back Jump shot,2PT Field Goal,Mid-Range,Right Side(R),8-16 ft.,9,91,0,1,1,20251123,OKC,POR
Shot Chart Detail,0022500280,59,1628983,Shai Gilgeous-Alexander,1610612760,Oklahoma City Thunder,1,7,26,Missed Shot,Driving Finger Roll Layup Shot,2PT Field Goal,Restricted Area,Center(C),Less Than 8 ft.,1,-9,10,1,0,20251123,OKC,POR
Shot Chart Detail,0022500280,68,1628983,Shai Gilgeous-Alexander,1610612760,Oklahoma City Thunder,1,6,58,Made Shot,Driving Layup Shot,2PT Field Goal,Restricted Area,Center(C),Less Than 8 ft.,1,-15,-10,1,1,20251123,OKC,POR
Shot Chart Detail,0022500280,76,1628983,Shai Gilgeous-Alexander,1610612760,Oklahoma City Thunder,1,6,27,Made Shot,Driving Finger Roll Layup Shot,2PT Field Goal,In The Paint (Non-RA),Center(C),Less Than 8 ft.,4,40,10,1,1,20251123,OKC,POR
Shot Chart Detail,0022500280,81,1628983,Shai Gilgeous-Alexander,1610612760,Oklahoma City Thunder,1,5,53,Made Shot,Driving Layup Shot,2PT Field Goal,Restricted Area,Center(C),Less Than 8 ft.,2,20,0,1,1,20251123,OKC,POR
Shot Chart Detail,0022500280,117,1628983,Shai Gilgeous-Alexander,1610612760,Oklahoma City Thunder,1,3,47,Made Shot,Driving Finger Roll Layup Shot,2PT Field Goal,Restricted Area,Center(C),Less Than 8 ft.,2,28,-7,1,1,20251123,OKC,POR
Shot Chart Detail,0022500280,146,1628983,Shai Gilgeous-Alexander,1610612760,Oklahoma City Thunder,1,1,30,Made Shot,Cutting Layup Shot,2PT Field Goal,Restricted Area,Center(C),Less Than 8 ft.,1,17,-2,1,1,20251123,OKC,POR
Shot Chart Detail,0022500280,303,1628983,Shai Gilgeous-Alexander,1610612760,Oklahoma City Thunder,2,4,11,Made Shot,Jump Shot,3PT Field Goal,Above the Break 3,Left Side Center(LC),24+ ft.,25,-98,231,1,1,20251123,OKC,POR
Shot Chart Detail,0022500280,307,1628983,Shai Gilgeous-Alexander,1610612760,Oklahoma City Thunder,2,3,46,Made Shot,Step Back Jump shot,2PT Field Goal,In The Paint (Non-RA),Center(C),8-16 ft.,14,48,134,1,1,20251123,OKC,POR
Shot Chart Detail,0022500280,371,1628983,Shai Gilgeous-Alexander,1610612760,Oklahoma City Thunder,2,0,34,Made Shot,Tip Layup Shot,2PT Field Goal,Restricted Area,Center(C),Less Than 8 ft.,0,5,6,1,1,20251123,OKC,POR
Shot Chart Detail,0022500280,381,1628983,Shai Gilgeous-Alexander,1610612760,Oklahoma City Thunder,2,0,2,Made Shot,Finger Roll Layup Shot,2PT Field Goal,In The Paint (Non-RA),Center(C),Less Than 8 ft.,4,44,22,1,1,20251123,OKC,POR
Shot Chart Detail,0022500280,416,1628983,Shai Gilgeous-Alexander,1610612760,Oklahoma City Thunder,3,9,59,Missed Shot,Turnaround Fadeaway shot,2PT Field Goal,Mid-Range,Right Side(R),8-16 ft.,10,102,-13,1,0,20251123,OKC,POR
Shot Chart Detail,0022500280,438,1628983,Shai Gilgeous-Alexander,1610612760,Oklahoma City Thunder,3,7,58,Missed Shot,Fadeaway Jump Shot,2PT Field Goal,Mid-Range,Right Side(R),8-16 ft.,12,120,-11,1,0,20251123,OKC,POR
Shot Chart Detail,0022500280,495,1628983,Shai Gilgeous-Alexander,1610612760,Oklahoma City Thunder,3,4,55,Made Shot,Pullup Jump shot,2PT Field Goal,In The Paint (Non-RA),Right Side(R),8-16 ft.,10,59,81,1,1,20251123,OKC,POR
Shot Chart Detail,0022500280,524,1628983,Shai Gilgeous-Alexander,1610612760,Oklahoma City Thunder,3,3,16,Missed Shot,Driving Floating Jump Shot,2PT Field Goal,In The Paint (Non-RA),Center(C),Less Than 8 ft.,4,4,42,1,0,20251123,OKC,POR
Shot Chart Detail,0022500280,539,1628983,Shai Gilgeous-Alexander,1610612760,Oklahoma City Thunder,3,2,12,Made Shot,Driving Floating Jump Shot,2PT Field Goal,In The Paint (Non-RA),Center(C),Less Than 8 ft.,7,7,78,1,1,20251123,OKC,POR
Shot Chart Detail,0022500280,544,1628983,Shai Gilgeous-Alexander,1610612760,Oklahoma City Thunder,3,1,38,Made Shot,Step Back Jump shot,3PT Field Goal,Above the Break 3,Right Side Center(RC),24+ ft.,25,110,233,1,1,20251123,OKC,POR
Shot Chart Detail,0022500280,552,1628983,Shai Gilgeous-Alexander,1610612760,Oklahoma City Thunder,3,0,40,Missed Shot,Step Back Jump shot,3PT Field Goal,Above the Break 3,Right Side Center(RC),24+ ft.,25,129,217,1,0,20251123,OKC,POR
Shot Chart Detail,0022500305,82,1628983,Shai Gilgeous-Alexander,1610612760,Oklahoma City Thunder,1,5,49,Made Shot,Pullup Jump shot,2PT Field Goal,In The Paint (Non-RA),Center(C),8-16 ft.,10,16,101,1,1,20251130,POR,OKC
Shot Chart Detail,0022500305,154,1628983,Shai Gilgeous-Alexander,1610612760,Oklahoma City Thunder,1,0,55,Missed Shot,Step Back Jump shot,3PT Field Goal,Above the Break 3,Left Side Center(LC),24+ ft.,26,-88,247,1,0,20251130,POR,OKC
Shot Chart Detail,0022500305,159,1628983,Shai Gilgeous-Alexander,1610612760,Oklahoma City Thunder,1,0,18,Missed Shot,Driving Floating Bank Jump Shot,2PT Field Goal,In The Paint (Non-RA),Center(C),Less Than 8 ft.,4,32,38,1,0,20251130,POR,OKC
Shot Chart Detail,0022500305,253,1628983,Shai Gilgeous-Alexander,1610612760,Oklahoma City Thunder,2,5,38,Made Shot,Driving Layup Shot,2PT Field Goal,Restricted Area,Center(C),Less Than 8 ft.,3,-32,8,1,1,20251130,POR,OKC
Shot Chart Detail,0022500305,263,1628983,Shai Gilgeous-Alexander,1610612760,Oklahoma City Thunder,2,5,13,Missed Shot,Driving Layup Shot,2PT Field Goal,In The Paint (Non-RA),Center(C),Less Than 8 ft.,4,-28,32,1,0,20251130,POR,OKC
Shot Chart Detail,0022500305,292,1628983,Shai Gilgeous-Alexander,1610612760,Oklahoma City Thunder,2,3,55,Missed Shot,Running Jump Shot,2PT Field Goal,Mid-Range,Left Side(L),8-16 ft.,15,-150,-4,1,0,20251130,POR,OKC
Shot Chart Detail,0022500305,305,1628983,Shai Gilgeous-Alexander,1610612760,Oklahoma City Thunder,2,3,19,Missed Shot,Step Back Jump shot,3PT Field Goal,Above the Break 3,Left Side Center(LC),24+ ft.,26,-186,190,1,0,20251130,POR,OKC
Shot Chart Detail,0022500305,332,1628983,Shai Gilgeous-Alexander,1610612760,Oklahoma City Thunder,2,1,56,Made Shot,Hook Bank Shot,2PT Field Goal,In The Paint (Non-RA),Center(C),Less Than 8 ft.,5,33,38,1,1,20251130,POR,OKC
Shot Chart Detail,0022500305,351,1628983,Shai Gilgeous-Alexander,1610612760,Oklahoma City Thunder,2,0,30,Made Shot,Running Layup Shot,2PT Field Goal,Restricted Area,Center(C),Less Than 8 ft.,2,17,22,1,1,20251130,POR,OKC
Shot Chart Detail,0022500305,434,1628983,Shai Gilgeous-Alexander,1610612760,Oklahoma City Thunder,3,5,26,Missed Shot,Driving Reverse Layup Shot,2PT Field Goal,Restricted Area,Center(C),Less Than 8 ft.,3,28,11,1,0,20251130,POR,OKC
Shot Chart Detail,0022500305,685,1628983,Shai Gilgeous-Alexander,1610612760,Oklahoma City Thunder,4,4,18,Made Shot,Step Back Jump shot,2PT Field Goal,Mid-Range,Left Side Center(LC),16-24 ft.,17,-96,151,1,1,20251130,POR,OKC
Shot Chart Detail,0022500305,697,1628983,Shai Gilgeous-Alexander,1610612760,Oklahoma City Thunder,4,3,35,Missed Shot,Jump Shot,3PT Field Goal,Above the Break 3,Left Side Center(LC),24+ ft.,24,-225,98,1,0,20251130,POR,OKC
Shot Chart Detail,0022500305,711,1628983,Shai Gilgeous-Alexander,1610612760,Oklahoma City Thunder,4,2,30,Made Shot,Turnaround Fadeaway shot,2PT Field Goal,Mid-Range,Right Side(R),8-16 ft.,14,142,25,1,1,20251130,POR,OKC
Shot Chart Detail,0022500305,717,1628983,Shai Gilgeous-Alexander,1610612760,Oklahoma City Thunder,4,1,23,Made Shot,Pullup Jump shot,2PT Field Goal,In The Paint (Non-RA),Center(C),8-16 ft.,11,-42,104,1,1,20251130,POR,OKC
Shot Chart Detail,0022500305,728,1628983,Shai Gilgeous-Alexander,1610612760,Oklahoma City Thunder,4,0,31,Made Shot,Pullup Jump shot,2PT Field Goal,Mid-Range,Right Side Center(RC),16-24 ft.,17,83,150,1,1,20251130,POR,OKC
Shot Chart Detail,0022500323,24,1628983,Shai Gilgeous-Alexander,1610612760,Oklahoma City Thunder,1,9,49,Made Shot,Step Back Jump shot,3PT Field Goal,Above the Break 3,Right Side Center(RC),24+ ft.,26,131,226,1,1,20251202,GSW,OKC
Shot Chart Detail,0022500323,102,1628983,Shai Gilgeous-Alexander,1610612760,Oklahoma City Thunder,1,4,6,Missed Shot,Step Back Jump shot,2PT Field Goal,Mid-Range,Right Side(R),8-16 ft.,12,100,71,1,0,20251202,GSW,OKC
Shot Chart Detail,0022500323,131,1628983,Shai Gilgeous-Alexander,1610612760,Oklahoma City Thunder,1,1,53,Made Shot,Driving Floating Bank Jump Shot,2PT Field Goal,In The Paint (Non-RA),Center(C),Less Than 8 ft.,6,-11,65,1,1,20251202,GSW,OKC
Shot Chart Detail,0022500323,134,1628983,Shai Gilgeous-Alexander,1610612760,Oklahoma City Thunder,1,1,16,Missed Shot,Driving Layup Shot,2PT Field Goal,Restricted Area,Center(C),Less Than 8 ft.,3,34,15,1,0,20251202,GSW,OKC
Shot Chart Detail,0022500323,140,1628983,Shai Gilgeous-Alexander,1610612760,Oklahoma City Thunder,1,0,49,Made Shot,Driving Floating Bank Jump Shot,2PT Field Goal,In The Paint (Non-RA),Center(C),Less Than 8 ft.,6,-59,34,1,1,20251202,GSW,OKC
Shot Chart Detail,0022500323,269,1628983,Shai Gilgeous-Alexander,1610612760,Oklahoma City Thunder,2,4,11,Missed Shot,Fadeaway Jump Shot,2PT Field Goal,In The Paint (Non-RA),Center(C),8-16 ft.,10,13,100,1,0,20251202,GSW,OKC
Shot Chart Detail,0022500323,283,1628983,Shai Gilgeous-Alexander,1610612760,Oklahoma City Thunder,2,2,49,Missed Shot,Step Back Jump shot,3PT Field Goal,Above the Break 3,Center(C),24+ ft.,27,-28,270,1,0,20251202,GSW,OKC
Shot Chart Detail,0022500323,287,1628983,Shai Gilgeous-Alexander,1610612760,Oklahoma City Thunder,2,2,24,Missed Shot,Driving Floating Bank Jump Shot,2PT Field Goal,In The Paint (Non-RA),Center(C),Less Than 8 ft.,5,32,41,1,0,20251202,GSW,OKC
Shot Chart Detail,0022500323,317,1628983,Shai Gilgeous-Alexander,1610612760,Oklahoma City Thunder,2,0,46,Made Shot,Driving Finger Roll Layup Shot,2PT Field Goal,In The Paint (Non-RA),Center(C),Less Than 8 ft.,7,-23,74,1,1,20251202,GSW,OKC
Shot Chart Detail,0022500323,321,1628983,Shai Gilgeous-Alexander,1610612760,Oklahoma City Thunder,2,0,25,Made Shot,Step Back Jump shot,3PT Field Goal,Above the Break 3,Left Side Center(LC),24+ ft.,27,-164,217,1,1,20251202,GSW,OKC
Shot Chart Detail,0022500323,324,1628983,Shai Gilgeous-Alexander,1610612760,Oklahoma City Thunder,2,0,0,Made Shot,Running Pull-Up Jump Shot,2PT Field Goal,In The Paint (Non-RA),Right Side(R),8-16 ft.,8,50,70,1,1,20251202,GSW,OKC
Shot Chart Detail,0022500323,356,1628983,Shai Gilgeous-Alexander,1610612760,Oklahoma City Thunder,3,10,23,Made Shot,Turnaround Fadeaway shot,2PT Field Goal,In The Paint (Non-RA),Center(C),8-16 ft.,9,-7,92,1,1,20251202,GSW,OKC
Shot Chart Detail,0022500323,401,1628983,Shai Gilgeous-Alexander,1610612760,Oklahoma City Thunder,3,6,13,Missed Shot,Fadeaway Jump Shot,2PT Field Goal,In The Paint (Non-RA),Center(C),8-16 ft.,14,64,132,1,0,20251202,GSW,OKC
Shot Chart Detail,0022500323,414,1628983,Shai Gilgeous-Alexander,1610612760,Oklahoma City Thunder,3,5,39,Made Shot,Jump Shot,3PT Field Goal,Left Corner 3,Left Side(L),24+ ft.,24,-239,30,1,1,20251202,GSW,OKC
Shot Chart Detail,0022500323,448,1628983,Shai Gilgeous-Alexander,1610612760,Oklahoma City Thunder,3,2,55,Missed Shot,Step Back Jump shot,2PT Field Goal,Mid-Range,Left Side Center(LC),16-24 ft.,18,-132,126,1,0,20251202,GSW,OKC
Shot Chart Detail,0022500323,463,1628983,Shai Gilgeous-Alexander,1610612760,Oklahoma City Thunder,3,2,7,Made Shot,Driving Reverse Layup Shot,2PT Field Goal,Restricted Area,Center(C),Less Than 8 ft.,3,-18,32,1,1,20251202,GSW,OKC
Shot Chart Detail,0022500323,481,1628983,Shai Gilgeous-Alexander,1610612760,Oklahoma City Thunder,3,0,37,Made Shot,Step Back Jump shot,3PT Field Goal,Above the Break 3,Center(C),24+ ft.,26,-32,262,1,1,20251202,GSW,OKC
Shot Chart Detail,0022500323,600,1628983,Shai Gilgeous-Alexander,1610612760,Oklahoma City Thunder,4,4,40,Made Shot,Pullup Jump shot,2PT Field Goal,In The Paint (Non-RA),Left Side(L),8-16 ft.,10,-66,87,1,1,20251202,GSW,OKC
Shot Chart Detail,0022500323,620,1628983,Shai Gilgeous-Alexander,1610612760,Oklahoma City Thunder,4,3,34,Made Shot,Step Back Jump shot,3PT Field Goal,Above the Break 3,Right Side Center(RC),24+ ft.,25,104,231,1,1,20251202,GSW,OKC
Shot Chart Detail,0022500323,632,1628983,Shai Gilgeous-Alexander,1610612760,Oklahoma City Thunder,4,2,35,Missed Shot,Driving Floating Jump Shot,2PT Field Goal,In The Paint (Non-RA),Center(C),Less Than 8 ft.,5,28,45,1,0,20251202,GSW,OKC
Shot Chart Detail,0022500323,642,1628983,Shai Gilgeous-Alexander,1610612760,Oklahoma City Thunder,4,1,30,Made Shot,Step Back Jump shot,2PT Field Goal,In The Paint (Non-RA),Left Side(L),8-16 ft.,11,-71,93,1,1,20251202,GSW,OKC
Shot Chart Detail,0022500349,11,1628983,Shai Gilgeous-Alexander,1610612760,Oklahoma City Thunder,1,11,16,Made Shot,Cutting Layup Shot,2PT Field Goal,Restricted Area,Center(C),Less Than 8 ft.,1,4,13,1,1,20251205,OKC,DAL
Shot Chart Detail,0022500349,34,1628983,Shai Gilgeous-Alexander,1610612760,Oklahoma City Thunder,1,9,27,Made Shot,Step Back Jump shot,2PT Field Goal,In The Paint (Non-RA),Center(C),8-16 ft.,14,-72,130,1,1,20251205,OKC,DAL
Shot Chart Detail,0022500349,94,1628983,Shai Gilgeous-Alexander,1610612760,Oklahoma City Thunder,1,3,56,Missed Shot,Driving Floating Jump Shot,2PT Field Goal,Restricted Area,Center(C),Less Than 8 ft.,1,12,4,1,0,20251205,OKC,DAL
Shot Chart Detail,0022500349,145,1628983,Shai Gilgeous-Alexander,1610612760,Oklahoma City Thunder,1,0,17,Made Shot,Turnaround Jump Shot,2PT Field Goal,Mid-Range,Left Side Center(LC),16-24 ft.,16,-71,147,1,1,20251205,OKC,DAL
Shot Chart Detail,0022500349,279,1628983,Shai Gilgeous-Alexander,1610612760,Oklahoma City Thunder,2,3,36,Made Shot,Driving Floating Jump Shot,2PT Field Goal,Restricted Area,Center(C),Less Than 8 ft.,2,-12,26,1,1,20251205,OKC,DAL
Shot Chart Detail,0022500349,281,1628983,Shai Gilgeous-Alexander,1610612760,Oklahoma City Thunder,2,3,12,Made Shot,Pullup Jump shot,2PT Field Goal,Mid-Range,Left Side(L),8-16 ft.,8,-85,-17,1,1,20251205,OKC,DAL
Shot Chart Detail,0022500349,387,1628983,Shai Gilgeous-Alexander,1610612760,Oklahoma City Thunder,3,9,33,Made Shot,Driving Finger Roll Layup Shot,2PT Field Goal,Restricted Area,Center(C),Less Than 8 ft.,1,17,7,1,1,20251205,OKC,DAL
Shot Chart Detail,0022500349,415,1628983,Shai Gilgeous-Alexander,1610612760,Oklahoma City Thunder,3,6,32,Made Shot,Jump Shot,3PT Field Goal,Above the Break 3,Right Side Center(RC),24+ ft.,25,157,204,1,1,20251205,OKC,DAL
Shot Chart Detail,0022500349,424,1628983,Shai Gilgeous-Alexander,1610612760,Oklahoma City Thunder,3,6,4,Made Shot,Turnaround Fadeaway shot,2PT Field Goal,Mid-Range,Left Side(L),8-16 ft.,10,-85,58,1,1,20251205,OKC,DAL
Shot Chart Detail,0022500349,443,1628983,Shai Gilgeous-Alexander,1610612760,Oklahoma City Thunder,3,4,26,Missed Shot,Pullup Jump shot,2PT Field Goal,In The Paint (Non-RA),Center(C),8-16 ft.,10,0,106,1,0,20251205,OKC,DAL
Shot Chart Detail,0022500349,465,1628983,Shai Gilgeous-Alexander,1610612760,Oklahoma City Thunder,3,3,14,Made Shot,Step Back Jump shot,3PT Field Goal,Above the Break 3,Right Side Center(RC),24+ ft.,25,154,200,1,1,20251205,OKC,DAL
Shot Chart Detail,0022500349,475,1628983,Shai Gilgeous-Alexander,1610612760,Oklahoma City Thunder,3,1,56,Made Shot,Driving Floating Bank Jump Shot,2PT Field Goal,Restricted Area,Center(C),Less Than 8 ft.,3,31,20,1,1,20251205,OKC,DAL
Shot Chart Detail,0022500369,19,1628983,Shai Gilgeous-Alexander,1610612760,Oklahoma City Thunder,1,10,15,Missed Shot,Driving Finger Roll Layup Shot,2PT Field Goal,Restricted Area,Center(C),Less Than 8 ft.,2,-18,13,1,0,20251218,OKC,LAC
Shot Chart Detail,0022500369,31,1628983,Shai Gilgeous-Alexander,1610612760,Oklahoma City Thunder,1,9,31,Missed Shot,Step Back Jump shot,3PT Field Goal,Above the Break 3,Left Side Center(LC),24+ ft.,25,-146,211,1,0,20251218,OKC,LAC
Shot Chart Detail,0022500369,47,1628983,Shai Gilgeous-Alexander,1610612760,Oklahoma City Thunder,1,8,6,Missed Shot,Driving Finger Roll Layup Shot,2PT Field Goal,Restricted Area,Center(C),Less Than 8 ft.,3,-33,13,1,0,20251218,OKC,LAC
Shot Chart Detail,0022500369,76,1628983,Shai Gilgeous-Alexander,1610612760,Oklahoma City Thunder,1,6,1,Missed Shot,Pullup Jump shot,2PT Field Goal,Mid-Range,Left Side Center(LC),16-24 ft.,17,-78,154,1,0,20251218,OKC,LAC
Shot Chart Detail,0022500369,120,1628983,Shai Gilgeous-Alexander,1610612760,Oklahoma City Thunder,1,2,48,Made Shot,Driving Layup Shot,2PT Field Goal,Restricted Area,Center(C),Less Than 8 ft.,2,16,-14,1,1,20251218,OKC,LAC
Shot Chart Detail,0022500369,167,1628983,Shai Gilgeous-Alexander,1610612760,Oklahoma City Thunder,1,0,50,Missed Shot,Pullup Jump shot,2PT Field Goal,Mid-Range,Center(C),16-24 ft.,16,48,158,1,0,20251218,OKC,LAC
Shot Chart Detail,0022500369,174,1628983,Shai Gilgeous-Alexander,1610612760,Oklahoma City Thunder,1,0,1,Made Shot,Driving Layup Shot,2PT Field Goal,Restricted Area,Center(C),Less Than 8 ft.,2,12,21,1,1,20251218,OKC,LAC
Shot Chart Detail,0022500369,281,1628983,Shai Gilgeous-Alexander,1610612760,Oklahoma City Thunder,2,4,8,Made Shot,Pullup Jump shot,2PT Field Goal,In The Paint (Non-RA),Right Side(R),8-16 ft.,8,74,32,1,1,20251218,OKC,LAC
Shot Chart Detail,0022500369,283,1628983,Shai Gilgeous-Alexander,1610612760,Oklahoma City Thunder,2,3,46,Made Shot,Driving Reverse Layup Shot,2PT Field Goal,Restricted Area,Center(C),Less Than 8 ft.,0,7,6,1,1,20251218,OKC,LAC
Shot Chart Detail,0022500369,285,1628983,Shai Gilgeous-Alexander,1610612760,Oklahoma City Thunder,2,3,12,Made Shot,Driving Reverse Layup Shot,2PT Field Goal,Restricted Area,Center(C),Less Than 8 ft.,1,11,10,1,1,20251218,OKC,LAC
Shot Chart Detail,0022500369,306,1628983,Shai Gilgeous-Alexander,1610612760,Oklahoma City Thunder,2,2,13,Missed Shot,Driving Layup Shot,2PT Field Goal,In The Paint (Non-RA),Center(C),Less Than 8 ft.,4,31,29,1,0,20251218,OKC,LAC
Shot Chart Detail,0022500369,312,1628983,Shai Gilgeous-Alexander,1610612760,Oklahoma City Thunder,2,1,49,Made Shot,Fadeaway Jump Shot,2PT Field Goal,In The Paint (Non-RA),Center(C),Less Than 8 ft.,7,-74,-5,1,1,20251218,OKC,LAC
Shot Chart Detail,0022500369,315,1628983,Shai Gilgeous-Alexander,1610612760,Oklahoma City Thunder,2,1,25,Missed Shot,Pullup Jump shot,3PT Field Goal,Above the Break 3,Right Side Center(RC),24+ ft.,26,92,252,1,0,20251218,OKC,LAC
Shot Chart Detail,0022500369,354,1628983,Shai Gilgeous-Alexander,1610612760,Oklahoma City Thunder,3,11,30,Made Shot,Driving Layup Shot,2PT Field Goal,In The Paint (Non-RA),Center(C),Less Than 8 ft.,4,44,6,1,1,20251218,OKC,LAC
Shot Chart Detail,0022500369,357,1628983,Shai Gilgeous-Alexander,1610612760,Oklahoma City Thunder,3,10,54,Made Shot,Fadeaway Jump Shot,2PT Field Goal,Mid-Range,Right Side(R),8-16 ft.,11,110,5,1,1,20251218,OKC,LAC
Shot Chart Detail,0022500369,402,1628983,Shai Gilgeous-Alexander,1610612760,Oklahoma City Thunder,3,7,30,Missed Shot,Pullup Jump shot,3PT Field Goal,Above the Break 3,Center(C),24+ ft.,25,36,257,1,0,20251218,OKC,LAC
Shot Chart Detail,0022500369,405,1628983,Shai Gilgeous-Alexander,1610612760,Oklahoma City Thunder,3,6,58,Missed Shot,Driving Layup Shot,2PT Field Goal,Restricted Area,Center(C),Less Than 8 ft.,2,27,-4,1,0,20251218,OKC,LAC
Shot Chart Detail,0022500369,424,1628983,Shai Gilgeous-Alexander,1610612760,Oklahoma City Thunder,3,5,24,Made Shot,Step Back Jump shot,3PT Field Goal,Above the Break 3,Left Side Center(LC),24+ ft.,24,-124,214,1,1,20251218,OKC,LAC
Shot Chart Detail,0022500369,456,1628983,Shai Gilgeous-Alexander,1610612760,Oklahoma City Thunder,3,3,14,Made Shot,Running Layup Shot,2PT Field Goal,Restricted Area,Center(C),Less Than 8 ft.,1,6,-13,1,1,20251218,OKC,LAC
Shot Chart Detail,0022500369,467,1628983,Shai Gilgeous-Alexander,1610612760,Oklahoma City Thunder,3,2,49,Made Shot,Pullup Jump shot,2PT Field Goal,Mid-Range,Center(C),8-16 ft.,14,39,141,1,1,20251218,OKC,LAC
Shot Chart Detail,0022500369,470,1628983,Shai Gilgeous-Alexander,1610612760,Oklahoma City Thunder,3,2,30,Missed Shot,Running Pull-Up Jump Shot,3PT Field Goal,Above the Break 3,Right Side Center(RC),24+ ft.,25,129,224,1,0,20251218,OKC,LAC
Shot Chart Detail,0022500369,479,1628983,Shai Gilgeous-Alexander,1610612760,Oklahoma City Thunder,3,1,39,Missed Shot,Driving Layup Shot,2PT Field Goal,Restricted Area,Center(C),Less Than 8 ft.,2,21,4,1,0,20251218,OKC,LAC
Shot Chart Detail,0022500369,485,1628983,Shai Gilgeous-Alexander,1610612760,Oklahoma City Thunder,3,1,14,Made Shot,Running Dunk Shot,2PT Field Goal,Restricted Area,Center(C),Less Than 8 ft.,0,0,-4,1,1,20251218,OKC,LAC
Shot Chart Detail,0022500369,500,1628983,Shai Gilgeous-Alexander,1610612760,Oklahoma City Thunder,3,0,16,Made Shot,Step Back Jump shot,3PT Field Goal,Above the Break 3,Left Side Center(LC),24+ ft.,24,-156,195,1,1,20251218,OKC,LAC
Shot Chart Detail,0022500385,32,1628983,Shai Gilgeous-Alexander,1610612760,Oklahoma City Thunder,1,9,15,Made Shot,Running Layup Shot,2PT Field Goal,Restricted Area,Center(C),Less Than 8 ft.,1,-1,15,1,1,20251219,MIN,OKC
Shot Chart Detail,0022500385,35,1628983,Shai Gilgeous-Alexander,1610612760,Oklahoma City Thunder,1,8,45,Made Shot,Pullup Jump shot,2PT Field Goal,In The Paint (Non-RA),Center(C),8-16 ft.,13,-61,126,1,1,20251219,MIN,OKC
Shot Chart Detail,0022500385,57,1628983,Shai Gilgeous-Alexander,1610612760,Oklahoma City Thunder,1,6,56,Made Shot,Pullup Jump shot,3PT Field Goal,Above the Break 3,Left Side Center(LC),24+ ft.,25,-189,165,1,1,20251219,MIN,OKC
Shot Chart Detail,0022500385,93,1628983,Shai Gilgeous-Alexander,1610612760,Oklahoma City Thunder,1,4,28,Missed Shot,Step Back Jump shot,2PT Field Goal,Mid-Range,Left Side(L),8-16 ft.,14,-118,80,1,0,20251219,MIN,OKC
Shot Chart Detail,0022500385,131,1628983,Shai Gilgeous-Alexander,1610612760,Oklahoma City Thunder,1,2,26,Made Shot,Driving Layup Shot,2PT Field Goal,Restricted Area,Center(C),Less Than 8 ft.,1,-10,13,1,1,20251219,MIN,OKC
Shot Chart Detail,0022500385,281,1628983,Shai Gilgeous-Alexander,1610612760,Oklahoma City Thunder,2,4,40,Missed Shot,Pullup Jump shot,2PT Field Goal,In The Paint (Non-RA),Center(C),8-16 ft.,13,-28,130,1,0,20251219,MIN,OKC
Shot Chart Detail,0022500385,304,1628983,Shai Gilgeous-Alexander,1610612760,Oklahoma City Thunder,2,3,49,Missed Shot,Driving Layup Shot,2PT Field Goal,In The Paint (Non-RA),Center(C),8-16 ft.,11,21,113,1,0,20251219,MIN,OKC
Shot Chart Detail,0022500385,349,1628983,Shai Gilgeous-Alexander,1610612760,Oklahoma City Thunder,2,0,35,Missed Shot,Driving Layup Shot,2PT Field Goal,Restricted Area,Center(C),Less Than 8 ft.,1,7,18,1,0,20251219,MIN,OKC
Shot Chart Detail,0022500385,367,1628983,Shai Gilgeous-Alexander,1610612760,Oklahoma City Thunder,3,11,1,Missed Shot,Pullup Jump shot,2PT Field Goal,Mid-Range,Left Side(L),8-16 ft.,15,-92,125,1,0,20251219,MIN,OKC
Shot Chart Detail,0022500385,392,1628983,Shai Gilgeous-Alexander,1610612760,Oklahoma City Thunder,3,9,7,Made Shot,Driving Finger Roll Layup Shot,2PT Field Goal,Restricted Area,Center(C),Less Than 8 ft.,1,-16,9,1,1,20251219,MIN,OKC
Shot Chart Detail,0022500385,426,1628983,Shai Gilgeous-Alexander,1610612760,Oklahoma City Thunder,3,6,52,Missed Shot,Driving Floating Jump Shot,2PT Field Goal,In The Paint (Non-RA),Center(C),8-16 ft.,11,2,110,1,0,20251219,MIN,OKC
Shot Chart Detail,0022500385,446,1628983,Shai Gilgeous-Alexander,1610612760,Oklahoma City Thunder,3,5,39,Missed Shot,Pullup Jump shot,3PT Field Goal,Above the Break 3,Right Side Center(RC),24+ ft.,24,110,218,1,0,20251219,MIN,OKC
Shot Chart Detail,0022500385,453,1628983,Shai Gilgeous-Alexander,1610612760,Oklahoma City Thunder,3,5,8,Made Shot,Jump Shot,3PT Field Goal,Above the Break 3,Left Side Center(LC),24+ ft.,25,-125,218,1,1,20251219,MIN,OKC
Shot Chart Detail,0022500385,459,1628983,Shai Gilgeous-Alexander,1610612760,Oklahoma City Thunder,3,4,38,Missed Shot,Jump Shot,3PT Field Goal,Above the Break 3,Left Side Center(LC),24+ ft.,25,-78,239,1,0,20251219,MIN,OKC
Shot Chart Detail,0022500385,506,1628983,Shai Gilgeous-Alexander,1610612760,Oklahoma City Thunder,3,1,50,Missed Shot,Step Back Jump shot,3PT Field Goal,Above the Break 3,Right Side Center(RC),24+ ft.,24,219,117,1,0,20251219,MIN,OKC
Shot Chart Detail,0022500385,508,1628983,Shai Gilgeous-Alexander,1610612760,Oklahoma City Thunder,3,1,45,Made Shot,Cutting Dunk Shot,2PT Field Goal,Restricted Area,Center(C),Less Than 8 ft.,1,-5,13,1,1,20251219,MIN,OKC
Shot Chart Detail,0022500385,520,1628983,Shai Gilgeous-Alexander,1610612760,Oklahoma City Thunder,3,0,53,Made Shot,Driving Layup Shot,2PT Field Goal,Restricted Area,Center(C),Less Than 8 ft.,0,-4,8,1,1,20251219,MIN,OKC
Shot Chart Detail,0022500385,528,1628983,Shai Gilgeous-Alexander,1610612760,Oklahoma City Thunder,3,0,33,Missed Shot,Pullup Jump shot,2PT Field Goal,In The Paint (Non-RA),Center(C),8-16 ft.,12,33,124,1,0,20251219,MIN,OKC
Shot Chart Detail,0022500385,638,1628983,Shai Gilgeous-Alexander,1610612760,Oklahoma City Thunder,4,6,26,Missed Shot,Step Back Jump shot,2PT Field Goal,Mid-Range,Left Side(L),8-16 ft.,14,-140,13,1,0,20251219,MIN,OKC
Shot Chart Detail,0022500385,644,1628983,Shai Gilgeous-Alexander,1610612760,Oklahoma City Thunder,4,6,13,Missed Shot,Running Layup Shot,2PT Field Goal,In The Paint (Non-RA),Center(C),Less Than 8 ft.,4,-29,29,1,0,20251219,MIN,OKC
Shot Chart Detail,0022500385,656,1628983,Shai Gilgeous-Alexander,1610612760,Oklahoma City Thunder,4,5,30,Made Shot,Step Back Jump shot,2PT Field Goal,Mid-Range,Left Side Center(LC),16-24 ft.,19,-110,167,1,1,20251219,MIN,OKC
Shot Chart Detail,0022500385,670,1628983,Shai Gilgeous-Alexander,1610612760,Oklahoma City Thunder,4,4,58,Made Shot,Driving Floating Bank Jump Shot,2PT Field Goal,In The Paint (Non-RA),Center(C),8-16 ft.,12,-55,108,1,1,20251219,MIN,OKC
Shot Chart Detail,0022500385,691,1628983,Shai Gilgeous-Alexander,1610612760,Oklahoma City Thunder,4,3,39,Missed Shot,Step Back Jump shot,3PT Field Goal,Above the Break 3,Left Side Center(LC),24+ ft.,25,-184,180,1,0,20251219,MIN,OKC
Shot Chart Detail,0022500385,693,1628983,Shai Gilgeous-Alexander,1610612760,Oklahoma City Thunder,4,3,28,Made Shot,Jump Shot,2PT Field Goal,Mid-Range,Left Side(L),8-16 ft.,11,-119,6,1,1,20251219,MIN,OKC
Shot Chart Detail,0022500385,716,1628983,Shai Gilgeous-Alexander,1610612760,Oklahoma City Thunder,4,1,56,Made Shot,Step Back Jump shot,3PT Field Goal,Above the Break 3,Center(C),24+ ft.,24,-65,240,1,1,20251219,MIN,OKC
Shot Chart Detail,0022500385,738,1628983,Shai Gilgeous-Alexander,1610612760,Oklahoma City Thunder,4,0,32,Missed Shot,Driving Layup Shot,2PT Field Goal,Restricted Area,Center(C),Less Than 8 ft.,1,-2,10,1,0,20251219,MIN,OKC
Shot Chart Detail,0022500406,18,1628983,Shai Gilgeous-Alexander,1610612760,Oklahoma City Thunder,1,10,35,Missed Shot,Driving Floating Jump Shot,2PT Field Goal,In The Paint (Non-RA),Center(C),Less Than 8 ft.,4,-47,-10,1,0,20251222,OKC,MEM
Shot Chart Detail,0022500406,58,1628983,Shai Gilgeous-Alexander,1610612760,Oklahoma City Thunder,1,7,4,Missed Shot,Running Pull-Up Jump Shot,2PT Field Goal,In The Paint (Non-RA),Center(C),8-16 ft.,10,27,105,1,0,20251222,OKC,MEM
Shot Chart Detail,0022500406,62,1628983,Shai Gilgeous-Alexander,1610612760,Oklahoma City Thunder,1,6,45,Made Shot,Driving Floating Jump Shot,2PT Field Goal,In The Paint (Non-RA),Right Side(R),8-16 ft.,8,47,68,1,1,20251222,OKC,MEM
Shot Chart Detail,0022500406,68,1628983,Shai Gilgeous-Alexander,1610612760,Oklahoma City Thunder,1,5,47,Made Shot,Driving Reverse Layup Shot,2PT Field Goal,Restricted Area,Center(C),Less Than 8 ft.,1,-13,-10,1,1,20251222,OKC,MEM
Shot Chart Detail,0022500406,84,1628983,Shai Gilgeous-Alexander,1610612760,Oklahoma City Thunder,1,5,9,Missed Shot,Step Back Jump shot,2PT Field Goal,Mid-Range,Center(C),8-16 ft.,15,-66,143,1,0,20251222,OKC,MEM
Shot Chart Detail,0022500406,103,1628983,Shai Gilgeous-Alexander,1610612760,Oklahoma City Thunder,1,3,56,Missed Shot,Step Back Jump shot,2PT Field Goal,Mid-Range,Center(C),16-24 ft.,18,36,185,1,0,20251222,OKC,MEM
Shot Chart Detail,0022500406,110,1628983,Shai Gilgeous-Alexander,1610612760,Oklahoma City Thunder,1,3,27,Made Shot,Running Alley Oop Dunk Shot,2PT Field Goal,Restricted Area,Center(C),Less Than 8 ft.,0,-9,0,1,1,20251222,OKC,MEM
Shot Chart Detail,0022500406,291,1628983,Shai Gilgeous-Alexander,1610612760,Oklahoma City Thunder,2,5,9,Made Shot,Pullup Jump shot,3PT Field Goal,Above the Break 3,Center(C),24+ ft.,24,31,248,1,1,20251222,OKC,MEM
Shot Chart Detail,0022500406,331,1628983,Shai Gilgeous-Alexander,1610612760,Oklahoma City Thunder,2,1,42,Made Shot,Running Reverse Layup Shot,2PT Field Goal,Restricted Area,Center(C),Less Than 8 ft.,3,-29,-10,1,1,20251222,OKC,MEM
Shot Chart Detail,0022500406,345,1628983,Shai Gilgeous-Alexander,1610612760,Oklahoma City Thunder,2,0,48,Made Shot,Pullup Jump shot,2PT Field Goal,In The Paint (Non-RA),Center(C),8-16 ft.,13,60,119,1,1,20251222,OKC,MEM
Shot Chart Detail,0022500406,421,1628983,Shai Gilgeous-Alexander,1610612760,Oklahoma City Thunder,3,6,42,Missed Shot,Pullup Jump shot,2PT Field Goal,Mid-Range,Left Side(L),8-16 ft.,12,-123,4,1,0,20251222,OKC,MEM
Shot Chart Detail,0022500406,451,1628983,Shai Gilgeous-Alexander,1610612760,Oklahoma City Thunder,3,5,2,Missed Shot,Pullup Jump shot,2PT Field Goal,Mid-Range,Left Side(L),16-24 ft.,16,-153,59,1,0,20251222,OKC,MEM
Shot Chart Detail,0022500406,455,1628983,Shai Gilgeous-Alexander,1610612760,Oklahoma City Thunder,3,4,45,Missed Shot,Running Reverse Layup Shot,2PT Field Goal,Restricted Area,Center(C),Less Than 8 ft.,3,1,31,1,0,20251222,OKC,MEM
Shot Chart Detail,0022500406,522,1628983,Shai Gilgeous-Alexander,1610612760,Oklahoma City Thunder,4,11,34,Made Shot,Step Back Jump shot,2PT Field Goal,In The Paint (Non-RA),Center(C),8-16 ft.,15,-59,138,1,1,20251222,OKC,MEM
Shot Chart Detail,0022500406,542,1628983,Shai Gilgeous-Alexander,1610612760,Oklahoma City Thunder,4,9,42,Missed Shot,Jump Shot,3PT Field Goal,Above the Break 3,Left Side Center(LC),24+ ft.,25,-184,183,1,0,20251222,OKC,MEM
Shot Chart Detail,0022500406,548,1628983,Shai Gilgeous-Alexander,1610612760,Oklahoma City Thunder,4,9,7,Missed Shot,Step Back Jump shot,2PT Field Goal,In The Paint (Non-RA),Center(C),8-16 ft.,10,-13,106,1,0,20251222,OKC,MEM
Shot Chart Detail,0022500406,572,1628983,Shai Gilgeous-Alexander,1610612760,Oklahoma City Thunder,4,8,7,Made Shot,Step Back Jump shot,3PT Field Goal,Above the Break 3,Right Side Center(RC),24+ ft.,25,152,204,1,1,20251222,OKC,MEM
Shot Chart Detail,0022500406,620,1628983,Shai Gilgeous-Alexander,1610612760,Oklahoma City Thunder,4,5,17,Made Shot,Step Back Jump shot,3PT Field Goal,Above the Break 3,Center(C),24+ ft.,27,74,262,1,1,20251222,OKC,MEM
Shot Chart Detail,0022500406,641,1628983,Shai Gilgeous-Alexander,1610612760,Oklahoma City Thunder,4,3,18,Made Shot,Step Back Jump shot,2PT Field Goal,Mid-Range,Center(C),16-24 ft.,18,-2,184,1,1,20251222,OKC,MEM
Shot Chart Detail,0022500406,644,1628983,Shai Gilgeous-Alexander,1610612760,Oklahoma City Thunder,4,2,46,Made Shot,Driving Layup Shot,2PT Field Goal,Restricted Area,Center(C),Less Than 8 ft.,1,-11,13,1,1,20251222,OKC,MEM
Shot Chart Detail,0022500417,23,1628983,Shai Gilgeous-Alexander,1610612760,Oklahoma City Thunder,1,10,24,Made Shot,Step Back Jump shot,2PT Field Goal,Mid-Range,Left Side(L),8-16 ft.,8,-89,8,1,1,20251223,SAS,OKC
Shot Chart Detail,0022500417,29,1628983,Shai Gilgeous-Alexander,1610612760,Oklahoma City Thunder,1,9,57,Made Shot,Step Back Jump shot,2PT Field Goal,Mid-Range,Center(C),8-16 ft.,14,-11,141,1,1,20251223,SAS,OKC
Shot Chart Detail,0022500417,171,1628983,Shai Gilgeous-Alexander,1610612760,Oklahoma City Thunder,2,10,47,Missed Shot,Pullup Jump shot,2PT Field Goal,Mid-Range,Center(C),16-24 ft.,17,-6,173,1,0,20251223,SAS,OKC
Shot Chart Detail,0022500417,184,1628983,Shai Gilgeous-Alexander,1610612760,Oklahoma City Thunder,2,9,35,Missed Shot,Driving Finger Roll Layup Shot,2PT Field Goal,In The Paint (Non-RA),Center(C),Less Than 8 ft.,4,31,29,1,0,20251223,SAS,OKC
Shot Chart Detail,0022500417,190,1628983,Shai Gilgeous-Alexander,1610612760,Oklahoma City Thunder,2,9,7,Made Shot,Fadeaway Jump Shot,2PT Field Goal,Mid-Range,Left Side(L),8-16 ft.,8,-81,3,1,1,20251223,SAS,OKC
Shot Chart Detail,0022500417,202,1628983,Shai Gilgeous-Alexander,1610612760,Oklahoma City Thunder,2,8,39,Made Shot,Driving Layup Shot,2PT Field Goal,Restricted Area,Center(C),Less Than 8 ft.,1,17,1,1,1,20251223,SAS,OKC
Shot Chart Detail,0022500417,237,1628983,Shai Gilgeous-Alexander,1610612760,Oklahoma City Thunder,2,5,37,Made Shot,Driving Layup Shot,2PT Field Goal,Restricted Area,Center(C),Less Than 8 ft.,1,15,6,1,1,20251223,SAS,OKC
Shot Chart Detail,0022500417,277,1628983,Shai Gilgeous-Alexander,1610612760,Oklahoma City Thunder,2,3,24,Missed Shot,Pullup Jump shot,3PT Field Goal,Above the Break 3,Left Side Center(LC),24+ ft.,25,-168,195,1,0,20251223,SAS,OKC
Shot Chart Detail,0022500417,280,1628983,Shai Gilgeous-Alexander,1610612760,Oklahoma City Thunder,2,3,0,Made Shot,Turnaround Jump Shot,2PT Field Goal,In The Paint (Non-RA),Center(C),8-16 ft.,11,34,108,1,1,20251223,SAS,OKC
Shot Chart Detail,0022500417,314,1628983,Shai Gilgeous-Alexander,1610612760,Oklahoma City Thunder,2,1,1,Made Shot,Step Back Jump shot,2PT Field Goal,Mid-Range,Left Side(L),8-16 ft.,9,-96,-2,1,1,20251223,SAS,OKC
Shot Chart Detail,0022500417,361,1628983,Shai Gilgeous-Alexander,1610612760,Oklahoma City Thunder,3,9,46,Missed Shot,Step Back Jump shot,2PT Field Goal,Mid-Range,Left Side(L),8-16 ft.,13,-136,28,1,0,20251223,SAS,OKC
Shot Chart Detail,0022500417,363,1628983,Shai Gilgeous-Alexander,1610612760,Oklahoma City Thunder,3,9,42,Missed Shot,Jump Shot,3PT Field Goal,Left Corner 3,Left Side(L),24+ ft.,23,-235,13,1,0,20251223,SAS,OKC
Shot Chart Detail,0022500417,367,1628983,Shai Gilgeous-Alexander,1610612760,Oklahoma City Thunder,3,9,19,Made Shot,Step Back Jump shot,2PT Field Goal,In The Paint (Non-RA),Left Side(L),8-16 ft.,12,-66,109,1,1,20251223,SAS,OKC
Shot Chart Detail,0022500417,370,1628983,Shai Gilgeous-Alexander,1610612760,Oklahoma City Thunder,3,8,54,Made Shot,Pullup Jump shot,2PT Field Goal,In The Paint (Non-RA),Center(C),8-16 ft.,13,-40,127,1,1,20251223,SAS,OKC
Shot Chart Detail,0022500417,381,1628983,Shai Gilgeous-Alexander,1610612760,Oklahoma City Thunder,3,8,6,Missed Shot,Jump Shot,3PT Field Goal,Above the Break 3,Center(C),24+ ft.,29,7,296,1,0,20251223,SAS,OKC
Shot Chart Detail,0022500417,398,1628983,Shai Gilgeous-Alexander,1610612760,Oklahoma City Thunder,3,6,46,Made Shot,Driving Finger Roll Layup Shot,2PT Field Goal,Restricted Area,Center(C),Less Than 8 ft.,2,18,22,1,1,20251223,SAS,OKC
Shot Chart Detail,0022500417,466,1628983,Shai Gilgeous-Alexander,1610612760,Oklahoma City Thunder,3,1,25,Made Shot,Step Back Jump shot,3PT Field Goal,Above the Break 3,Left Side Center(LC),24+ ft.,25,-143,215,1,1,20251223,SAS,OKC
Shot Chart Detail,0022500417,494,1628983,Shai Gilgeous-Alexander,1610612760,Oklahoma City Thunder,4,11,38,Made Shot,Step Back Jump shot,2PT Field Goal,Mid-Range,Right Side Center(RC),16-24 ft.,16,112,117,1,1,20251223,SAS,OKC
Shot Chart Detail,0022500417,496,1628983,Shai Gilgeous-Alexander,1610612760,Oklahoma City Thunder,4,11,8,Made Shot,Step Back Jump shot,2PT Field Goal,Mid-Range,Center(C),8-16 ft.,13,11,139,1,1,20251223,SAS,OKC
Shot Chart Detail,0022500417,535,1628983,Shai Gilgeous-Alexander,1610612760,Oklahoma City Thunder,4,8,10,Missed Shot,Step Back Jump shot,2PT Field Goal,Mid-Range,Left Side(L),8-16 ft.,14,-136,34,1,0,20251223,SAS,OKC
Shot Chart Detail,0022500417,577,1628983,Shai Gilgeous-Alexander,1610612760,Oklahoma City Thunder,4,5,12,Made Shot,Step Back Jump shot,2PT Field Goal,In The Paint (Non-RA),Left Side(L),8-16 ft.,12,-64,107,1,1,20251223,SAS,OKC
Shot Chart Detail,0022500417,598,1628983,Shai Gilgeous-Alexander,1610612760,Oklahoma City Thunder,4,3,19,Missed Shot,Jump Shot,2PT Field Goal,Mid-Range,Right Side(R),8-16 ft.,13,123,53,1,0,20251223,SAS,OKC
Shot Chart Detail,0022500442,9,1628983,Shai Gilgeous-Alexander,1610612760,Oklahoma City Thunder,1,11,39,Made Shot,Step Back Jump shot,2PT Field Goal,In The Paint (Non-RA),Right Side(R),8-16 ft.,12,71,106,1,1,20251228,OKC,PHI
Shot Chart Detail,0022500442,65,1628983,Shai Gilgeous-Alexander,1610612760,Oklahoma City Thunder,1,5,52,Made Shot,Step Back Jump shot,2PT Field Goal,Mid-Range,Left Side Center(LC),16-24 ft.,17,-107,143,1,1,20251228,OKC,PHI
Shot Chart Detail,0022500442,108,1628983,Shai Gilgeous-Alexander,1610612760,Oklahoma City Thunder,1,2,56,Made Shot,Fadeaway Jump Shot,2PT Field Goal,Mid-Range,Right Side(R),16-24 ft.,18,164,88,1,1,20251228,OKC,PHI
Shot Chart Detail,0022500442,114,1628983,Shai Gilgeous-Alexander,1610612760,Oklahoma City Thunder,1,2,21,Missed Shot,Turnaround Fadeaway shot,2PT Field Goal,In The Paint (Non-RA),Center(C),Less Than 8 ft.,7,12,77,1,0,20251228,OKC,PHI
Shot Chart Detail,0022500442,278,1628983,Shai Gilgeous-Alexander,1610612760,Oklahoma City Thunder,2,3,19,Made Shot,Driving Layup Shot,2PT Field Goal,Restricted Area,Center(C),Less Than 8 ft.,0,-7,-7,1,1,20251228,OKC,PHI
Shot Chart Detail,0022500442,280,1628983,Shai Gilgeous-Alexander,1610612760,Oklahoma City Thunder,2,2,40,Made Shot,Driving Finger Roll Layup Shot,2PT Field Goal,Restricted Area,Center(C),Less Than 8 ft.,3,31,4,1,1,20251228,OKC,PHI
Shot Chart Detail,0022500442,294,1628983,Shai Gilgeous-Alexander,1610612760,Oklahoma City Thunder,2,1,53,Missed Shot,Pullup Jump shot,3PT Field Goal,Above the Break 3,Right Side Center(RC),24+ ft.,24,110,222,1,0,20251228,OKC,PHI
Shot Chart Detail,0022500442,305,1628983,Shai Gilgeous-Alexander,1610612760,Oklahoma City Thunder,2,1,3,Made Shot,Running Layup Shot,2PT Field Goal,Restricted Area,Center(C),Less Than 8 ft.,0,2,4,1,1,20251228,OKC,PHI
Shot Chart Detail,0022500442,311,1628983,Shai Gilgeous-Alexander,1610612760,Oklahoma City Thunder,2,0,36,Made Shot,Fadeaway Jump Shot,2PT Field Goal,In The Paint (Non-RA),Center(C),8-16 ft.,13,-38,129,1,1,20251228,OKC,PHI
Shot Chart Detail,0022500442,392,1628983,Shai Gilgeous-Alexander,1610612760,Oklahoma City Thunder,3,6,43,Made Shot,Pullup Jump shot,2PT Field Goal,In The Paint (Non-RA),Right Side(R),8-16 ft.,10,58,88,1,1,20251228,OKC,PHI
Shot Chart Detail,0022500442,409,1628983,Shai Gilgeous-Alexander,1610612760,Oklahoma City Thunder,3,5,26,Made Shot,Driving Layup Shot,2PT Field Goal,In The Paint (Non-RA),Center(C),Less Than 8 ft.,4,38,20,1,1,20251228,OKC,PHI
Shot Chart Detail,0022500442,446,1628983,Shai Gilgeous-Alexander,1610612760,Oklahoma City Thunder,3,2,50,Made Shot,Finger Roll Layup Shot,2PT Field Goal,Restricted Area,Center(C),Less Than 8 ft.,1,-13,10,1,1,20251228,OKC,PHI
Shot Chart Detail,0022500442,490,1628983,Shai Gilgeous-Alexander,1610612760,Oklahoma City Thunder,3,0,30,Missed Shot,Pullup Jump shot,3PT Field Goal,Above the Break 3,Center(C),24+ ft.,25,47,252,1,0,20251228,OKC,PHI
Shot Chart Detail,0022500455,17,1628983,Shai Gilgeous-Alexander,1610612760,Oklahoma City Thunder,1,11,23,Made Shot,Jump Shot,2PT Field Goal,Mid-Range,Left Side(L),8-16 ft.,13,-127,51,1,1,20251229,OKC,ATL
Shot Chart Detail,0022500455,21,1628983,Shai Gilgeous-Alexander,1610612760,Oklahoma City Thunder,1,10,55,Made Shot,Driving Layup Shot,2PT Field Goal,In The Paint (Non-RA),Center(C),Less Than 8 ft.,4,42,9,1,1,20251229,OKC,ATL
Shot Chart Detail,0022500455,33,1628983,Shai Gilgeous-Alexander,1610612760,Oklahoma City Thunder,1,9,40,Made Shot,Step Back Jump shot,2PT Field Goal,Mid-Range,Center(C),8-16 ft.,15,-2,152,1,1,20251229,OKC,ATL
Shot Chart Detail,0022500455,40,1628983,Shai Gilgeous-Alexander,1610612760,Oklahoma City Thunder,1,9,2,Made Shot,Turnaround Fadeaway shot,2PT Field Goal,In The Paint (Non-RA),Right Side(R),8-16 ft.,10,70,78,1,1,20251229,OKC,ATL
Shot Chart Detail,0022500455,94,1628983,Shai Gilgeous-Alexander,1610612760,Oklahoma City Thunder,1,5,42,Made Shot,Driving Dunk Shot,2PT Field Goal,Restricted Area,Center(C),Less Than 8 ft.,1,-13,-4,1,1,20251229,OKC,ATL
Shot Chart Detail,0022500455,144,1628983,Shai Gilgeous-Alexander,1610612760,Oklahoma City Thunder,1,3,17,Missed Shot,Step Back Jump shot,2PT Field Goal,Mid-Range,Right Side Center(RC),16-24 ft.,17,118,131,1,0,20251229,OKC,ATL
Shot Chart Detail,0022500455,171,1628983,Shai Gilgeous-Alexander,1610612760,Oklahoma City Thunder,1,1,34,Missed Shot,Step Back Jump shot,3PT Field Goal,Above the Break 3,Left Side Center(LC),24+ ft.,25,-86,240,1,0,20251229,OKC,ATL
Shot Chart Detail,0022500455,179,1628983,Shai Gilgeous-Alexander,1610612760,Oklahoma City Thunder,1,0,34,Missed Shot,Step Back Jump shot,2PT Field Goal,Mid-Range,Right Side Center(RC),16-24 ft.,19,146,127,1,0,20251229,OKC,ATL
Shot Chart Detail,0022500455,184,1628983,Shai Gilgeous-Alexander,1610612760,Oklahoma City Thunder,1,0,3,Made Shot,Driving Floating Jump Shot,2PT Field Goal,In The Paint (Non-RA),Center(C),8-16 ft.,12,61,108,1,1,20251229,OKC,ATL
Shot Chart Detail,0022500455,301,1628983,Shai Gilgeous-Alexander,1610612760,Oklahoma City Thunder,2,4,48,Made Shot,Running Layup Shot,2PT Field Goal,Restricted Area,Center(C),Less Than 8 ft.,1,4,19,1,1,20251229,OKC,ATL
Shot Chart Detail,0022500455,319,1628983,Shai Gilgeous-Alexander,1610612760,Oklahoma City Thunder,2,3,30,Missed Shot,Pullup Jump shot,3PT Field Goal,Above the Break 3,Left Side Center(LC),24+ ft.,25,-121,221,1,0,20251229,OKC,ATL
Shot Chart Detail,0022500455,328,1628983,Shai Gilgeous-Alexander,1610612760,Oklahoma City Thunder,2,3,0,Made Shot,Driving Layup Shot,2PT Field Goal,In The Paint (Non-RA),Center(C),Less Than 8 ft.,4,47,9,1,1,20251229,OKC,ATL
Shot Chart Detail,0022500455,359,1628983,Shai Gilgeous-Alexander,1610612760,Oklahoma City Thunder,2,0,46,Made Shot,Driving Layup Shot,2PT Field Goal,Restricted Area,Center(C),Less Than 8 ft.,2,28,9,1,1,20251229,OKC,ATL
Shot Chart Detail,0022500455,381,1628983,Shai Gilgeous-Alexander,1610612760,Oklahoma City Thunder,3,11,15,Made Shot,Fadeaway Jump Shot,2PT Field Goal,Mid-Range,Right Side(R),8-16 ft.,11,112,1,1,1,20251229,OKC,ATL
Shot Chart Detail,0022500455,405,1628983,Shai Gilgeous-Alexander,1610612760,Oklahoma City Thunder,3,9,43,Made Shot,Step Back Jump shot,3PT Field Goal,Above the Break 3,Left Side Center(LC),24+ ft.,26,-184,189,1,1,20251229,OKC,ATL
Shot Chart Detail,0022500455,416,1628983,Shai Gilgeous-Alexander,1610612760,Oklahoma City Thunder,3,8,28,Made Shot,Driving Floating Jump Shot,2PT Field Goal,In The Paint (Non-RA),Center(C),8-16 ft.,10,-44,91,1,1,20251229,OKC,ATL
Shot Chart Detail,0022500455,423,1628983,Shai Gilgeous-Alexander,1610612760,Oklahoma City Thunder,3,7,42,Made Shot,Running Pull-Up Jump Shot,2PT Field Goal,In The Paint (Non-RA),Center(C),8-16 ft.,13,-60,123,1,1,20251229,OKC,ATL
Shot Chart Detail,0022500455,438,1628983,Shai Gilgeous-Alexander,1610612760,Oklahoma City Thunder,3,6,34,Missed Shot,Driving Finger Roll Layup Shot,2PT Field Goal,Restricted Area,Center(C),Less Than 8 ft.,3,32,5,1,0,20251229,OKC,ATL
Shot Chart Detail,0022500455,491,1628983,Shai Gilgeous-Alexander,1610612760,Oklahoma City Thunder,3,2,47,Missed Shot,Step Back Jump shot,3PT Field Goal,Above the Break 3,Left Side Center(LC),24+ ft.,26,-94,248,1,0,20251229,OKC,ATL
Shot Chart Detail,0022500455,532,1628983,Shai Gilgeous-Alexander,1610612760,Oklahoma City Thunder,3,0,19,Made Shot,Running Layup Shot,2PT Field Goal,Restricted Area,Center(C),Less Than 8 ft.,2,12,22,1,1,20251229,OKC,ATL
Shot Chart Detail,0022500455,625,1628983,Shai Gilgeous-Alexander,1610612760,Oklahoma City Thunder,4,6,15,Made Shot,Step Back Jump shot,3PT Field Goal,Above the Break 3,Left Side Center(LC),24+ ft.,26,-130,235,1,1,20251229,OKC,ATL
Shot Chart Detail,0022500455,646,1628983,Shai Gilgeous-Alexander,1610612760,Oklahoma City Thunder,4,4,21,Missed Shot,Driving Layup Shot,2PT Field Goal,Restricted Area,Center(C),Less Than 8 ft.,3,-7,33,1,0,20251229,OKC,ATL
Shot Chart Detail,0022500455,668,1628983,Shai Gilgeous-Alexander,1610612760,Oklahoma City Thunder,4,3,2,Missed Shot,Step Back Jump shot,2PT Field Goal,Mid-Range,Left Side Center(LC),16-24 ft.,16,-107,123,1,0,20251229,OKC,ATL
Shot Chart Detail,0022500455,690,1628983,Shai Gilgeous-Alexander,1610612760,Oklahoma City Thunder,4,1,26,Missed Shot,Turnaround Jump Shot,2PT Field Goal,In The Paint (Non-RA),Center(C),8-16 ft.,11,-54,106,1,0,20251229,OKC,ATL
Shot Chart Detail,0022500470,21,1628983,Shai Gilgeous-Alexander,1610612760,Oklahoma City Thunder,1,10,31,Made Shot,Step Back Jump shot,2PT Field Goal,Mid-Range,Center(C),16-24 ft.,18,-28,179,1,1,20251231,OKC,POR
Shot Chart Detail,0022500470,69,1628983,Shai Gilgeous-Alexander,1610612760,Oklahoma City Thunder,1,6,51,Made Shot,Step Back Jump shot,3PT Field Goal,Above the Break 3,Left Side Center(LC),24+ ft.,25,-108,227,1,1,20251231,OKC,POR
Shot Chart Detail,0022500470,114,1628983,Shai Gilgeous-Alexander,1610612760,Oklahoma City Thunder,1,3,37,Made Shot,Step Back Jump shot,2PT Field Goal,In The Paint (Non-RA),Right Side(R),8-16 ft.,12,70,101,1,1,20251231,OKC,POR
Shot Chart Detail,0022500470,126,1628983,Shai Gilgeous-Alexander,1610612760,Oklahoma City Thunder,1,2,12,Made Shot,Running Layup Shot,2PT Field Goal,Restricted Area,Center(C),Less Than 8 ft.,0,-2,8,1,1,20251231,OKC,POR
Shot Chart Detail,0022500470,305,1628983,Shai Gilgeous-Alexander,1610612760,Oklahoma City Thunder,2,3,43,Missed Shot,Step Back Jump shot,2PT Field Goal,In The Paint (Non-RA),Center(C),8-16 ft.,14,61,129,1,0,20251231,OKC,POR
Shot Chart Detail,0022500470,326,1628983,Shai Gilgeous-Alexander,1610612760,Oklahoma City Thunder,2,2,23,Made Shot,Turnaround Fadeaway shot,2PT Field Goal,Mid-Range,Left Side(L),8-16 ft.,10,-105,-8,1,1,20251231,OKC,POR
Shot Chart Detail,0022500470,329,1628983,Shai Gilgeous-Alexander,1610612760,Oklahoma City Thunder,2,1,58,Made Shot,Running Dunk Shot,2PT Field Goal,Restricted Area,Center(C),Less Than 8 ft.,0,-2,3,1,1,20251231,OKC,POR
Shot Chart Detail,0022500470,361,1628983,Shai Gilgeous-Alexander,1610612760,Oklahoma City Thunder,2,0,15,Made Shot,Driving Reverse Layup Shot,2PT Field Goal,Restricted Area,Center(C),Less Than 8 ft.,1,-12,10,1,1,20251231,OKC,POR
Shot Chart Detail,0022500470,376,1628983,Shai Gilgeous-Alexander,1610612760,Oklahoma City Thunder,3,11,26,Missed Shot,Driving Reverse Layup Shot,2PT Field Goal,Restricted Area,Center(C),Less Than 8 ft.,2,-17,13,1,0,20251231,OKC,POR
Shot Chart Detail,0022500470,403,1628983,Shai Gilgeous-Alexander,1610612760,Oklahoma City Thunder,3,9,22,Missed Shot,Jump Shot,3PT Field Goal,Left Corner 3,Left Side(L),24+ ft.,23,-230,-22,1,0,20251231,OKC,POR
Shot Chart Detail,0022500470,416,1628983,Shai Gilgeous-Alexander,1610612760,Oklahoma City Thunder,3,8,19,Made Shot,Running Finger Roll Layup Shot,2PT Field Goal,Restricted Area,Center(C),Less Than 8 ft.,1,10,0,1,1,20251231,OKC,POR
Shot Chart Detail,0022500470,437,1628983,Shai Gilgeous-Alexander,1610612760,Oklahoma City Thunder,3,7,3,Made Shot,Running Reverse Layup Shot,2PT Field Goal,Restricted Area,Center(C),Less Than 8 ft.,1,-6,12,1,1,20251231,OKC,POR
Shot Chart Detail,0022500470,488,1628983,Shai Gilgeous-Alexander,1610612760,Oklahoma City Thunder,3,3,51,Made Shot,Cutting Layup Shot,2PT Field Goal,Restricted Area,Center(C),Less Than 8 ft.,2,7,20,1,1,20251231,OKC,POR
Shot Chart Detail,0022500470,505,1628983,Shai Gilgeous-Alexander,1610612760,Oklahoma City Thunder,3,2,18,Missed Shot,Floating Jump shot,2PT Field Goal,In The Paint (Non-RA),Center(C),Less Than 8 ft.,4,-9,46,1,0,20251231,OKC,POR
Shot Chart Detail,0022500470,508,1628983,Shai Gilgeous-Alexander,1610612760,Oklahoma City Thunder,3,1,57,Made Shot,Step Back Jump shot,2PT Field Goal,In The Paint (Non-RA),Center(C),8-16 ft.,12,-59,110,1,1,20251231,OKC,POR
Shot Chart Detail,0022500484,11,1628983,Shai Gilgeous-Alexander,1610612760,Oklahoma City Thunder,1,11,9,Missed Shot,Pullup Jump shot,2PT Field Goal,In The Paint (Non-RA),Center(C),8-16 ft.,10,39,94,1,0,20260102,GSW,OKC
Shot Chart Detail,0022500484,24,1628983,Shai Gilgeous-Alexander,1610612760,Oklahoma City Thunder,1,10,21,Made Shot,Pullup Jump shot,2PT Field Goal,In The Paint (Non-RA),Center(C),8-16 ft.,11,-10,118,1,1,20260102,GSW,OKC
Shot Chart Detail,0022500484,34,1628983,Shai Gilgeous-Alexander,1610612760,Oklahoma City Thunder,1,9,25,Missed Shot,Running Layup Shot,2PT Field Goal,In The Paint (Non-RA),Center(C),Less Than 8 ft.,5,-49,26,1,0,20260102,GSW,OKC
Shot Chart Detail,0022500484,70,1628983,Shai Gilgeous-Alexander,1610612760,Oklahoma City Thunder,1,7,14,Missed Shot,Fadeaway Jump Shot,2PT Field Goal,Restricted Area,Center(C),Less Than 8 ft.,3,-34,20,1,0,20260102,GSW,OKC
Shot Chart Detail,0022500484,91,1628983,Shai Gilgeous-Alexander,1610612760,Oklahoma City Thunder,1,6,7,Made Shot,Jump Shot,3PT Field Goal,Right Corner 3,Right Side(R),24+ ft.,22,223,2,1,1,20260102,GSW,OKC
Shot Chart Detail,0022500484,95,1628983,Shai Gilgeous-Alexander,1610612760,Oklahoma City Thunder,1,5,35,Missed Shot,Step Back Jump shot,3PT Field Goal,Above the Break 3,Left Side Center(LC),24+ ft.,26,-185,184,1,0,20260102,GSW,OKC
Shot Chart Detail,0022500484,135,1628983,Shai Gilgeous-Alexander,1610612760,Oklahoma City Thunder,1,3,6,Made Shot,Turnaround Fadeaway shot,2PT Field Goal,In The Paint (Non-RA),Center(C),8-16 ft.,11,37,105,1,1,20260102,GSW,OKC
Shot Chart Detail,0022500484,170,1628983,Shai Gilgeous-Alexander,1610612760,Oklahoma City Thunder,1,1,3,Missed Shot,Running Pull-Up Jump Shot,2PT Field Goal,In The Paint (Non-RA),Center(C),8-16 ft.,11,-37,105,1,0,20260102,GSW,OKC
Shot Chart Detail,0022500484,174,1628983,Shai Gilgeous-Alexander,1610612760,Oklahoma City Thunder,1,0,52,Made Shot,Running Layup Shot,2PT Field Goal,Restricted Area,Center(C),Less Than 8 ft.,2,25,10,1,1,20260102,GSW,OKC
Shot Chart Detail,0022500484,329,1628983,Shai Gilgeous-Alexander,1610612760,Oklahoma City Thunder,2,3,27,Made Shot,Running Reverse Layup Shot,2PT Field Goal,Restricted Area,Center(C),Less Than 8 ft.,2,21,12,1,1,20260102,GSW,OKC
Shot Chart Detail,0022500484,349,1628983,Shai Gilgeous-Alexander,1610612760,Oklahoma City Thunder,2,1,44,Missed Shot,Step Back Jump shot,2PT Field Goal,Mid-Range,Center(C),16-24 ft.,18,-54,178,1,0,20260102,GSW,OKC
Shot Chart Detail,0022500484,360,1628983,Shai Gilgeous-Alexander,1610612760,Oklahoma City Thunder,2,1,22,Missed Shot,Jump Shot,2PT Field Goal,In The Paint (Non-RA),Center(C),8-16 ft.,11,-10,115,1,0,20260102,GSW,OKC
Shot Chart Detail,0022500484,362,1628983,Shai Gilgeous-Alexander,1610612760,Oklahoma City Thunder,2,1,16,Made Shot,Jump Shot,2PT Field Goal,In The Paint (Non-RA),Center(C),8-16 ft.,11,-2,116,1,1,20260102,GSW,OKC
Shot Chart Detail,0022500484,428,1628983,Shai Gilgeous-Alexander,1610612760,Oklahoma City Thunder,3,9,20,Missed Shot,Driving Layup Shot,2PT Field Goal,Restricted Area,Center(C),Less Than 8 ft.,3,-27,16,1,0,20260102,GSW,OKC
Shot Chart Detail,0022500484,442,1628983,Shai Gilgeous-Alexander,1610612760,Oklahoma City Thunder,3,8,1,Made Shot,Fadeaway Jump Shot,2PT Field Goal,Mid-Range,Left Side(L),8-16 ft.,11,-113,-18,1,1,20260102,GSW,OKC
Shot Chart Detail,0022500484,479,1628983,Shai Gilgeous-Alexander,1610612760,Oklahoma City Thunder,3,5,40,Made Shot,Running Pull-Up Jump Shot,3PT Field Goal,Above the Break 3,Left Side Center(LC),24+ ft.,25,-174,180,1,1,20260102,GSW,OKC
Shot Chart Detail,0022500484,510,1628983,Shai Gilgeous-Alexander,1610612760,Oklahoma City Thunder,3,3,30,Made Shot,Pullup Jump shot,2PT Field Goal,Mid-Range,Right Side(R),16-24 ft.,16,156,51,1,1,20260102,GSW,OKC
Shot Chart Detail,0022500484,513,1628983,Shai Gilgeous-Alexander,1610612760,Oklahoma City Thunder,3,3,1,Missed Shot,Layup Shot,2PT Field Goal,In The Paint (Non-RA),Center(C),Less Than 8 ft.,5,44,34,1,0,20260102,GSW,OKC
Shot Chart Detail,0022500484,517,1628983,Shai Gilgeous-Alexander,1610612760,Oklahoma City Thunder,3,2,52,Made Shot,Pullup Jump shot,3PT Field Goal,Above the Break 3,Right Side Center(RC),24+ ft.,29,169,239,1,1,20260102,GSW,OKC
Shot Chart Detail,0022500484,540,1628983,Shai Gilgeous-Alexander,1610612760,Oklahoma City Thunder,3,1,9,Missed Shot,Step Back Jump shot,3PT Field Goal,Above the Break 3,Left Side Center(LC),24+ ft.,26,-217,150,1,0,20260102,GSW,OKC
Shot Chart Detail,0022500499,9,1628983,Shai Gilgeous-Alexander,1610612760,Oklahoma City Thunder,1,11,29,Made Shot,Driving Floating Bank Jump Shot,2PT Field Goal,In The Paint (Non-RA),Center(C),Less Than 8 ft.,7,-11,78,1,1,20260104,PHX,OKC
Shot Chart Detail,0022500499,60,1628983,Shai Gilgeous-Alexander,1610612760,Oklahoma City Thunder,1,6,56,Made Shot,Step Back Jump shot,2PT Field Goal,In The Paint (Non-RA),Center(C),8-16 ft.,11,-12,112,1,1,20260104,PHX,OKC
Shot Chart Detail,0022500499,75,1628983,Shai Gilgeous-Alexander,1610612760,Oklahoma City Thunder,1,5,7,Missed Shot,Pullup Jump shot,2PT Field Goal,In The Paint (Non-RA),Center(C),8-16 ft.,12,5,121,1,0,20260104,PHX,OKC
Shot Chart Detail,0022500499,136,1628983,Shai Gilgeous-Alexander,1610612760,Oklahoma City Thunder,1,0,21,Missed Shot,Pullup Jump shot,2PT Field Goal,Mid-Range,Left Side Center(LC),16-24 ft.,18,-112,149,1,0,20260104,PHX,OKC
Shot Chart Detail,0022500499,280,1628983,Shai Gilgeous-Alexander,1610612760,Oklahoma City Thunder,2,4,24,Missed Shot,Step Back Jump shot,2PT Field Goal,Mid-Range,Left Side(L),16-24 ft.,16,-156,62,1,0,20260104,PHX,OKC
Shot Chart Detail,0022500499,283,1628983,Shai Gilgeous-Alexander,1610612760,Oklahoma City Thunder,2,3,56,Made Shot,Step Back Jump shot,2PT Field Goal,Mid-Range,Right Side Center(RC),16-24 ft.,18,119,139,1,1,20260104,PHX,OKC
Shot Chart Detail,0022500499,302,1628983,Shai Gilgeous-Alexander,1610612760,Oklahoma City Thunder,2,2,43,Missed Shot,Pullup Jump shot,2PT Field Goal,Mid-Range,Left Side Center(LC),16-24 ft.,18,-89,158,1,0,20260104,PHX,OKC
Shot Chart Detail,0022500499,320,1628983,Shai Gilgeous-Alexander,1610612760,Oklahoma City Thunder,2,1,24,Missed Shot,Driving Floating Bank Jump Shot,2PT Field Goal,In The Paint (Non-RA),Center(C),Less Than 8 ft.,4,-7,43,1,0,20260104,PHX,OKC
Shot Chart Detail,0022500499,367,1628983,Shai Gilgeous-Alexander,1610612760,Oklahoma City Thunder,3,10,8,Missed Shot,Pullup Jump shot,3PT Field Goal,Above the Break 3,Left Side Center(LC),24+ ft.,25,-196,162,1,0,20260104,PHX,OKC
Shot Chart Detail,0022500499,371,1628983,Shai Gilgeous-Alexander,1610612760,Oklahoma City Thunder,3,9,29,Missed Shot,Pullup Jump shot,2PT Field Goal,In The Paint (Non-RA),Left Side(L),8-16 ft.,9,-77,58,1,0,20260104,PHX,OKC
Shot Chart Detail,0022500499,375,1628983,Shai Gilgeous-Alexander,1610612760,Oklahoma City Thunder,3,9,18,Made Shot,Jump Shot,3PT Field Goal,Above the Break 3,Right Side Center(RC),24+ ft.,27,195,192,1,1,20260104,PHX,OKC
Shot Chart Detail,0022500499,396,1628983,Shai Gilgeous-Alexander,1610612760,Oklahoma City Thunder,3,8,1,Made Shot,Pullup Jump shot,2PT Field Goal,Mid-Range,Left Side(L),8-16 ft.,11,-112,21,1,1,20260104,PHX,OKC
Shot Chart Detail,0022500499,442,1628983,Shai Gilgeous-Alexander,1610612760,Oklahoma City Thunder,3,4,3,Missed Shot,Running Pull-Up Jump Shot,2PT Field Goal,In The Paint (Non-RA),Center(C),8-16 ft.,13,65,121,1,0,20260104,PHX,OKC
Shot Chart Detail,0022500499,457,1628983,Shai Gilgeous-Alexander,1610612760,Oklahoma City Thunder,3,3,24,Made Shot,Fadeaway Jump Shot,2PT Field Goal,Mid-Range,Right Side(R),16-24 ft.,16,148,78,1,1,20260104,PHX,OKC
Shot Chart Detail,0022500499,466,1628983,Shai Gilgeous-Alexander,1610612760,Oklahoma City Thunder,3,2,23,Missed Shot,Step Back Jump shot,3PT Field Goal,Above the Break 3,Right Side Center(RC),24+ ft.,26,91,248,1,0,20260104,PHX,OKC
Shot Chart Detail,0022500499,470,1628983,Shai Gilgeous-Alexander,1610612760,Oklahoma City Thunder,3,1,47,Missed Shot,Pullup Jump shot,2PT Field Goal,Mid-Range,Right Side Center(RC),16-24 ft.,17,134,115,1,0,20260104,PHX,OKC
Shot Chart Detail,0022500499,474,1628983,Shai Gilgeous-Alexander,1610612760,Oklahoma City Thunder,3,1,20,Made Shot,Driving Reverse Layup Shot,2PT Field Goal,Restricted Area,Center(C),Less Than 8 ft.,1,-16,-2,1,1,20260104,PHX,OKC
Shot Chart Detail,0022500499,585,1628983,Shai Gilgeous-Alexander,1610612760,Oklahoma City Thunder,4,5,48,Made Shot,Jump Bank Shot,2PT Field Goal,In The Paint (Non-RA),Center(C),Less Than 8 ft.,6,-42,43,1,1,20260104,PHX,OKC
Shot Chart Detail,0022500499,617,1628983,Shai Gilgeous-Alexander,1610612760,Oklahoma City Thunder,4,3,33,Missed Shot,Pullup Jump shot,2PT Field Goal,Mid-Range,Left Side Center(LC),16-24 ft.,16,-98,135,1,0,20260104,PHX,OKC
Shot Chart Detail,0022500499,624,1628983,Shai Gilgeous-Alexander,1610612760,Oklahoma City Thunder,4,3,1,Missed Shot,Jump Shot,3PT Field Goal,Above the Break 3,Center(C),24+ ft.,25,60,251,1,0,20260104,PHX,OKC
Shot Chart Detail,0022500499,627,1628983,Shai Gilgeous-Alexander,1610612760,Oklahoma City Thunder,4,2,13,Missed Shot,Pullup Jump shot,3PT Field Goal,Above the Break 3,Center(C),24+ ft.,25,-56,248,1,0,20260104,PHX,OKC
Shot Chart Detail,0022500499,648,1628983,Shai Gilgeous-Alexander,1610612760,Oklahoma City Thunder,4,0,29,Missed Shot,Step Back Jump shot,2PT Field Goal,In The Paint (Non-RA),Center(C),8-16 ft.,9,28,93,1,0,20260104,PHX,OKC
Shot Chart Detail,0022500506,30,1628983,Shai Gilgeous-Alexander,1610612760,Oklahoma City Thunder,1,9,23,Missed Shot,Jump Shot,2PT Field Goal,In The Paint (Non-RA),Center(C),8-16 ft.,12,-50,116,1,0,20260105,OKC,CHA
Shot Chart Detail,0022500506,40,1628983,Shai Gilgeous-Alexander,1610612760,Oklahoma City Thunder,1,8,34,Missed Shot,Turnaround Fadeaway shot,2PT Field Goal,In The Paint (Non-RA),Center(C),Less Than 8 ft.,6,67,-10,1,0,20260105,OKC,CHA
Shot Chart Detail,0022500506,62,1628983,Shai Gilgeous-Alexander,1610612760,Oklahoma City Thunder,1,6,43,Missed Shot,Turnaround Fadeaway shot,2PT Field Goal,Mid-Range,Left Side(L),8-16 ft.,12,-120,10,1,0,20260105,OKC,CHA
Shot Chart Detail,0022500506,93,1628983,Shai Gilgeous-Alexander,1610612760,Oklahoma City Thunder,1,4,30,Made Shot,Step Back Jump shot,3PT Field Goal,Above the Break 3,Center(C),24+ ft.,25,47,249,1,1,20260105,OKC,CHA
Shot Chart Detail,0022500506,104,1628983,Shai Gilgeous-Alexander,1610612760,Oklahoma City Thunder,1,3,41,Made Shot,Driving Finger Roll Layup Shot,2PT Field Goal,Restricted Area,Center(C),Less Than 8 ft.,3,-2,34,1,1,20260105,OKC,CHA
Shot Chart Detail,0022500506,115,1628983,Shai Gilgeous-Alexander,1610612760,Oklahoma City Thunder,1,2,33,Made Shot,Pullup Jump shot,2PT Field Goal,In The Paint (Non-RA),Right Side(R),8-16 ft.,10,69,73,1,1,20260105,OKC,CHA
Shot Chart Detail,0022500506,295,1628983,Shai Gilgeous-Alexander,1610612760,Oklahoma City Thunder,2,4,14,Missed Shot,Step Back Jump shot,2PT Field Goal,Mid-Range,Right Side(R),8-16 ft.,15,86,131,1,0,20260105,OKC,CHA
Shot Chart Detail,0022500506,307,1628983,Shai Gilgeous-Alexander,1610612760,Oklahoma City Thunder,2,3,42,Missed Shot,Turnaround Jump Shot,2PT Field Goal,In The Paint (Non-RA),Center(C),Less Than 8 ft.,6,-4,62,1,0,20260105,OKC,CHA
Shot Chart Detail,0022500506,326,1628983,Shai Gilgeous-Alexander,1610612760,Oklahoma City Thunder,2,2,52,Missed Shot,Step Back Jump shot,3PT Field Goal,Above the Break 3,Center(C),24+ ft.,26,-37,265,1,0,20260105,OKC,CHA
Shot Chart Detail,0022500506,332,1628983,Shai Gilgeous-Alexander,1610612760,Oklahoma City Thunder,2,2,19,Missed Shot,Pullup Jump shot,2PT Field Goal,In The Paint (Non-RA),Center(C),Less Than 8 ft.,6,-59,12,1,0,20260105,OKC,CHA
Shot Chart Detail,0022500506,342,1628983,Shai Gilgeous-Alexander,1610612760,Oklahoma City Thunder,2,1,41,Missed Shot,Driving Floating Jump Shot,2PT Field Goal,In The Paint (Non-RA),Center(C),Less Than 8 ft.,6,-4,60,1,0,20260105,OKC,CHA
Shot Chart Detail,0022500506,355,1628983,Shai Gilgeous-Alexander,1610612760,Oklahoma City Thunder,2,0,59,Missed Shot,Step Back Jump shot,3PT Field Goal,Above the Break 3,Right Side Center(RC),24+ ft.,26,169,199,1,0,20260105,OKC,CHA
Shot Chart Detail,0022500506,409,1628983,Shai Gilgeous-Alexander,1610612760,Oklahoma City Thunder,3,8,40,Missed Shot,Step Back Jump shot,2PT Field Goal,In The Paint (Non-RA),Center(C),8-16 ft.,14,71,130,1,0,20260105,OKC,CHA
Shot Chart Detail,0022500506,419,1628983,Shai Gilgeous-Alexander,1610612760,Oklahoma City Thunder,3,7,41,Made Shot,Step Back Jump shot,2PT Field Goal,Mid-Range,Left Side(L),8-16 ft.,11,-109,-28,1,1,20260105,OKC,CHA
Shot Chart Detail,0022500506,438,1628983,Shai Gilgeous-Alexander,1610612760,Oklahoma City Thunder,3,6,31,Missed Shot,Step Back Jump shot,3PT Field Goal,Above the Break 3,Right Side Center(RC),24+ ft.,25,130,215,1,0,20260105,OKC,CHA
Shot Chart Detail,0022500506,456,1628983,Shai Gilgeous-Alexander,1610612760,Oklahoma City Thunder,3,5,17,Made Shot,Layup Shot,2PT Field Goal,Restricted Area,Center(C),Less Than 8 ft.,0,-7,-2,1,1,20260105,OKC,CHA
Shot Chart Detail,0022500506,478,1628983,Shai Gilgeous-Alexander,1610612760,Oklahoma City Thunder,3,3,39,Missed Shot,Running Pull-Up Jump Shot,3PT Field Goal,Above the Break 3,Left Side Center(LC),24+ ft.,25,-135,219,1,0,20260105,OKC,CHA
Shot Chart Detail,0022500506,488,1628983,Shai Gilgeous-Alexander,1610612760,Oklahoma City Thunder,3,3,29,Missed Shot,Pullup Jump shot,3PT Field Goal,Above the Break 3,Center(C),24+ ft.,25,5,252,1,0,20260105,OKC,CHA
Shot Chart Detail,0022500506,500,1628983,Shai Gilgeous-Alexander,1610612760,Oklahoma City Thunder,3,3,4,Made Shot,Pullup Jump shot,2PT Field Goal,In The Paint (Non-RA),Center(C),8-16 ft.,14,-53,130,1,1,20260105,OKC,CHA
Shot Chart Detail,0022500506,510,1628983,Shai Gilgeous-Alexander,1610612760,Oklahoma City Thunder,3,2,14,Made Shot,Driving Finger Roll Layup Shot,2PT Field Goal,Restricted Area,Center(C),Less Than 8 ft.,1,17,-7,1,1,20260105,OKC,CHA
Shot Chart Detail,0022500506,523,1628983,Shai Gilgeous-Alexander,1610612760,Oklahoma City Thunder,3,0,56,Missed Shot,Driving Layup Shot,2PT Field Goal,Restricted Area,Center(C),Less Than 8 ft.,3,-29,15,1,0,20260105,OKC,CHA
Shot Chart Detail,0022500525,60,1628983,Shai Gilgeous-Alexander,1610612760,Oklahoma City Thunder,1,7,26,Made Shot,Pullup Jump shot,2PT Field Goal,In The Paint (Non-RA),Center(C),8-16 ft.,12,12,120,1,1,20260107,OKC,UTA
Shot Chart Detail,0022500525,79,1628983,Shai Gilgeous-Alexander,1610612760,Oklahoma City Thunder,1,5,55,Missed Shot,Step Back Jump shot,3PT Field Goal,Above the Break 3,Right Side Center(RC),24+ ft.,26,89,247,1,0,20260107,OKC,UTA
Shot Chart Detail,0022500525,132,1628983,Shai Gilgeous-Alexander,1610612760,Oklahoma City Thunder,1,2,43,Made Shot,Running Jump Shot,3PT Field Goal,Above the Break 3,Right Side Center(RC),24+ ft.,25,132,221,1,1,20260107,OKC,UTA
Shot Chart Detail,0022500525,159,1628983,Shai Gilgeous-Alexander,1610612760,Oklahoma City Thunder,1,0,28,Made Shot,Running Layup Shot,2PT Field Goal,Restricted Area,Center(C),Less Than 8 ft.,1,-10,15,1,1,20260107,OKC,UTA
Shot Chart Detail,0022500525,299,1628983,Shai Gilgeous-Alexander,1610612760,Oklahoma City Thunder,2,3,42,Made Shot,Pullup Jump shot,2PT Field Goal,Mid-Range,Center(C),8-16 ft.,15,-26,151,1,1,20260107,OKC,UTA
Shot Chart Detail,0022500525,315,1628983,Shai Gilgeous-Alexander,1610612760,Oklahoma City Thunder,2,2,35,Missed Shot,Running Jump Shot,2PT Field Goal,In The Paint (Non-RA),Center(C),8-16 ft.,8,-10,83,1,0,20260107,OKC,UTA
Shot Chart Detail,0022500525,362,1628983,Shai Gilgeous-Alexander,1610612760,Oklahoma City Thunder,2,0,26,Missed Shot,Pullup Jump shot,2PT Field Goal,Mid-Range,Left Side(L),8-16 ft.,15,-82,136,1,0,20260107,OKC,UTA
Shot Chart Detail,0022500525,375,1628983,Shai Gilgeous-Alexander,1610612760,Oklahoma City Thunder,3,11,42,Made Shot,Pullup Jump shot,2PT Field Goal,Mid-Range,Center(C),8-16 ft.,15,11,153,1,1,20260107,OKC,UTA
Shot Chart Detail,0022500525,429,1628983,Shai Gilgeous-Alexander,1610612760,Oklahoma City Thunder,3,7,44,Missed Shot,Driving Finger Roll Layup Shot,2PT Field Goal,In The Paint (Non-RA),Center(C),Less Than 8 ft.,5,54,6,1,0,20260107,OKC,UTA
Shot Chart Detail,0022500525,445,1628983,Shai Gilgeous-Alexander,1610612760,Oklahoma City Thunder,3,7,0,Missed Shot,Step Back Jump shot,3PT Field Goal,Above the Break 3,Center(C),24+ ft.,25,-50,247,1,0,20260107,OKC,UTA
Shot Chart Detail,0022500525,453,1628983,Shai Gilgeous-Alexander,1610612760,Oklahoma City Thunder,3,6,38,Made Shot,Pullup Jump shot,2PT Field Goal,Mid-Range,Right Side(R),8-16 ft.,11,82,75,1,1,20260107,OKC,UTA
Shot Chart Detail,0022500525,484,1628983,Shai Gilgeous-Alexander,1610612760,Oklahoma City Thunder,3,4,50,Made Shot,Driving Layup Shot,2PT Field Goal,Restricted Area,Center(C),Less Than 8 ft.,1,17,9,1,1,20260107,OKC,UTA
Shot Chart Detail,0022500525,492,1628983,Shai Gilgeous-Alexander,1610612760,Oklahoma City Thunder,3,4,16,Made Shot,Pullup Jump shot,2PT Field Goal,In The Paint (Non-RA),Right Side(R),8-16 ft.,12,80,95,1,1,20260107,OKC,UTA
Shot Chart Detail,0022500525,539,1628983,Shai Gilgeous-Alexander,1610612760,Oklahoma City Thunder,3,1,44,Missed Shot,Step Back Jump shot,2PT Field Goal,Mid-Range,Left Side(L),8-16 ft.,14,-142,4,1,0,20260107,OKC,UTA
Shot Chart Detail,0022500525,562,1628983,Shai Gilgeous-Alexander,1610612760,Oklahoma City Thunder,3,0,0,Missed Shot,Jump Shot,3PT Field Goal,Above the Break 3,Left Side Center(LC),24+ ft.,25,-123,226,1,0,20260107,OKC,UTA
Shot Chart Detail,0022500525,637,1628983,Shai Gilgeous-Alexander,1610612760,Oklahoma City Thunder,4,8,3,Made Shot,Pullup Jump shot,2PT Field Goal,Mid-Range,Left Side Center(LC),16-24 ft.,17,-116,129,1,1,20260107,OKC,UTA
Shot Chart Detail,0022500525,699,1628983,Shai Gilgeous-Alexander,1610612760,Oklahoma City Thunder,4,3,23,Missed Shot,Step Back Jump shot,3PT Field Goal,Above the Break 3,Left Side Center(LC),24+ ft.,25,-104,234,1,0,20260107,OKC,UTA
Shot Chart Detail,0022500525,705,1628983,Shai Gilgeous-Alexander,1610612760,Oklahoma City Thunder,4,2,51,Made Shot,Driving Layup Shot,2PT Field Goal,Restricted Area,Center(C),Less Than 8 ft.,3,-29,-10,1,1,20260107,OKC,UTA
Shot Chart Detail,0022500525,727,1628983,Shai Gilgeous-Alexander,1610612760,Oklahoma City Thunder,4,1,26,Missed Shot,Step Back Jump shot,3PT Field Goal,Above the Break 3,Center(C),24+ ft.,26,31,266,1,0,20260107,OKC,UTA
Shot Chart Detail,0022500525,731,1628983,Shai Gilgeous-Alexander,1610612760,Oklahoma City Thunder,4,1,2,Made Shot,Driving Layup Shot,2PT Field Goal,Restricted Area,Center(C),Less Than 8 ft.,2,23,0,1,1,20260107,OKC,UTA
Shot Chart Detail,0022500525,742,1628983,Shai Gilgeous-Alexander,1610612760,Oklahoma City Thunder,4,0,0,Made Shot,Pullup Jump shot,2PT Field Goal,In The Paint (Non-RA),Center(C),8-16 ft.,13,-27,131,1,1,20260107,OKC,UTA
Shot Chart Detail,0022500525,761,1628983,Shai Gilgeous-Alexander,1610612760,Oklahoma City Thunder,5,4,12,Made Shot,Pullup Jump shot,2PT Field Goal,Mid-Range,Left Side(L),8-16 ft.,13,-131,-25,1,1,20260107,OKC,UTA
Shot Chart Detail,0022500525,765,1628983,Shai Gilgeous-Alexander,1610612760,Oklahoma City Thunder,5,3,39,Missed Shot,Step Back Jump shot,3PT Field Goal,Above the Break 3,Left Side Center(LC),24+ ft.,24,-200,136,1,0,20260107,OKC,UTA
Shot Chart Detail,0022500525,769,1628983,Shai Gilgeous-Alexander,1610612760,Oklahoma City Thunder,5,3,12,Made Shot,Pullup Jump shot,2PT Field Goal,In The Paint (Non-RA),Center(C),Less Than 8 ft.,6,-55,35,1,1,20260107,OKC,UTA
Shot Chart Detail,0022500525,779,1628983,Shai Gilgeous-Alexander,1610612760,Oklahoma City Thunder,5,2,26,Missed Shot,Pullup Jump shot,3PT Field Goal,Above the Break 3,Center(C),24+ ft.,24,-69,237,1,0,20260107,OKC,UTA
Shot Chart Detail,0022500525,805,1628983,Shai Gilgeous-Alexander,1610612760,Oklahoma City Thunder,5,0,29,Missed Shot,Driving Layup Shot,2PT Field Goal,Restricted Area,Center(C),Less Than 8 ft.,1,17,-8,1,0,20260107,OKC,UTA
Shot Chart Detail,0022500553,18,1628983,Shai Gilgeous-Alexander,1610612760,Oklahoma City Thunder,1,10,25,Missed Shot,Pullup Jump shot,2PT Field Goal,In The Paint (Non-RA),Right Side(R),8-16 ft.,14,75,120,1,0,20260111,OKC,MIA
Shot Chart Detail,0022500553,24,1628983,Shai Gilgeous-Alexander,1610612760,Oklahoma City Thunder,1,10,1,Missed Shot,Pullup Jump shot,2PT Field Goal,Mid-Range,Left Side Center(LC),16-24 ft.,17,-109,134,1,0,20260111,OKC,MIA
Shot Chart Detail,0022500553,28,1628983,Shai Gilgeous-Alexander,1610612760,Oklahoma City Thunder,1,9,38,Missed Shot,Jump Shot,3PT Field Goal,Above the Break 3,Center(C),24+ ft.,24,18,246,1,0,20260111,OKC,MIA
Shot Chart Detail,0022500553,58,1628983,Shai Gilgeous-Alexander,1610612760,Oklahoma City Thunder,1,7,17,Missed Shot,Step Back Jump shot,3PT Field Goal,Above the Break 3,Left Side Center(LC),24+ ft.,25,-201,157,1,0,20260111,OKC,MIA
Shot Chart Detail,0022500553,128,1628983,Shai Gilgeous-Alexander,1610612760,Oklahoma City Thunder,1,3,2,Missed Shot,Driving Layup Shot,2PT Field Goal,Restricted Area,Center(C),Less Than 8 ft.,1,1,17,1,0,20260111,OKC,MIA
Shot Chart Detail,0022500553,142,1628983,Shai Gilgeous-Alexander,1610612760,Oklahoma City Thunder,1,2,9,Made Shot,Step Back Jump shot,2PT Field Goal,Mid-Range,Left Side(L),16-24 ft.,16,-161,-13,1,1,20260111,OKC,MIA
Shot Chart Detail,0022500553,288,1628983,Shai Gilgeous-Alexander,1610612760,Oklahoma City Thunder,2,4,36,Made Shot,Pullup Jump shot,2PT Field Goal,Mid-Range,Right Side Center(RC),16-24 ft.,18,65,173,1,1,20260111,OKC,MIA
Shot Chart Detail,0022500553,322,1628983,Shai Gilgeous-Alexander,1610612760,Oklahoma City Thunder,2,2,0,Made Shot,Step Back Jump shot,2PT Field Goal,In The Paint (Non-RA),Center(C),8-16 ft.,14,67,127,1,1,20260111,OKC,MIA
Shot Chart Detail,0022500553,339,1628983,Shai Gilgeous-Alexander,1610612760,Oklahoma City Thunder,2,1,14,Made Shot,Pullup Jump shot,2PT Field Goal,Mid-Range,Left Side(L),8-16 ft.,11,-112,14,1,1,20260111,OKC,MIA
Shot Chart Detail,0022500553,345,1628983,Shai Gilgeous-Alexander,1610612760,Oklahoma City Thunder,2,0,53,Made Shot,Driving Layup Shot,2PT Field Goal,Restricted Area,Center(C),Less Than 8 ft.,0,-9,0,1,1,20260111,OKC,MIA
Shot Chart Detail,0022500553,364,1628983,Shai Gilgeous-Alexander,1610612760,Oklahoma City Thunder,3,11,14,Missed Shot,Pullup Jump shot,3PT Field Goal,Above the Break 3,Center(C),24+ ft.,25,-15,259,1,0,20260111,OKC,MIA
Shot Chart Detail,0022500553,401,1628983,Shai Gilgeous-Alexander,1610612760,Oklahoma City Thunder,3,8,35,Made Shot,Driving Layup Shot,2PT Field Goal,Restricted Area,Center(C),Less Than 8 ft.,2,-18,13,1,1,20260111,OKC,MIA
Shot Chart Detail,0022500553,418,1628983,Shai Gilgeous-Alexander,1610612760,Oklahoma City Thunder,3,7,11,Made Shot,Driving Floating Bank Jump Shot,2PT Field Goal,In The Paint (Non-RA),Center(C),Less Than 8 ft.,6,-50,36,1,1,20260111,OKC,MIA
Shot Chart Detail,0022500553,421,1628983,Shai Gilgeous-Alexander,1610612760,Oklahoma City Thunder,3,6,44,Made Shot,Jump Shot,3PT Field Goal,Above the Break 3,Right Side Center(RC),24+ ft.,25,186,178,1,1,20260111,OKC,MIA
Shot Chart Detail,0022500553,442,1628983,Shai Gilgeous-Alexander,1610612760,Oklahoma City Thunder,3,5,23,Made Shot,Driving Floating Bank Jump Shot,2PT Field Goal,Restricted Area,Center(C),Less Than 8 ft.,1,15,12,1,1,20260111,OKC,MIA
Shot Chart Detail,0022500553,469,1628983,Shai Gilgeous-Alexander,1610612760,Oklahoma City Thunder,3,3,51,Made Shot,Step Back Jump shot,3PT Field Goal,Above the Break 3,Left Side Center(LC),24+ ft.,25,-140,214,1,1,20260111,OKC,MIA
Shot Chart Detail,0022500553,506,1628983,Shai Gilgeous-Alexander,1610612760,Oklahoma City Thunder,3,1,4,Missed Shot,Jump Shot,3PT Field Goal,Above the Break 3,Left Side Center(LC),24+ ft.,25,-173,193,1,0,20260111,OKC,MIA
Shot Chart Detail,0022500553,516,1628983,Shai Gilgeous-Alexander,1610612760,Oklahoma City Thunder,3,0,18,Missed Shot,Driving Floating Bank Jump Shot,2PT Field Goal,In The Paint (Non-RA),Center(C),Less Than 8 ft.,6,50,36,1,0,20260111,OKC,MIA
Shot Chart Detail,0022500553,644,1628983,Shai Gilgeous-Alexander,1610612760,Oklahoma City Thunder,4,3,11,Missed Shot,Jump Shot,2PT Field Goal,In The Paint (Non-RA),Center(C),8-16 ft.,14,-65,132,1,0,20260111,OKC,MIA
Shot Chart Detail,0022500568,31,1628983,Shai Gilgeous-Alexander,1610612760,Oklahoma City Thunder,1,9,33,Missed Shot,Turnaround Fadeaway shot,2PT Field Goal,In The Paint (Non-RA),Left Side(L),8-16 ft.,11,-77,84,1,0,20260113,OKC,SAS
Shot Chart Detail,0022500568,45,1628983,Shai Gilgeous-Alexander,1610612760,Oklahoma City Thunder,1,8,2,Missed Shot,Pullup Jump shot,2PT Field Goal,In The Paint (Non-RA),Left Side(L),8-16 ft.,9,-80,51,1,0,20260113,OKC,SAS
Shot Chart Detail,0022500568,54,1628983,Shai Gilgeous-Alexander,1610612760,Oklahoma City Thunder,1,7,34,Made Shot,Pullup Jump shot,2PT Field Goal,Mid-Range,Left Side(L),8-16 ft.,13,-129,50,1,1,20260113,OKC,SAS
Shot Chart Detail,0022500568,94,1628983,Shai Gilgeous-Alexander,1610612760,Oklahoma City Thunder,1,5,28,Missed Shot,Pullup Jump shot,2PT Field Goal,In The Paint (Non-RA),Center(C),8-16 ft.,13,40,131,1,0,20260113,OKC,SAS
Shot Chart Detail,0022500568,108,1628983,Shai Gilgeous-Alexander,1610612760,Oklahoma City Thunder,1,4,11,Made Shot,Pullup Jump shot,2PT Field Goal,In The Paint (Non-RA),Center(C),8-16 ft.,11,-36,105,1,1,20260113,OKC,SAS
Shot Chart Detail,0022500568,123,1628983,Shai Gilgeous-Alexander,1610612760,Oklahoma City Thunder,1,2,32,Made Shot,Driving Floating Bank Jump Shot,2PT Field Goal,In The Paint (Non-RA),Center(C),Less Than 8 ft.,5,-56,3,1,1,20260113,OKC,SAS
Shot Chart Detail,0022500568,139,1628983,Shai Gilgeous-Alexander,1610612760,Oklahoma City Thunder,1,1,45,Made Shot,Driving Layup Shot,2PT Field Goal,Restricted Area,Center(C),Less Than 8 ft.,0,7,-5,1,1,20260113,OKC,SAS
Shot Chart Detail,0022500568,162,1628983,Shai Gilgeous-Alexander,1610612760,Oklahoma City Thunder,1,0,18,Made Shot,Step Back Jump shot,2PT Field Goal,Mid-Range,Center(C),8-16 ft.,14,-18,140,1,1,20260113,OKC,SAS
Shot Chart Detail,0022500568,280,1628983,Shai Gilgeous-Alexander,1610612760,Oklahoma City Thunder,2,4,59,Made Shot,Cutting Dunk Shot,2PT Field Goal,Restricted Area,Center(C),Less Than 8 ft.,0,9,1,1,1,20260113,OKC,SAS
Shot Chart Detail,0022500568,307,1628983,Shai Gilgeous-Alexander,1610612760,Oklahoma City Thunder,2,2,59,Missed Shot,Pullup Jump shot,2PT Field Goal,In The Paint (Non-RA),Center(C),8-16 ft.,15,75,134,1,0,20260113,OKC,SAS
Shot Chart Detail,0022500568,322,1628983,Shai Gilgeous-Alexander,1610612760,Oklahoma City Thunder,2,1,13,Missed Shot,Pullup Jump shot,3PT Field Goal,Above the Break 3,Right Side Center(RC),24+ ft.,25,88,237,1,0,20260113,OKC,SAS
Shot Chart Detail,0022500568,342,1628983,Shai Gilgeous-Alexander,1610612760,Oklahoma City Thunder,2,0,32,Missed Shot,Driving Floating Jump Shot,2PT Field Goal,In The Paint (Non-RA),Right Side(R),8-16 ft.,9,54,83,1,0,20260113,OKC,SAS
Shot Chart Detail,0022500568,400,1628983,Shai Gilgeous-Alexander,1610612760,Oklahoma City Thunder,3,7,51,Made Shot,Pullup Jump shot,2PT Field Goal,In The Paint (Non-RA),Center(C),Less Than 8 ft.,6,54,38,1,1,20260113,OKC,SAS
Shot Chart Detail,0022500568,435,1628983,Shai Gilgeous-Alexander,1610612760,Oklahoma City Thunder,3,5,47,Made Shot,Pullup Jump shot,2PT Field Goal,In The Paint (Non-RA),Center(C),8-16 ft.,12,-51,112,1,1,20260113,OKC,SAS
Shot Chart Detail,0022500568,456,1628983,Shai Gilgeous-Alexander,1610612760,Oklahoma City Thunder,3,4,16,Made Shot,Step Back Jump shot,2PT Field Goal,Mid-Range,Center(C),16-24 ft.,18,6,185,1,1,20260113,OKC,SAS
Shot Chart Detail,0022500568,479,1628983,Shai Gilgeous-Alexander,1610612760,Oklahoma City Thunder,3,2,44,Missed Shot,Step Back Jump shot,3PT Field Goal,Above the Break 3,Left Side Center(LC),24+ ft.,26,-180,189,1,0,20260113,OKC,SAS
Shot Chart Detail,0022500568,487,1628983,Shai Gilgeous-Alexander,1610612760,Oklahoma City Thunder,3,2,2,Missed Shot,Step Back Jump shot,3PT Field Goal,Above the Break 3,Left Side Center(LC),24+ ft.,26,-129,226,1,0,20260113,OKC,SAS
Shot Chart Detail,0022500568,495,1628983,Shai Gilgeous-Alexander,1610612760,Oklahoma City Thunder,3,1,18,Made Shot,Driving Finger Roll Layup Shot,2PT Field Goal,Restricted Area,Center(C),Less Than 8 ft.,2,-10,21,1,1,20260113,OKC,SAS
Shot Chart Detail,0022500568,505,1628983,Shai Gilgeous-Alexander,1610612760,Oklahoma City Thunder,3,0,45,Made Shot,Jump Shot,3PT Field Goal,Above the Break 3,Left Side Center(LC),24+ ft.,27,-129,238,1,1,20260113,OKC,SAS
Shot Chart Detail,0022500568,610,1628983,Shai Gilgeous-Alexander,1610612760,Oklahoma City Thunder,4,6,1,Missed Shot,Driving Floating Jump Shot,2PT Field Goal,In The Paint (Non-RA),Left Side(L),8-16 ft.,8,-65,52,1,0,20260113,OKC,SAS
Shot Chart Detail,0022500568,639,1628983,Shai Gilgeous-Alexander,1610612760,Oklahoma City Thunder,4,5,2,Missed Shot,Step Back Jump shot,2PT Field Goal,Mid-Range,Left Side Center(LC),16-24 ft.,18,-112,151,1,0,20260113,OKC,SAS
Shot Chart Detail,0022500568,643,1628983,Shai Gilgeous-Alexander,1610612760,Oklahoma City Thunder,4,4,28,Missed Shot,Driving Layup Shot,2PT Field Goal,In The Paint (Non-RA),Center(C),Less Than 8 ft.,4,38,13,1,0,20260113,OKC,SAS
Shot Chart Detail,0022500568,658,1628983,Shai Gilgeous-Alexander,1610612760,Oklahoma City Thunder,4,3,35,Missed Shot,Pullup Jump shot,2PT Field Goal,Mid-Range,Right Side(R),8-16 ft.,14,108,99,1,0,20260113,OKC,SAS
Shot Chart Detail,0022500581,46,1628983,Shai Gilgeous-Alexander,1610612760,Oklahoma City Thunder,1,8,40,Missed Shot,Step Back Jump shot,3PT Field Goal,Above the Break 3,Left Side Center(LC),24+ ft.,25,-172,182,1,0,20260115,HOU,OKC
Shot Chart Detail,0022500581,128,1628983,Shai Gilgeous-Alexander,1610612760,Oklahoma City Thunder,1,3,16,Missed Shot,Step Back Jump shot,2PT Field Goal,Mid-Range,Center(C),16-24 ft.,21,1,219,1,0,20260115,HOU,OKC
Shot Chart Detail,0022500581,281,1628983,Shai Gilgeous-Alexander,1610612760,Oklahoma City Thunder,2,4,52,Made Shot,Driving Layup Shot,2PT Field Goal,Restricted Area,Center(C),Less Than 8 ft.,2,-21,17,1,1,20260115,HOU,OKC
Shot Chart Detail,0022500581,287,1628983,Shai Gilgeous-Alexander,1610612760,Oklahoma City Thunder,2,4,30,Made Shot,Driving Finger Roll Layup Shot,2PT Field Goal,In The Paint (Non-RA),Center(C),Less Than 8 ft.,7,-67,32,1,1,20260115,HOU,OKC
Shot Chart Detail,0022500581,334,1628983,Shai Gilgeous-Alexander,1610612760,Oklahoma City Thunder,2,1,36,Made Shot,Driving Finger Roll Layup Shot,2PT Field Goal,In The Paint (Non-RA),Center(C),Less Than 8 ft.,5,34,38,1,1,20260115,HOU,OKC
Shot Chart Detail,0022500581,346,1628983,Shai Gilgeous-Alexander,1610612760,Oklahoma City Thunder,2,0,1,Made Shot,Step Back Jump shot,3PT Field Goal,Above the Break 3,Center(C),24+ ft.,24,-6,247,1,1,20260115,HOU,OKC
Shot Chart Detail,0022500581,379,1628983,Shai Gilgeous-Alexander,1610612760,Oklahoma City Thunder,3,9,41,Made Shot,Step Back Jump shot,2PT Field Goal,Mid-Range,Right Side Center(RC),16-24 ft.,21,98,193,1,1,20260115,HOU,OKC
Shot Chart Detail,0022500581,436,1628983,Shai Gilgeous-Alexander,1610612760,Oklahoma City Thunder,3,5,28,Missed Shot,Driving Floating Jump Shot,2PT Field Goal,In The Paint (Non-RA),Center(C),8-16 ft.,12,-6,123,1,0,20260115,HOU,OKC
Shot Chart Detail,0022500581,475,1628983,Shai Gilgeous-Alexander,1610612760,Oklahoma City Thunder,3,2,13,Made Shot,Driving Layup Shot,2PT Field Goal,In The Paint (Non-RA),Center(C),Less Than 8 ft.,6,16,64,1,1,20260115,HOU,OKC
Shot Chart Detail,0022500581,501,1628983,Shai Gilgeous-Alexander,1610612760,Oklahoma City Thunder,3,0,33,Missed Shot,Step Back Jump shot,3PT Field Goal,Above the Break 3,Center(C),24+ ft.,26,5,269,1,0,20260115,HOU,OKC
Shot Chart Detail,0022500581,636,1628983,Shai Gilgeous-Alexander,1610612760,Oklahoma City Thunder,4,3,45,Missed Shot,Pullup Jump shot,2PT Field Goal,Mid-Range,Center(C),16-24 ft.,16,-1,162,1,0,20260115,HOU,OKC
Shot Chart Detail,0022500597,25,1628983,Shai Gilgeous-Alexander,1610612760,Oklahoma City Thunder,1,10,16,Made Shot,Step Back Jump shot,2PT Field Goal,Mid-Range,Left Side(L),8-16 ft.,13,-135,17,1,1,20260117,MIA,OKC
Shot Chart Detail,0022500597,31,1628983,Shai Gilgeous-Alexander,1610612760,Oklahoma City Thunder,1,9,52,Missed Shot,Jump Shot,3PT Field Goal,Above the Break 3,Left Side Center(LC),24+ ft.,24,-129,209,1,0,20260117,MIA,OKC
Shot Chart Detail,0022500597,35,1628983,Shai Gilgeous-Alexander,1610612760,Oklahoma City Thunder,1,9,27,Made Shot,Turnaround Jump Shot,2PT Field Goal,In The Paint (Non-RA),Center(C),8-16 ft.,12,33,119,1,1,20260117,MIA,OKC
Shot Chart Detail,0022500597,54,1628983,Shai Gilgeous-Alexander,1610612760,Oklahoma City Thunder,1,6,55,Made Shot,Step Back Jump shot,3PT Field Goal,Above the Break 3,Left Side Center(LC),24+ ft.,24,-194,147,1,1,20260117,MIA,OKC
Shot Chart Detail,0022500597,106,1628983,Shai Gilgeous-Alexander,1610612760,Oklahoma City Thunder,1,2,41,Made Shot,Driving Layup Shot,2PT Field Goal,Restricted Area,Center(C),Less Than 8 ft.,2,-10,26,1,1,20260117,MIA,OKC
Shot Chart Detail,0022500597,259,1628983,Shai Gilgeous-Alexander,1610612760,Oklahoma City Thunder,2,4,35,Made Shot,Driving Reverse Layup Shot,2PT Field Goal,Restricted Area,Center(C),Less Than 8 ft.,1,-12,-1,1,1,20260117,MIA,OKC
Shot Chart Detail,0022500597,321,1628983,Shai Gilgeous-Alexander,1610612760,Oklahoma City Thunder,2,0,32,Made Shot,Driving Layup Shot,2PT Field Goal,Restricted Area,Center(C),Less Than 8 ft.,2,-25,11,1,1,20260117,MIA,OKC
Shot Chart Detail,0022500597,362,1628983,Shai Gilgeous-Alexander,1610612760,Oklahoma City Thunder,3,9,52,Missed Shot,Step Back Jump shot,2PT Field Goal,Mid-Range,Right Side Center(RC),16-24 ft.,16,131,100,1,0,20260117,MIA,OKC
Shot Chart Detail,0022500597,371,1628983,Shai Gilgeous-Alexander,1610612760,Oklahoma City Thunder,3,9,24,Missed Shot,Driving Floating Jump Shot,2PT Field Goal,In The Paint (Non-RA),Center(C),Less Than 8 ft.,7,1,75,1,0,20260117,MIA,OKC
Shot Chart Detail,0022500597,381,1628983,Shai Gilgeous-Alexander,1610612760,Oklahoma City Thunder,3,8,39,Missed Shot,Step Back Jump shot,2PT Field Goal,Mid-Range,Left Side(L),8-16 ft.,10,-102,21,1,0,20260117,MIA,OKC
Shot Chart Detail,0022500597,394,1628983,Shai Gilgeous-Alexander,1610612760,Oklahoma City Thunder,3,7,31,Made Shot,Driving Layup Shot,2PT Field Goal,Restricted Area,Center(C),Less Than 8 ft.,1,6,12,1,1,20260117,MIA,OKC
Shot Chart Detail,0022500597,397,1628983,Shai Gilgeous-Alexander,1610612760,Oklahoma City Thunder,3,6,56,Missed Shot,Fadeaway Jump Shot,2PT Field Goal,Mid-Range,Right Side(R),8-16 ft.,9,99,2,1,0,20260117,MIA,OKC
Shot Chart Detail,0022500597,406,1628983,Shai Gilgeous-Alexander,1610612760,Oklahoma City Thunder,3,6,32,Made Shot,Driving Layup Shot,2PT Field Goal,Restricted Area,Center(C),Less Than 8 ft.,1,-17,7,1,1,20260117,MIA,OKC
Shot Chart Detail,0022500597,451,1628983,Shai Gilgeous-Alexander,1610612760,Oklahoma City Thunder,3,4,29,Made Shot,Step Back Jump shot,2PT Field Goal,Mid-Range,Left Side Center(LC),16-24 ft.,17,-123,130,1,1,20260117,MIA,OKC
Shot Chart Detail,0022500597,483,1628983,Shai Gilgeous-Alexander,1610612760,Oklahoma City Thunder,3,2,22,Made Shot,Jump Shot,2PT Field Goal,In The Paint (Non-RA),Center(C),Less Than 8 ft.,7,38,70,1,1,20260117,MIA,OKC
Shot Chart Detail,0022500597,486,1628983,Shai Gilgeous-Alexander,1610612760,Oklahoma City Thunder,3,2,4,Missed Shot,Step Back Jump shot,2PT Field Goal,Mid-Range,Left Side(L),16-24 ft.,16,-137,83,1,0,20260117,MIA,OKC
Shot Chart Detail,0022500597,623,1628983,Shai Gilgeous-Alexander,1610612760,Oklahoma City Thunder,4,6,24,Made Shot,Driving Layup Shot,2PT Field Goal,Restricted Area,Center(C),Less Than 8 ft.,1,9,8,1,1,20260117,MIA,OKC
Shot Chart Detail,0022500597,659,1628983,Shai Gilgeous-Alexander,1610612760,Oklahoma City Thunder,4,4,20,Missed Shot,Step Back Jump shot,2PT Field Goal,Mid-Range,Right Side Center(RC),16-24 ft.,18,123,144,1,0,20260117,MIA,OKC
Shot Chart Detail,0022500597,677,1628983,Shai Gilgeous-Alexander,1610612760,Oklahoma City Thunder,4,3,27,Made Shot,Pullup Jump shot,3PT Field Goal,Above the Break 3,Center(C),24+ ft.,25,-76,242,1,1,20260117,MIA,OKC
Shot Chart Detail,0022500625,32,1628983,Shai Gilgeous-Alexander,1610612760,Oklahoma City Thunder,1,8,51,Made Shot,Running Finger Roll Layup Shot,2PT Field Goal,Restricted Area,Center(C),Less Than 8 ft.,2,12,19,1,1,20260121,MIL,OKC
Shot Chart Detail,0022500625,123,1628983,Shai Gilgeous-Alexander,1610612760,Oklahoma City Thunder,1,0,54,Made Shot,Driving Layup Shot,2PT Field Goal,Restricted Area,Center(C),Less Than 8 ft.,1,6,13,1,1,20260121,MIL,OKC
Shot Chart Detail,0022500625,155,1628983,Shai Gilgeous-Alexander,1610612760,Oklahoma City Thunder,2,10,44,Made Shot,Step Back Jump shot,3PT Field Goal,Above the Break 3,Left Side Center(LC),24+ ft.,27,-110,247,1,1,20260121,MIL,OKC
Shot Chart Detail,0022500625,173,1628983,Shai Gilgeous-Alexander,1610612760,Oklahoma City Thunder,2,8,47,Made Shot,Driving Layup Shot,2PT Field Goal,Restricted Area,Center(C),Less Than 8 ft.,1,15,0,1,1,20260121,MIL,OKC
Shot Chart Detail,0022500625,254,1628983,Shai Gilgeous-Alexander,1610612760,Oklahoma City Thunder,2,2,16,Missed Shot,Driving Floating Bank Jump Shot,2PT Field Goal,Mid-Range,Left Side(L),8-16 ft.,13,-116,66,1,0,20260121,MIL,OKC
Shot Chart Detail,0022500625,256,1628983,Shai Gilgeous-Alexander,1610612760,Oklahoma City Thunder,2,2,15,Made Shot,Tip Layup Shot,2PT Field Goal,Restricted Area,Center(C),Less Than 8 ft.,0,0,0,1,1,20260121,MIL,OKC
Shot Chart Detail,0022500625,278,1628983,Shai Gilgeous-Alexander,1610612760,Oklahoma City Thunder,2,0,37,Made Shot,Pullup Jump shot,3PT Field Goal,Above the Break 3,Right Side Center(RC),24+ ft.,25,91,239,1,1,20260121,MIL,OKC
Shot Chart Detail,0022500625,326,1628983,Shai Gilgeous-Alexander,1610612760,Oklahoma City Thunder,3,10,22,Made Shot,Driving Finger Roll Layup Shot,2PT Field Goal,Restricted Area,Center(C),Less Than 8 ft.,1,7,8,1,1,20260121,MIL,OKC
Shot Chart Detail,0022500625,331,1628983,Shai Gilgeous-Alexander,1610612760,Oklahoma City Thunder,3,9,38,Made Shot,Step Back Jump shot,2PT Field Goal,Mid-Range,Left Side(L),8-16 ft.,15,-150,16,1,1,20260121,MIL,OKC
Shot Chart Detail,0022500625,353,1628983,Shai Gilgeous-Alexander,1610612760,Oklahoma City Thunder,3,8,5,Missed Shot,Driving Finger Roll Layup Shot,2PT Field Goal,Restricted Area,Center(C),Less Than 8 ft.,3,11,37,1,0,20260121,MIL,OKC
Shot Chart Detail,0022500625,360,1628983,Shai Gilgeous-Alexander,1610612760,Oklahoma City Thunder,3,7,48,Missed Shot,Driving Layup Shot,2PT Field Goal,In The Paint (Non-RA),Center(C),8-16 ft.,8,-5,80,1,0,20260121,MIL,OKC
Shot Chart Detail,0022500625,364,1628983,Shai Gilgeous-Alexander,1610612760,Oklahoma City Thunder,3,7,19,Made Shot,Pullup Jump shot,2PT Field Goal,In The Paint (Non-RA),Center(C),8-16 ft.,10,-27,102,1,1,20260121,MIL,OKC
Shot Chart Detail,0022500625,386,1628983,Shai Gilgeous-Alexander,1610612760,Oklahoma City Thunder,3,5,43,Made Shot,Driving Layup Shot,2PT Field Goal,In The Paint (Non-RA),Center(C),Less Than 8 ft.,5,-38,37,1,1,20260121,MIL,OKC
Shot Chart Detail,0022500625,465,1628983,Shai Gilgeous-Alexander,1610612760,Oklahoma City Thunder,3,0,58,Made Shot,Driving Floating Bank Jump Shot,2PT Field Goal,In The Paint (Non-RA),Center(C),8-16 ft.,8,-30,75,1,1,20260121,MIL,OKC
Shot Chart Detail,0022500625,516,1628983,Shai Gilgeous-Alexander,1610612760,Oklahoma City Thunder,4,8,27,Made Shot,Step Back Jump shot,2PT Field Goal,Mid-Range,Right Side(R),8-16 ft.,14,92,116,1,1,20260121,MIL,OKC
Shot Chart Detail,0022500625,524,1628983,Shai Gilgeous-Alexander,1610612760,Oklahoma City Thunder,4,7,46,Made Shot,Running Dunk Shot,2PT Field Goal,Restricted Area,Center(C),Less Than 8 ft.,1,11,15,1,1,20260121,MIL,OKC
Shot Chart Detail,0022500625,537,1628983,Shai Gilgeous-Alexander,1610612760,Oklahoma City Thunder,4,6,9,Made Shot,Driving Finger Roll Layup Shot,2PT Field Goal,Restricted Area,Center(C),Less Than 8 ft.,2,-21,21,1,1,20260121,MIL,OKC
Shot Chart Detail,0022500625,544,1628983,Shai Gilgeous-Alexander,1610612760,Oklahoma City Thunder,4,4,55,Made Shot,Driving Finger Roll Layup Shot,2PT Field Goal,Restricted Area,Center(C),Less Than 8 ft.,2,-20,18,1,1,20260121,MIL,OKC
Shot Chart Detail,0022500625,554,1628983,Shai Gilgeous-Alexander,1610612760,Oklahoma City Thunder,4,4,25,Made Shot,Driving Floating Bank Jump Shot,2PT Field Goal,In The Paint (Non-RA),Right Side(R),8-16 ft.,9,76,49,1,1,20260121,MIL,OKC
Shot Chart Detail,0022500641,16,1628983,Shai Gilgeous-Alexander,1610612760,Oklahoma City Thunder,1,10,55,Missed Shot,Pullup Jump shot,2PT Field Goal,Mid-Range,Left Side Center(LC),16-24 ft.,18,-83,167,1,0,20260123,OKC,IND
Shot Chart Detail,0022500641,25,1628983,Shai Gilgeous-Alexander,1610612760,Oklahoma City Thunder,1,10,3,Made Shot,Jump Shot,2PT Field Goal,Mid-Range,Right Side(R),8-16 ft.,15,87,126,1,1,20260123,OKC,IND
Shot Chart Detail,0022500641,32,1628983,Shai Gilgeous-Alexander,1610612760,Oklahoma City Thunder,1,9,4,Made Shot,Step Back Bank Jump Shot,2PT Field Goal,Mid-Range,Left Side(L),8-16 ft.,8,-82,8,1,1,20260123,OKC,IND
Shot Chart Detail,0022500641,50,1628983,Shai Gilgeous-Alexander,1610612760,Oklahoma City Thunder,1,7,37,Missed Shot,Running Pull-Up Jump Shot,2PT Field Goal,In The Paint (Non-RA),Center(C),8-16 ft.,12,-51,110,1,0,20260123,OKC,IND
Shot Chart Detail,0022500641,52,1628983,Shai Gilgeous-Alexander,1610612760,Oklahoma City Thunder,1,7,31,Made Shot,Finger Roll Layup Shot,2PT Field Goal,Restricted Area,Center(C),Less Than 8 ft.,2,23,0,1,1,20260123,OKC,IND
Shot Chart Detail,0022500641,156,1628983,Shai Gilgeous-Alexander,1610612760,Oklahoma City Thunder,1,0,50,Made Shot,Driving Finger Roll Layup Shot,2PT Field Goal,Restricted Area,Center(C),Less Than 8 ft.,2,-27,10,1,1,20260123,OKC,IND
Shot Chart Detail,0022500641,209,1628983,Shai Gilgeous-Alexander,1610612760,Oklahoma City Thunder,2,9,58,Made Shot,Pullup Jump shot,2PT Field Goal,In The Paint (Non-RA),Center(C),8-16 ft.,12,21,128,1,1,20260123,OKC,IND
Shot Chart Detail,0022500641,217,1628983,Shai Gilgeous-Alexander,1610612760,Oklahoma City Thunder,2,9,19,Missed Shot,Pullup Jump shot,3PT Field Goal,Above the Break 3,Left Side Center(LC),24+ ft.,27,-85,260,1,0,20260123,OKC,IND
Shot Chart Detail,0022500641,228,1628983,Shai Gilgeous-Alexander,1610612760,Oklahoma City Thunder,2,8,18,Missed Shot,Step Back Jump shot,2PT Field Goal,In The Paint (Non-RA),Center(C),8-16 ft.,14,-60,131,1,0,20260123,OKC,IND
Shot Chart Detail,0022500641,333,1628983,Shai Gilgeous-Alexander,1610612760,Oklahoma City Thunder,2,2,40,Made Shot,Pullup Jump shot,2PT Field Goal,Mid-Range,Left Side(L),8-16 ft.,13,-130,11,1,1,20260123,OKC,IND
Shot Chart Detail,0022500641,363,1628983,Shai Gilgeous-Alexander,1610612760,Oklahoma City Thunder,2,0,2,Missed Shot,Step Back Jump shot,3PT Field Goal,Above the Break 3,Center(C),24+ ft.,27,29,270,1,0,20260123,OKC,IND
Shot Chart Detail,0022500641,377,1628983,Shai Gilgeous-Alexander,1610612760,Oklahoma City Thunder,3,11,27,Missed Shot,Step Back Jump shot,3PT Field Goal,Above the Break 3,Right Side Center(RC),24+ ft.,25,87,241,1,0,20260123,OKC,IND
Shot Chart Detail,0022500641,385,1628983,Shai Gilgeous-Alexander,1610612760,Oklahoma City Thunder,3,10,14,Missed Shot,Pullup Jump shot,2PT Field Goal,In The Paint (Non-RA),Right Side(R),8-16 ft.,10,66,80,1,0,20260123,OKC,IND
Shot Chart Detail,0022500641,395,1628983,Shai Gilgeous-Alexander,1610612760,Oklahoma City Thunder,3,9,29,Made Shot,Jump Shot,3PT Field Goal,Above the Break 3,Center(C),24+ ft.,25,-15,250,1,1,20260123,OKC,IND
Shot Chart Detail,0022500641,419,1628983,Shai Gilgeous-Alexander,1610612760,Oklahoma City Thunder,3,7,49,Made Shot,Step Back Jump shot,2PT Field Goal,Mid-Range,Right Side Center(RC),16-24 ft.,16,64,151,1,1,20260123,OKC,IND
Shot Chart Detail,0022500641,424,1628983,Shai Gilgeous-Alexander,1610612760,Oklahoma City Thunder,3,7,28,Made Shot,Driving Layup Shot,2PT Field Goal,Restricted Area,Center(C),Less Than 8 ft.,1,-11,10,1,1,20260123,OKC,IND
Shot Chart Detail,0022500641,430,1628983,Shai Gilgeous-Alexander,1610612760,Oklahoma City Thunder,3,7,2,Missed Shot,Driving Layup Shot,2PT Field Goal,Restricted Area,Center(C),Less Than 8 ft.,2,-27,8,1,0,20260123,OKC,IND
Shot Chart Detail,0022500641,455,1628983,Shai Gilgeous-Alexander,1610612760,Oklahoma City Thunder,3,5,59,Made Shot,Step Back Jump shot,2PT Field Goal,Mid-Range,Left Side(L),8-16 ft.,12,-127,-21,1,1,20260123,OKC,IND
Shot Chart Detail,0022500641,465,1628983,Shai Gilgeous-Alexander,1610612760,Oklahoma City Thunder,3,4,51,Made Shot,Driving Layup Shot,2PT Field Goal,Restricted Area,Center(C),Less Than 8 ft.,1,-10,-1,1,1,20260123,OKC,IND
Shot Chart Detail,0022500641,494,1628983,Shai Gilgeous-Alexander,1610612760,Oklahoma City Thunder,3,2,50,Made Shot,Driving Layup Shot,2PT Field Goal,Restricted Area,Center(C),Less Than 8 ft.,1,-17,-1,1,1,20260123,OKC,IND
Shot Chart Detail,0022500641,558,1628983,Shai Gilgeous-Alexander,1610612760,Oklahoma City Thunder,4,9,36,Missed Shot,Step Back Jump shot,2PT Field Goal,In The Paint (Non-RA),Center(C),Less Than 8 ft.,7,-75,6,1,0,20260123,OKC,IND
Shot Chart Detail,0022500641,618,1628983,Shai Gilgeous-Alexander,1610612760,Oklahoma City Thunder,4,6,0,Missed Shot,Turnaround Jump Shot,2PT Field Goal,Mid-Range,Right Side(R),8-16 ft.,10,107,4,1,0,20260123,OKC,IND
Shot Chart Detail,0022500641,633,1628983,Shai Gilgeous-Alexander,1610612760,Oklahoma City Thunder,4,5,22,Made Shot,Driving Finger Roll Layup Shot,2PT Field Goal,Restricted Area,Center(C),Less Than 8 ft.,3,34,15,1,1,20260123,OKC,IND
Shot Chart Detail,0022500641,636,1628983,Shai Gilgeous-Alexander,1610612760,Oklahoma City Thunder,4,4,50,Made Shot,Driving Finger Roll Layup Shot,2PT Field Goal,Restricted Area,Center(C),Less Than 8 ft.,1,11,-6,1,1,20260123,OKC,IND
Shot Chart Detail,0022500641,667,1628983,Shai Gilgeous-Alexander,1610612760,Oklahoma City Thunder,4,2,36,Missed Shot,Layup Shot,2PT Field Goal,Restricted Area,Center(C),Less Than 8 ft.,1,-13,8,1,0,20260123,OKC,IND
Shot Chart Detail,0022500641,683,1628983,Shai Gilgeous-Alexander,1610612760,Oklahoma City Thunder,4,2,0,Made Shot,Fadeaway Jump Shot,2PT Field Goal,Mid-Range,Left Side(L),8-16 ft.,10,-107,-12,1,1,20260123,OKC,IND
Shot Chart Detail,0022500641,692,1628983,Shai Gilgeous-Alexander,1610612760,Oklahoma City Thunder,4,1,12,Made Shot,Driving Layup Shot,2PT Field Goal,Restricted Area,Center(C),Less Than 8 ft.,2,25,0,1,1,20260123,OKC,IND
Shot Chart Detail,0022500641,702,1628983,Shai Gilgeous-Alexander,1610612760,Oklahoma City Thunder,4,0,24,Made Shot,Driving Layup Shot,2PT Field Goal,Restricted Area,Center(C),Less Than 8 ft.,1,-16,-7,1,1,20260123,OKC,IND
Shot Chart Detail,0022500653,35,1628983,Shai Gilgeous-Alexander,1610612760,Oklahoma City Thunder,1,9,27,Missed Shot,Pullup Jump shot,2PT Field Goal,In The Paint (Non-RA),Center(C),8-16 ft.,10,-11,100,1,0,20260125,OKC,TOR
Shot Chart Detail,0022500653,53,1628983,Shai Gilgeous-Alexander,1610612760,Oklahoma City Thunder,1,7,51,Made Shot,Driving Finger Roll Layup Shot,2PT Field Goal,Restricted Area,Center(C),Less Than 8 ft.,2,0,26,1,1,20260125,OKC,TOR
Shot Chart Detail,0022500653,167,1628983,Shai Gilgeous-Alexander,1610612760,Oklahoma City Thunder,1,0,34,Made Shot,Pullup Jump shot,2PT Field Goal,Mid-Range,Center(C),8-16 ft.,15,64,139,1,1,20260125,OKC,TOR
Shot Chart Detail,0022500653,187,1628983,Shai Gilgeous-Alexander,1610612760,Oklahoma City Thunder,2,11,23,Missed Shot,Reverse Layup Shot,2PT Field Goal,Restricted Area,Center(C),Less Than 8 ft.,2,4,21,1,0,20260125,OKC,TOR
Shot Chart Detail,0022500653,201,1628983,Shai Gilgeous-Alexander,1610612760,Oklahoma City Thunder,2,9,52,Missed Shot,Jump Shot,3PT Field Goal,Above the Break 3,Left Side Center(LC),24+ ft.,25,-208,155,1,0,20260125,OKC,TOR
Shot Chart Detail,0022500653,413,1628983,Shai Gilgeous-Alexander,1610612760,Oklahoma City Thunder,3,7,12,Made Shot,Pullup Jump shot,2PT Field Goal,Mid-Range,Right Side(R),8-16 ft.,14,88,119,1,1,20260125,OKC,TOR
Shot Chart Detail,0022500653,429,1628983,Shai Gilgeous-Alexander,1610612760,Oklahoma City Thunder,3,5,42,Made Shot,Pullup Jump shot,2PT Field Goal,Mid-Range,Right Side(R),8-16 ft.,14,88,119,1,1,20260125,OKC,TOR
Shot Chart Detail,0022500653,444,1628983,Shai Gilgeous-Alexander,1610612760,Oklahoma City Thunder,3,4,29,Made Shot,Running Layup Shot,2PT Field Goal,Restricted Area,Center(C),Less Than 8 ft.,1,11,-13,1,1,20260125,OKC,TOR
Shot Chart Detail,0022500653,473,1628983,Shai Gilgeous-Alexander,1610612760,Oklahoma City Thunder,3,2,37,Made Shot,Driving Layup Shot,2PT Field Goal,Restricted Area,Center(C),Less Than 8 ft.,2,-16,-13,1,1,20260125,OKC,TOR
Shot Chart Detail,0022500653,489,1628983,Shai Gilgeous-Alexander,1610612760,Oklahoma City Thunder,3,1,19,Made Shot,Running Finger Roll Layup Shot,2PT Field Goal,Restricted Area,Center(C),Less Than 8 ft.,1,-12,0,1,1,20260125,OKC,TOR
Shot Chart Detail,0022500653,603,1628983,Shai Gilgeous-Alexander,1610612760,Oklahoma City Thunder,4,5,40,Made Shot,Step Back Jump shot,2PT Field Goal,Mid-Range,Left Side(L),8-16 ft.,11,-109,-16,1,1,20260125,OKC,TOR
Shot Chart Detail,0022500667,16,1628983,Shai Gilgeous-Alexander,1610612760,Oklahoma City Thunder,1,10,50,Missed Shot,Step Back Jump shot,3PT Field Goal,Above the Break 3,Center(C),24+ ft.,24,-54,241,1,0,20260127,OKC,NOP
Shot Chart Detail,0022500667,52,1628983,Shai Gilgeous-Alexander,1610612760,Oklahoma City Thunder,1,8,46,Missed Shot,Cutting Layup Shot,2PT Field Goal,Restricted Area,Center(C),Less Than 8 ft.,1,10,0,1,0,20260127,OKC,NOP
Shot Chart Detail,0022500667,74,1628983,Shai Gilgeous-Alexander,1610612760,Oklahoma City Thunder,1,6,43,Missed Shot,Pullup Jump shot,3PT Field Goal,Above the Break 3,Right Side Center(RC),24+ ft.,25,121,224,1,0,20260127,OKC,NOP
Shot Chart Detail,0022500667,89,1628983,Shai Gilgeous-Alexander,1610612760,Oklahoma City Thunder,1,5,21,Missed Shot,Pullup Jump shot,2PT Field Goal,Mid-Range,Left Side(L),8-16 ft.,15,-154,-21,1,0,20260127,OKC,NOP
Shot Chart Detail,0022500667,190,1628983,Shai Gilgeous-Alexander,1610612760,Oklahoma City Thunder,2,10,44,Missed Shot,Pullup Jump shot,2PT Field Goal,In The Paint (Non-RA),Right Side(R),8-16 ft.,8,74,47,1,0,20260127,OKC,NOP
Shot Chart Detail,0022500667,205,1628983,Shai Gilgeous-Alexander,1610612760,Oklahoma City Thunder,2,9,43,Made Shot,Pullup Jump shot,2PT Field Goal,Mid-Range,Left Side(L),8-16 ft.,12,-123,-16,1,1,20260127,OKC,NOP
Shot Chart Detail,0022500667,220,1628983,Shai Gilgeous-Alexander,1610612760,Oklahoma City Thunder,2,8,23,Made Shot,Jump Shot,2PT Field Goal,Mid-Range,Right Side Center(RC),16-24 ft.,16,78,141,1,1,20260127,OKC,NOP
Shot Chart Detail,0022500667,337,1628983,Shai Gilgeous-Alexander,1610612760,Oklahoma City Thunder,2,2,6,Missed Shot,Cutting Layup Shot,2PT Field Goal,Restricted Area,Center(C),Less Than 8 ft.,0,-7,1,1,0,20260127,OKC,NOP
Shot Chart Detail,0022500667,348,1628983,Shai Gilgeous-Alexander,1610612760,Oklahoma City Thunder,2,1,23,Made Shot,Driving Finger Roll Layup Shot,2PT Field Goal,Restricted Area,Center(C),Less Than 8 ft.,1,10,8,1,1,20260127,OKC,NOP
Shot Chart Detail,0022500667,390,1628983,Shai Gilgeous-Alexander,1610612760,Oklahoma City Thunder,3,11,4,Missed Shot,Driving Layup Shot,2PT Field Goal,Restricted Area,Center(C),Less Than 8 ft.,2,18,13,1,0,20260127,OKC,NOP
Shot Chart Detail,0022500667,412,1628983,Shai Gilgeous-Alexander,1610612760,Oklahoma City Thunder,3,9,19,Missed Shot,Running Layup Shot,2PT Field Goal,Restricted Area,Center(C),Less Than 8 ft.,2,21,13,1,0,20260127,OKC,NOP
Shot Chart Detail,0022500667,448,1628983,Shai Gilgeous-Alexander,1610612760,Oklahoma City Thunder,3,7,6,Missed Shot,Step Back Jump shot,2PT Field Goal,Mid-Range,Center(C),16-24 ft.,16,-21,167,1,0,20260127,OKC,NOP
Shot Chart Detail,0022500667,468,1628983,Shai Gilgeous-Alexander,1610612760,Oklahoma City Thunder,3,5,35,Made Shot,Running Pull-Up Jump Shot,2PT Field Goal,Restricted Area,Center(C),Less Than 8 ft.,3,-28,13,1,1,20260127,OKC,NOP
Shot Chart Detail,0022500667,477,1628983,Shai Gilgeous-Alexander,1610612760,Oklahoma City Thunder,3,5,4,Missed Shot,Pullup Jump shot,2PT Field Goal,In The Paint (Non-RA),Center(C),8-16 ft.,14,-74,130,1,0,20260127,OKC,NOP
Shot Chart Detail,0022500667,565,1628983,Shai Gilgeous-Alexander,1610612760,Oklahoma City Thunder,4,11,38,Missed Shot,Turnaround Jump Shot,2PT Field Goal,In The Paint (Non-RA),Center(C),8-16 ft.,13,-12,136,1,0,20260127,OKC,NOP
Shot Chart Detail,0022500667,567,1628983,Shai Gilgeous-Alexander,1610612760,Oklahoma City Thunder,4,11,34,Made Shot,Turnaround Fadeaway shot,2PT Field Goal,In The Paint (Non-RA),Right Side(R),8-16 ft.,9,78,46,1,1,20260127,OKC,NOP
Shot Chart Detail,0022500667,582,1628983,Shai Gilgeous-Alexander,1610612760,Oklahoma City Thunder,4,9,28,Made Shot,Pullup Jump shot,2PT Field Goal,In The Paint (Non-RA),Left Side(L),8-16 ft.,14,-76,126,1,1,20260127,OKC,NOP
Shot Chart Detail,0022500667,597,1628983,Shai Gilgeous-Alexander,1610612760,Oklahoma City Thunder,4,7,52,Missed Shot,Step Back Jump shot,2PT Field Goal,Mid-Range,Center(C),16-24 ft.,16,49,158,1,0,20260127,OKC,NOP
Shot Chart Detail,0022500667,606,1628983,Shai Gilgeous-Alexander,1610612760,Oklahoma City Thunder,4,7,23,Made Shot,Pullup Jump shot,2PT Field Goal,In The Paint (Non-RA),Right Side(R),8-16 ft.,10,60,86,1,1,20260127,OKC,NOP
Shot Chart Detail,0022500667,676,1628983,Shai Gilgeous-Alexander,1610612760,Oklahoma City Thunder,4,2,40,Missed Shot,Step Back Jump shot,3PT Field Goal,Above the Break 3,Center(C),24+ ft.,26,48,263,1,0,20260127,OKC,NOP
Shot Chart Detail,0022500667,700,1628983,Shai Gilgeous-Alexander,1610612760,Oklahoma City Thunder,4,1,13,Missed Shot,Cutting Layup Shot,2PT Field Goal,Restricted Area,Center(C),Less Than 8 ft.,2,18,11,1,0,20260127,OKC,NOP
Shot Chart Detail,0022500667,706,1628983,Shai Gilgeous-Alexander,1610612760,Oklahoma City Thunder,4,1,3,Made Shot,Driving Floating Bank Jump Shot,2PT Field Goal,In The Paint (Non-RA),Center(C),Less Than 8 ft.,7,53,57,1,1,20260127,OKC,NOP
Shot Chart Detail,0022500686,22,1628983,Shai Gilgeous-Alexander,1610612760,Oklahoma City Thunder,1,9,52,Made Shot,Driving Layup Shot,2PT Field Goal,Restricted Area,Center(C),Less Than 8 ft.,1,-10,3,1,1,20260129,MIN,OKC
Shot Chart Detail,0022500686,42,1628983,Shai Gilgeous-Alexander,1610612760,Oklahoma City Thunder,1,8,23,Missed Shot,Turnaround Fadeaway shot,2PT Field Goal,Mid-Range,Left Side(L),8-16 ft.,11,-93,62,1,0,20260129,MIN,OKC
Shot Chart Detail,0022500686,51,1628983,Shai Gilgeous-Alexander,1610612760,Oklahoma City Thunder,1,7,22,Missed Shot,Step Back Jump shot,3PT Field Goal,Above the Break 3,Center(C),24+ ft.,24,34,245,1,0,20260129,MIN,OKC
Shot Chart Detail,0022500686,170,1628983,Shai Gilgeous-Alexander,1610612760,Oklahoma City Thunder,2,10,56,Missed Shot,Driving Finger Roll Layup Shot,2PT Field Goal,Restricted Area,Center(C),Less Than 8 ft.,1,9,8,1,0,20260129,MIN,OKC
Shot Chart Detail,0022500686,186,1628983,Shai Gilgeous-Alexander,1610612760,Oklahoma City Thunder,2,9,15,Made Shot,Jump Shot,2PT Field Goal,In The Paint (Non-RA),Center(C),8-16 ft.,13,34,131,1,1,20260129,MIN,OKC
Shot Chart Detail,0022500686,210,1628983,Shai Gilgeous-Alexander,1610612760,Oklahoma City Thunder,2,7,51,Made Shot,Driving Finger Roll Layup Shot,2PT Field Goal,Restricted Area,Center(C),Less Than 8 ft.,0,6,6,1,1,20260129,MIN,OKC
Shot Chart Detail,0022500686,247,1628983,Shai Gilgeous-Alexander,1610612760,Oklahoma City Thunder,2,6,0,Missed Shot,Driving Layup Shot,2PT Field Goal,Restricted Area,Center(C),Less Than 8 ft.,3,-10,36,1,0,20260129,MIN,OKC
Shot Chart Detail,0022500686,252,1628983,Shai Gilgeous-Alexander,1610612760,Oklahoma City Thunder,2,5,44,Made Shot,Running Jump Shot,2PT Field Goal,Mid-Range,Left Side(L),8-16 ft.,15,-147,41,1,1,20260129,MIN,OKC
Shot Chart Detail,0022500686,263,1628983,Shai Gilgeous-Alexander,1610612760,Oklahoma City Thunder,2,4,45,Made Shot,Driving Layup Shot,2PT Field Goal,Restricted Area,Center(C),Less Than 8 ft.,1,7,9,1,1,20260129,MIN,OKC
Shot Chart Detail,0022500686,352,1628983,Shai Gilgeous-Alexander,1610612760,Oklahoma City Thunder,3,11,19,Made Shot,Step Back Jump shot,2PT Field Goal,Mid-Range,Center(C),8-16 ft.,15,11,153,1,1,20260129,MIN,OKC
Shot Chart Detail,0022500686,385,1628983,Shai Gilgeous-Alexander,1610612760,Oklahoma City Thunder,3,9,5,Made Shot,Pullup Jump shot,3PT Field Goal,Above the Break 3,Left Side Center(LC),24+ ft.,25,-140,217,1,1,20260129,MIN,OKC
Shot Chart Detail,0022500686,415,1628983,Shai Gilgeous-Alexander,1610612760,Oklahoma City Thunder,3,5,54,Made Shot,Pullup Jump shot,2PT Field Goal,Mid-Range,Right Side Center(RC),16-24 ft.,17,83,158,1,1,20260129,MIN,OKC
Shot Chart Detail,0022500686,441,1628983,Shai Gilgeous-Alexander,1610612760,Oklahoma City Thunder,3,4,6,Missed Shot,Step Back Jump shot,2PT Field Goal,In The Paint (Non-RA),Left Side(L),8-16 ft.,12,-71,98,1,0,20260129,MIN,OKC
Shot Chart Detail,0022500686,460,1628983,Shai Gilgeous-Alexander,1610612760,Oklahoma City Thunder,3,2,41,Made Shot,Fadeaway Jump Shot,2PT Field Goal,Mid-Range,Right Side(R),16-24 ft.,16,163,0,1,1,20260129,MIN,OKC
Shot Chart Detail,0022500686,471,1628983,Shai Gilgeous-Alexander,1610612760,Oklahoma City Thunder,3,1,39,Made Shot,Driving Finger Roll Layup Shot,2PT Field Goal,Restricted Area,Center(C),Less Than 8 ft.,3,29,14,1,1,20260129,MIN,OKC
Shot Chart Detail,0022500686,484,1628983,Shai Gilgeous-Alexander,1610612760,Oklahoma City Thunder,3,0,25,Missed Shot,Driving Layup Shot,2PT Field Goal,Restricted Area,Center(C),Less Than 8 ft.,3,-16,26,1,0,20260129,MIN,OKC
Shot Chart Detail,0022500686,517,1628983,Shai Gilgeous-Alexander,1610612760,Oklahoma City Thunder,3,0,0,Made Shot,Driving Finger Roll Layup Shot,2PT Field Goal,Restricted Area,Center(C),Less Than 8 ft.,1,-9,17,1,1,20260129,MIN,OKC
Shot Chart Detail,0022500686,627,1628983,Shai Gilgeous-Alexander,1610612760,Oklahoma City Thunder,4,4,41,Made Shot,Driving Reverse Layup Shot,2PT Field Goal,Restricted Area,Center(C),Less Than 8 ft.,2,-25,9,1,1,20260129,MIN,OKC
Shot Chart Detail,0022500711,28,1628983,Shai Gilgeous-Alexander,1610612760,Oklahoma City Thunder,1,9,12,Made Shot,Pullup Jump shot,2PT Field Goal,Mid-Range,Left Side(L),8-16 ft.,14,-140,-15,1,1,20260201,DEN,OKC
Shot Chart Detail,0022500711,41,1628983,Shai Gilgeous-Alexander,1610612760,Oklahoma City Thunder,1,7,24,Made Shot,Pullup Jump shot,2PT Field Goal,In The Paint (Non-RA),Center(C),8-16 ft.,11,-1,115,1,1,20260201,DEN,OKC
Shot Chart Detail,0022500711,127,1628983,Shai Gilgeous-Alexander,1610612760,Oklahoma City Thunder,1,2,2,Missed Shot,Driving Finger Roll Layup Shot,2PT Field Goal,In The Paint (Non-RA),Center(C),Less Than 8 ft.,4,6,46,1,0,20260201,DEN,OKC
Shot Chart Detail,0022500711,190,1628983,Shai Gilgeous-Alexander,1610612760,Oklahoma City Thunder,2,9,49,Made Shot,Driving Layup Shot,2PT Field Goal,In The Paint (Non-RA),Center(C),Less Than 8 ft.,5,-17,48,1,1,20260201,DEN,OKC
Shot Chart Detail,0022500711,200,1628983,Shai Gilgeous-Alexander,1610612760,Oklahoma City Thunder,2,8,50,Made Shot,Pullup Jump shot,2PT Field Goal,Mid-Range,Left Side(L),8-16 ft.,14,-124,70,1,1,20260201,DEN,OKC
Shot Chart Detail,0022500711,238,1628983,Shai Gilgeous-Alexander,1610612760,Oklahoma City Thunder,2,5,54,Made Shot,Running Reverse Layup Shot,2PT Field Goal,Restricted Area,Center(C),Less Than 8 ft.,2,26,13,1,1,20260201,DEN,OKC
Shot Chart Detail,0022500711,321,1628983,Shai Gilgeous-Alexander,1610612760,Oklahoma City Thunder,2,0,51,Missed Shot,Pullup Jump shot,3PT Field Goal,Above the Break 3,Left Side Center(LC),24+ ft.,26,-108,241,1,0,20260201,DEN,OKC
Shot Chart Detail,0022500711,361,1628983,Shai Gilgeous-Alexander,1610612760,Oklahoma City Thunder,3,9,51,Made Shot,Step Back Jump shot,2PT Field Goal,Mid-Range,Left Side Center(LC),16-24 ft.,17,-80,151,1,1,20260201,DEN,OKC
Shot Chart Detail,0022500711,377,1628983,Shai Gilgeous-Alexander,1610612760,Oklahoma City Thunder,3,8,17,Made Shot,Step Back Jump shot,2PT Field Goal,Mid-Range,Right Side Center(RC),16-24 ft.,18,143,110,1,1,20260201,DEN,OKC
Shot Chart Detail,0022500711,386,1628983,Shai Gilgeous-Alexander,1610612760,Oklahoma City Thunder,3,7,5,Missed Shot,Driving Layup Shot,2PT Field Goal,Restricted Area,Center(C),Less Than 8 ft.,3,-31,11,1,0,20260201,DEN,OKC
Shot Chart Detail,0022500711,417,1628983,Shai Gilgeous-Alexander,1610612760,Oklahoma City Thunder,3,4,50,Made Shot,Step Back Jump shot,3PT Field Goal,Above the Break 3,Right Side Center(RC),24+ ft.,26,85,246,1,1,20260201,DEN,OKC
Shot Chart Detail,0022500711,427,1628983,Shai Gilgeous-Alexander,1610612760,Oklahoma City Thunder,3,4,20,Missed Shot,Pullup Jump shot,2PT Field Goal,In The Paint (Non-RA),Center(C),8-16 ft.,11,6,117,1,0,20260201,DEN,OKC
Shot Chart Detail,0022500711,439,1628983,Shai Gilgeous-Alexander,1610612760,Oklahoma City Thunder,3,3,22,Made Shot,Turnaround Fadeaway shot,2PT Field Goal,In The Paint (Non-RA),Center(C),8-16 ft.,11,5,119,1,1,20260201,DEN,OKC
Shot Chart Detail,0022500711,449,1628983,Shai Gilgeous-Alexander,1610612760,Oklahoma City Thunder,3,2,54,Missed Shot,Driving Layup Shot,2PT Field Goal,Restricted Area,Center(C),Less Than 8 ft.,3,21,29,1,0,20260201,DEN,OKC
Shot Chart Detail,0022500711,564,1628983,Shai Gilgeous-Alexander,1610612760,Oklahoma City Thunder,4,6,27,Made Shot,Step Back Jump shot,2PT Field Goal,Mid-Range,Right Side Center(RC),16-24 ft.,18,116,138,1,1,20260201,DEN,OKC
Shot Chart Detail,0022500711,600,1628983,Shai Gilgeous-Alexander,1610612760,Oklahoma City Thunder,4,4,21,Made Shot,Step Back Jump shot,2PT Field Goal,Mid-Range,Left Side Center(LC),16-24 ft.,18,-58,176,1,1,20260201,DEN,OKC
Shot Chart Detail,0022500723,19,1628983,Shai Gilgeous-Alexander,1610612760,Oklahoma City Thunder,1,10,44,Missed Shot,Fadeaway Jump Shot,2PT Field Goal,Mid-Range,Left Side(L),8-16 ft.,9,-98,-12,1,0,20260203,OKC,ORL
Shot Chart Detail,0022500723,54,1628983,Shai Gilgeous-Alexander,1610612760,Oklahoma City Thunder,1,8,5,Made Shot,Running Jump Shot,2PT Field Goal,In The Paint (Non-RA),Left Side(L),8-16 ft.,12,-75,95,1,1,20260203,OKC,ORL
Shot Chart Detail,0022500723,56,1628983,Shai Gilgeous-Alexander,1610612760,Oklahoma City Thunder,1,7,41,Made Shot,Pullup Jump shot,2PT Field Goal,Mid-Range,Center(C),16-24 ft.,17,-37,168,1,1,20260203,OKC,ORL
Shot Chart Detail,0022500723,86,1628983,Shai Gilgeous-Alexander,1610612760,Oklahoma City Thunder,1,5,44,Made Shot,Step Back Jump shot,2PT Field Goal,Mid-Range,Center(C),16-24 ft.,17,38,174,1,1,20260203,OKC,ORL
Shot Chart Detail,0022500723,141,1628983,Shai Gilgeous-Alexander,1610612760,Oklahoma City Thunder,1,2,3,Made Shot,Running Pull-Up Jump Shot,2PT Field Goal,Mid-Range,Left Side(L),8-16 ft.,10,-108,-10,1,1,20260203,OKC,ORL
Shot Chart Detail,0022500723,156,1628983,Shai Gilgeous-Alexander,1610612760,Oklahoma City Thunder,1,0,43,Missed Shot,Driving Floating Jump Shot,2PT Field Goal,In The Paint (Non-RA),Center(C),Less Than 8 ft.,5,-56,6,1,0,20260203,OKC,ORL
Shot Chart Detail,0022500723,282,1628983,Shai Gilgeous-Alexander,1610612760,Oklahoma City Thunder,2,5,28,Made Shot,Turnaround Fadeaway shot,2PT Field Goal,In The Paint (Non-RA),Center(C),8-16 ft.,14,71,125,1,1,20260203,OKC,ORL
Shot Chart Detail,0022500723,288,1628983,Shai Gilgeous-Alexander,1610612760,Oklahoma City Thunder,2,4,50,Missed Shot,Step Back Jump shot,2PT Field Goal,In The Paint (Non-RA),Center(C),8-16 ft.,13,10,131,1,0,20260203,OKC,ORL
Shot Chart Detail,0022500723,310,1628983,Shai Gilgeous-Alexander,1610612760,Oklahoma City Thunder,2,3,6,Missed Shot,Running Pull-Up Jump Shot,3PT Field Goal,Above the Break 3,Left Side Center(LC),24+ ft.,26,-102,240,1,0,20260203,OKC,ORL
Shot Chart Detail,0022500723,321,1628983,Shai Gilgeous-Alexander,1610612760,Oklahoma City Thunder,2,2,23,Missed Shot,Step Back Jump shot,2PT Field Goal,Mid-Range,Center(C),16-24 ft.,18,-38,177,1,0,20260203,OKC,ORL
Shot Chart Detail,0022500723,336,1628983,Shai Gilgeous-Alexander,1610612760,Oklahoma City Thunder,2,0,13,Missed Shot,Driving Floating Jump Shot,2PT Field Goal,Restricted Area,Center(C),Less Than 8 ft.,2,-27,-6,1,0,20260203,OKC,ORL
Shot Chart Detail,0022500723,355,1628983,Shai Gilgeous-Alexander,1610612760,Oklahoma City Thunder,3,11,8,Missed Shot,Step Back Jump shot,2PT Field Goal,Mid-Range,Left Side(L),8-16 ft.,14,-146,-17,1,0,20260203,OKC,ORL
Shot Chart Detail,0022500723,365,1628983,Shai Gilgeous-Alexander,1610612760,Oklahoma City Thunder,3,10,18,Missed Shot,Pullup Jump shot,2PT Field Goal,Mid-Range,Center(C),8-16 ft.,13,-12,139,1,0,20260203,OKC,ORL
Shot Chart Detail,0022500723,394,1628983,Shai Gilgeous-Alexander,1610612760,Oklahoma City Thunder,3,7,56,Missed Shot,Pullup Jump shot,3PT Field Goal,Above the Break 3,Center(C),24+ ft.,26,55,256,1,0,20260203,OKC,ORL
Shot Chart Detail,0022500723,405,1628983,Shai Gilgeous-Alexander,1610612760,Oklahoma City Thunder,3,6,54,Missed Shot,Step Back Jump shot,2PT Field Goal,Mid-Range,Right Side Center(RC),16-24 ft.,17,82,151,1,0,20260203,OKC,ORL
Shot Chart Detail,0022500723,410,1628983,Shai Gilgeous-Alexander,1610612760,Oklahoma City Thunder,3,6,33,Missed Shot,Driving Layup Shot,2PT Field Goal,Restricted Area,Center(C),Less Than 8 ft.,1,10,11,1,0,20260203,OKC,ORL
Shot Chart Detail,0022500723,430,1628983,Shai Gilgeous-Alexander,1610612760,Oklahoma City Thunder,3,6,10,Made Shot,Fadeaway Jump Shot,2PT Field Goal,In The Paint (Non-RA),Left Side(L),8-16 ft.,12,-65,102,1,1,20260203,OKC,ORL
Shot Chart Detail,0022500723,432,1628983,Shai Gilgeous-Alexander,1610612760,Oklahoma City Thunder,3,5,44,Made Shot,Step Back Jump shot,3PT Field Goal,Above the Break 3,Left Side Center(LC),24+ ft.,25,-228,117,1,1,20260203,OKC,ORL
Shot Chart Detail,0022500723,455,1628983,Shai Gilgeous-Alexander,1610612760,Oklahoma City Thunder,3,3,47,Made Shot,Turnaround Fadeaway shot,2PT Field Goal,Mid-Range,Left Side(L),8-16 ft.,12,-121,16,1,1,20260203,OKC,ORL
Shot Chart Detail,0022500723,459,1628983,Shai Gilgeous-Alexander,1610612760,Oklahoma City Thunder,3,3,9,Missed Shot,Jump Shot,2PT Field Goal,Mid-Range,Right Side(R),16-24 ft.,20,208,-6,1,0,20260203,OKC,ORL
Shot Chart Detail,0022500723,461,1628983,Shai Gilgeous-Alexander,1610612760,Oklahoma City Thunder,3,3,1,Missed Shot,Driving Floating Jump Shot,2PT Field Goal,Restricted Area,Center(C),Less Than 8 ft.,2,26,12,1,0,20260203,OKC,ORL
Shot Chart Detail,0022500723,468,1628983,Shai Gilgeous-Alexander,1610612760,Oklahoma City Thunder,3,2,25,Missed Shot,Jump Shot,2PT Field Goal,Mid-Range,Left Side Center(LC),16-24 ft.,17,-96,149,1,0,20260203,OKC,ORL
Shot Chart Detail,0022500862,16,1628983,Shai Gilgeous-Alexander,1610612760,Oklahoma City Thunder,1,10,52,Missed Shot,Step Back Jump shot,2PT Field Goal,Mid-Range,Left Side(L),8-16 ft.,11,-115,-31,1,0,20260227,OKC,DEN
Shot Chart Detail,0022500862,25,1628983,Shai Gilgeous-Alexander,1610612760,Oklahoma City Thunder,1,10,15,Made Shot,Driving Layup Shot,2PT Field Goal,Restricted Area,Center(C),Less Than 8 ft.,1,1,13,1,1,20260227,OKC,DEN
Shot Chart Detail,0022500862,45,1628983,Shai Gilgeous-Alexander,1610612760,Oklahoma City Thunder,1,8,34,Missed Shot,Pullup Jump shot,2PT Field Goal,Mid-Range,Center(C),8-16 ft.,15,-62,142,1,0,20260227,OKC,DEN
Shot Chart Detail,0022500862,50,1628983,Shai Gilgeous-Alexander,1610612760,Oklahoma City Thunder,1,8,22,Missed Shot,Running Jump Shot,3PT Field Goal,Above the Break 3,Left Side Center(LC),24+ ft.,27,-224,155,1,0,20260227,OKC,DEN
Shot Chart Detail,0022500862,58,1628983,Shai Gilgeous-Alexander,1610612760,Oklahoma City Thunder,1,7,21,Missed Shot,Pullup Jump shot,2PT Field Goal,In The Paint (Non-RA),Center(C),8-16 ft.,14,66,127,1,0,20260227,OKC,DEN
Shot Chart Detail,0022500862,147,1628983,Shai Gilgeous-Alexander,1610612760,Oklahoma City Thunder,1,2,1,Made Shot,Driving Reverse Layup Shot,2PT Field Goal,Restricted Area,Center(C),Less Than 8 ft.,1,10,-3,1,1,20260227,OKC,DEN
Shot Chart Detail,0022500862,160,1628983,Shai Gilgeous-Alexander,1610612760,Oklahoma City Thunder,1,1,3,Made Shot,Pullup Jump shot,2PT Field Goal,Mid-Range,Right Side(R),8-16 ft.,11,118,-5,1,1,20260227,OKC,DEN
Shot Chart Detail,0022500862,202,1628983,Shai Gilgeous-Alexander,1610612760,Oklahoma City Thunder,2,11,13,Made Shot,Pullup Jump shot,2PT Field Goal,In The Paint (Non-RA),Left Side(L),8-16 ft.,15,-77,133,1,1,20260227,OKC,DEN
Shot Chart Detail,0022500862,205,1628983,Shai Gilgeous-Alexander,1610612760,Oklahoma City Thunder,2,10,48,Made Shot,Pullup Jump shot,2PT Field Goal,Mid-Range,Left Side Center(LC),16-24 ft.,16,-76,148,1,1,20260227,OKC,DEN
Shot Chart Detail,0022500862,212,1628983,Shai Gilgeous-Alexander,1610612760,Oklahoma City Thunder,2,9,51,Made Shot,Running Finger Roll Layup Shot,2PT Field Goal,Restricted Area,Center(C),Less Than 8 ft.,0,5,8,1,1,20260227,OKC,DEN
Shot Chart Detail,0022500862,227,1628983,Shai Gilgeous-Alexander,1610612760,Oklahoma City Thunder,2,8,21,Missed Shot,Running Finger Roll Layup Shot,2PT Field Goal,Restricted Area,Center(C),Less Than 8 ft.,3,12,28,1,0,20260227,OKC,DEN
Shot Chart Detail,0022500862,239,1628983,Shai Gilgeous-Alexander,1610612760,Oklahoma City Thunder,2,7,15,Made Shot,Driving Floating Jump Shot,2PT Field Goal,Restricted Area,Center(C),Less Than 8 ft.,3,-13,33,1,1,20260227,OKC,DEN
Shot Chart Detail,0022500862,327,1628983,Shai Gilgeous-Alexander,1610612760,Oklahoma City Thunder,2,0,0,Missed Shot,Pullup Jump shot,2PT Field Goal,Mid-Range,Center(C),8-16 ft.,15,-4,153,1,0,20260227,OKC,DEN
Shot Chart Detail,0022500862,346,1628983,Shai Gilgeous-Alexander,1610612760,Oklahoma City Thunder,3,11,0,Made Shot,Running Layup Shot,2PT Field Goal,Restricted Area,Center(C),Less Than 8 ft.,0,7,-7,1,1,20260227,OKC,DEN
Shot Chart Detail,0022500862,349,1628983,Shai Gilgeous-Alexander,1610612760,Oklahoma City Thunder,3,10,34,Missed Shot,Pullup Jump shot,2PT Field Goal,In The Paint (Non-RA),Center(C),8-16 ft.,12,13,120,1,0,20260227,OKC,DEN
Shot Chart Detail,0022500862,360,1628983,Shai Gilgeous-Alexander,1610612760,Oklahoma City Thunder,3,10,3,Missed Shot,Driving Floating Jump Shot,2PT Field Goal,In The Paint (Non-RA),Right Side(R),8-16 ft.,9,61,73,1,0,20260227,OKC,DEN
Shot Chart Detail,0022500862,365,1628983,Shai Gilgeous-Alexander,1610612760,Oklahoma City Thunder,3,9,51,Missed Shot,Running Layup Shot,2PT Field Goal,Restricted Area,Center(C),Less Than 8 ft.,1,-17,-7,1,0,20260227,OKC,DEN
Shot Chart Detail,0022500862,381,1628983,Shai Gilgeous-Alexander,1610612760,Oklahoma City Thunder,3,8,43,Missed Shot,Pullup Jump shot,2PT Field Goal,Mid-Range,Left Side(L),8-16 ft.,11,-113,-22,1,0,20260227,OKC,DEN
Shot Chart Detail,0022500862,395,1628983,Shai Gilgeous-Alexander,1610612760,Oklahoma City Thunder,3,7,30,Missed Shot,Driving Reverse Layup Shot,2PT Field Goal,Restricted Area,Center(C),Less Than 8 ft.,1,0,10,1,0,20260227,OKC,DEN
Shot Chart Detail,0022500862,420,1628983,Shai Gilgeous-Alexander,1610612760,Oklahoma City Thunder,3,6,10,Made Shot,Driving Layup Shot,2PT Field Goal,Restricted Area,Center(C),Less Than 8 ft.,0,-6,0,1,1,20260227,OKC,DEN
Shot Chart Detail,0022500862,429,1628983,Shai Gilgeous-Alexander,1610612760,Oklahoma City Thunder,3,5,0,Missed Shot,Pullup Jump shot,2PT Field Goal,Mid-Range,Right Side Center(RC),16-24 ft.,20,131,158,1,0,20260227,OKC,DEN
Shot Chart Detail,0022500862,479,1628983,Shai Gilgeous-Alexander,1610612760,Oklahoma City Thunder,3,1,31,Made Shot,Driving Layup Shot,2PT Field Goal,Restricted Area,Center(C),Less Than 8 ft.,1,13,5,1,1,20260227,OKC,DEN
Shot Chart Detail,0022500862,490,1628983,Shai Gilgeous-Alexander,1610612760,Oklahoma City Thunder,3,0,34,Made Shot,Driving Layup Shot,2PT Field Goal,Restricted Area,Center(C),Less Than 8 ft.,1,9,-6,1,1,20260227,OKC,DEN
Shot Chart Detail,0022500862,609,1628983,Shai Gilgeous-Alexander,1610612760,Oklahoma City Thunder,4,4,32,Missed Shot,Pullup Jump shot,3PT Field Goal,Above the Break 3,Right Side Center(RC),24+ ft.,25,153,201,1,0,20260227,OKC,DEN
Shot Chart Detail,0022500862,613,1628983,Shai Gilgeous-Alexander,1610612760,Oklahoma City Thunder,4,4,4,Made Shot,Pullup Jump shot,2PT Field Goal,In The Paint (Non-RA),Center(C),8-16 ft.,8,-34,79,1,1,20260227,OKC,DEN
Shot Chart Detail,0022500862,621,1628983,Shai Gilgeous-Alexander,1610612760,Oklahoma City Thunder,4,3,36,Missed Shot,Pullup Jump shot,2PT Field Goal,Mid-Range,Left Side Center(LC),16-24 ft.,16,-85,137,1,0,20260227,OKC,DEN
Shot Chart Detail,0022500862,642,1628983,Shai Gilgeous-Alexander,1610612760,Oklahoma City Thunder,4,1,35,Missed Shot,Driving Reverse Layup Shot,2PT Field Goal,Restricted Area,Center(C),Less Than 8 ft.,0,2,6,1,0,20260227,OKC,DEN
Shot Chart Detail,0022500862,648,1628983,Shai Gilgeous-Alexander,1610612760,Oklahoma City Thunder,4,0,53,Missed Shot,Pullup Jump shot,2PT Field Goal,In The Paint (Non-RA),Right Side(R),8-16 ft.,11,67,96,1,0,20260227,OKC,DEN
Shot Chart Detail,0022500862,657,1628983,Shai Gilgeous-Alexander,1610612760,Oklahoma City Thunder,4,0,26,Missed Shot,Step Back Jump shot,3PT Field Goal,Above the Break 3,Left Side Center(LC),24+ ft.,24,-221,98,1,0,20260227,OKC,DEN
Shot Chart Detail,0022500876,29,1628983,Shai Gilgeous-Alexander,1610612760,Oklahoma City Thunder,1,9,56,Made Shot,Fadeaway Jump Shot,2PT Field Goal,Mid-Range,Right Side(R),8-16 ft.,13,136,14,1,1,20260301,DAL,OKC
Shot Chart Detail,0022500876,36,1628983,Shai Gilgeous-Alexander,1610612760,Oklahoma City Thunder,1,9,38,Made Shot,Turnaround Fadeaway shot,2PT Field Goal,Mid-Range,Left Side(L),8-16 ft.,11,-110,47,1,1,20260301,DAL,OKC
Shot Chart Detail,0022500876,53,1628983,Shai Gilgeous-Alexander,1610612760,Oklahoma City Thunder,1,8,43,Made Shot,Running Layup Shot,2PT Field Goal,Restricted Area,Center(C),Less Than 8 ft.,0,-4,4,1,1,20260301,DAL,OKC
Shot Chart Detail,0022500876,152,1628983,Shai Gilgeous-Alexander,1610612760,Oklahoma City Thunder,1,2,1,Missed Shot,Pullup Jump shot,2PT Field Goal,Mid-Range,Right Side(R),8-16 ft.,11,115,4,1,0,20260301,DAL,OKC
Shot Chart Detail,0022500876,190,1628983,Shai Gilgeous-Alexander,1610612760,Oklahoma City Thunder,2,11,20,Made Shot,Running Pull-Up Jump Shot,3PT Field Goal,Above the Break 3,Right Side Center(RC),24+ ft.,25,89,236,1,1,20260301,DAL,OKC
Shot Chart Detail,0022500876,228,1628983,Shai Gilgeous-Alexander,1610612760,Oklahoma City Thunder,2,8,2,Made Shot,Driving Finger Roll Layup Shot,2PT Field Goal,Restricted Area,Center(C),Less Than 8 ft.,3,31,13,1,1,20260301,DAL,OKC
Shot Chart Detail,0022500876,250,1628983,Shai Gilgeous-Alexander,1610612760,Oklahoma City Thunder,2,6,59,Missed Shot,Driving Layup Shot,2PT Field Goal,Restricted Area,Center(C),Less Than 8 ft.,1,-4,16,1,0,20260301,DAL,OKC
Shot Chart Detail,0022500876,273,1628983,Shai Gilgeous-Alexander,1610612760,Oklahoma City Thunder,2,5,34,Made Shot,Running Dunk Shot,2PT Field Goal,Restricted Area,Center(C),Less Than 8 ft.,1,-10,-7,1,1,20260301,DAL,OKC
Shot Chart Detail,0022500876,331,1628983,Shai Gilgeous-Alexander,1610612760,Oklahoma City Thunder,2,0,51,Missed Shot,Running Pull-Up Jump Shot,2PT Field Goal,Mid-Range,Left Side Center(LC),16-24 ft.,20,-70,189,1,0,20260301,DAL,OKC
Shot Chart Detail,0022500876,343,1628983,Shai Gilgeous-Alexander,1610612760,Oklahoma City Thunder,2,0,29,Missed Shot,Driving Layup Shot,2PT Field Goal,Restricted Area,Center(C),Less Than 8 ft.,3,37,15,1,0,20260301,DAL,OKC
Shot Chart Detail,0022500876,361,1628983,Shai Gilgeous-Alexander,1610612760,Oklahoma City Thunder,3,11,44,Missed Shot,Jump Shot,3PT Field Goal,Left Corner 3,Left Side(L),24+ ft.,23,-229,36,1,0,20260301,DAL,OKC
Shot Chart Detail,0022500876,371,1628983,Shai Gilgeous-Alexander,1610612760,Oklahoma City Thunder,3,10,43,Made Shot,Pullup Jump shot,2PT Field Goal,In The Paint (Non-RA),Center(C),8-16 ft.,13,-19,130,1,1,20260301,DAL,OKC
Shot Chart Detail,0022500876,377,1628983,Shai Gilgeous-Alexander,1610612760,Oklahoma City Thunder,3,10,4,Made Shot,Pullup Jump shot,2PT Field Goal,Mid-Range,Left Side Center(LC),16-24 ft.,19,-83,173,1,1,20260301,DAL,OKC
Shot Chart Detail,0022500876,391,1628983,Shai Gilgeous-Alexander,1610612760,Oklahoma City Thunder,3,8,48,Missed Shot,Pullup Jump shot,3PT Field Goal,Above the Break 3,Left Side Center(LC),24+ ft.,24,-141,204,1,0,20260301,DAL,OKC
Shot Chart Detail,0022500876,411,1628983,Shai Gilgeous-Alexander,1610612760,Oklahoma City Thunder,3,7,35,Made Shot,Running Layup Shot,2PT Field Goal,Restricted Area,Center(C),Less Than 8 ft.,2,17,18,1,1,20260301,DAL,OKC
Shot Chart Detail,0022500876,470,1628983,Shai Gilgeous-Alexander,1610612760,Oklahoma City Thunder,3,2,26,Missed Shot,Step Back Jump shot,3PT Field Goal,Above the Break 3,Left Side Center(LC),24+ ft.,25,-161,193,1,0,20260301,DAL,OKC
Shot Chart Detail,0022500876,483,1628983,Shai Gilgeous-Alexander,1610612760,Oklahoma City Thunder,3,1,18,Missed Shot,Pullup Jump shot,3PT Field Goal,Left Corner 3,Left Side(L),24+ ft.,22,-225,46,1,0,20260301,DAL,OKC
Shot Chart Detail,0022500876,492,1628983,Shai Gilgeous-Alexander,1610612760,Oklahoma City Thunder,3,0,45,Made Shot,Driving Layup Shot,2PT Field Goal,Restricted Area,Center(C),Less Than 8 ft.,0,-6,0,1,1,20260301,DAL,OKC
Shot Chart Detail,0022500876,610,1628983,Shai Gilgeous-Alexander,1610612760,Oklahoma City Thunder,4,4,6,Made Shot,Pullup Jump shot,2PT Field Goal,Mid-Range,Left Side(L),8-16 ft.,15,-87,132,1,1,20260301,DAL,OKC
Shot Chart Detail,0022500876,625,1628983,Shai Gilgeous-Alexander,1610612760,Oklahoma City Thunder,4,2,57,Made Shot,Step Back Jump shot,2PT Field Goal,Mid-Range,Center(C),8-16 ft.,15,-22,152,1,1,20260301,DAL,OKC
Shot Chart Detail,0022500893,19,1628983,Shai Gilgeous-Alexander,1610612760,Oklahoma City Thunder,1,10,14,Made Shot,Step Back Jump shot,2PT Field Goal,Mid-Range,Right Side(R),8-16 ft.,15,107,118,1,1,20260304,NYK,OKC
Shot Chart Detail,0022500893,26,1628983,Shai Gilgeous-Alexander,1610612760,Oklahoma City Thunder,1,9,28,Made Shot,Step Back Jump shot,2PT Field Goal,Mid-Range,Left Side Center(LC),16-24 ft.,19,-116,155,1,1,20260304,NYK,OKC
Shot Chart Detail,0022500893,48,1628983,Shai Gilgeous-Alexander,1610612760,Oklahoma City Thunder,1,7,40,Missed Shot,Driving Reverse Layup Shot,2PT Field Goal,Restricted Area,Center(C),Less Than 8 ft.,2,-23,11,1,0,20260304,NYK,OKC
Shot Chart Detail,0022500893,130,1628983,Shai Gilgeous-Alexander,1610612760,Oklahoma City Thunder,1,1,57,Made Shot,Driving Floating Bank Jump Shot,2PT Field Goal,Restricted Area,Center(C),Less Than 8 ft.,0,6,1,1,1,20260304,NYK,OKC
Shot Chart Detail,0022500893,146,1628983,Shai Gilgeous-Alexander,1610612760,Oklahoma City Thunder,1,1,4,Made Shot,Driving Finger Roll Layup Shot,2PT Field Goal,Restricted Area,Center(C),Less Than 8 ft.,1,-10,8,1,1,20260304,NYK,OKC
Shot Chart Detail,0022500893,180,1628983,Shai Gilgeous-Alexander,1610612760,Oklahoma City Thunder,2,10,55,Missed Shot,Driving Reverse Layup Shot,2PT Field Goal,Restricted Area,Center(C),Less Than 8 ft.,2,26,6,1,0,20260304,NYK,OKC
Shot Chart Detail,0022500893,194,1628983,Shai Gilgeous-Alexander,1610612760,Oklahoma City Thunder,2,9,22,Missed Shot,Pullup Jump shot,2PT Field Goal,Mid-Range,Left Side(L),16-24 ft.,17,-170,23,1,0,20260304,NYK,OKC
Shot Chart Detail,0022500893,223,1628983,Shai Gilgeous-Alexander,1610612760,Oklahoma City Thunder,2,7,8,Missed Shot,Pullup Jump shot,2PT Field Goal,Mid-Range,Right Side(R),8-16 ft.,15,81,136,1,0,20260304,NYK,OKC
Shot Chart Detail,0022500893,243,1628983,Shai Gilgeous-Alexander,1610612760,Oklahoma City Thunder,2,5,46,Made Shot,Step Back Jump shot,2PT Field Goal,Mid-Range,Right Side(R),8-16 ft.,11,110,4,1,1,20260304,NYK,OKC
Shot Chart Detail,0022500893,290,1628983,Shai Gilgeous-Alexander,1610612760,Oklahoma City Thunder,2,1,59,Missed Shot,Pullup Jump shot,2PT Field Goal,Mid-Range,Left Side(L),8-16 ft.,13,-119,54,1,0,20260304,NYK,OKC
Shot Chart Detail,0022500893,335,1628983,Shai Gilgeous-Alexander,1610612760,Oklahoma City Thunder,3,11,35,Made Shot,Running Dunk Shot,2PT Field Goal,Restricted Area,Center(C),Less Than 8 ft.,0,-2,8,1,1,20260304,NYK,OKC
Shot Chart Detail,0022500893,361,1628983,Shai Gilgeous-Alexander,1610612760,Oklahoma City Thunder,3,9,53,Missed Shot,Driving Layup Shot,2PT Field Goal,Restricted Area,Center(C),Less Than 8 ft.,2,-27,8,1,0,20260304,NYK,OKC
Shot Chart Detail,0022500893,373,1628983,Shai Gilgeous-Alexander,1610612760,Oklahoma City Thunder,3,9,14,Made Shot,Step Back Jump shot,2PT Field Goal,Mid-Range,Left Side(L),8-16 ft.,9,-96,5,1,1,20260304,NYK,OKC
Shot Chart Detail,0022500893,563,1628983,Shai Gilgeous-Alexander,1610612760,Oklahoma City Thunder,4,8,22,Made Shot,Driving Layup Shot,2PT Field Goal,Restricted Area,Center(C),Less Than 8 ft.,2,-7,19,1,1,20260304,NYK,OKC
Shot Chart Detail,0022500893,578,1628983,Shai Gilgeous-Alexander,1610612760,Oklahoma City Thunder,4,6,48,Missed Shot,Driving Floating Jump Shot,2PT Field Goal,Restricted Area,Center(C),Less Than 8 ft.,2,-2,24,1,0,20260304,NYK,OKC
Shot Chart Detail,0022500893,669,1628983,Shai Gilgeous-Alexander,1610612760,Oklahoma City Thunder,4,1,18,Made Shot,Step Back Jump shot,3PT Field Goal,Above the Break 3,Left Side Center(LC),24+ ft.,25,-91,235,1,1,20260304,NYK,OKC
Shot Chart Detail,0022500920,13,1628983,Shai Gilgeous-Alexander,1610612760,Oklahoma City Thunder,1,11,11,Missed Shot,Running Pull-Up Jump Shot,3PT Field Goal,Above the Break 3,Right Side Center(RC),24+ ft.,27,100,253,1,0,20260307,OKC,GSW
Shot Chart Detail,0022500920,21,1628983,Shai Gilgeous-Alexander,1610612760,Oklahoma City Thunder,1,10,15,Made Shot,Driving Layup Shot,2PT Field Goal,Restricted Area,Center(C),Less Than 8 ft.,2,-20,11,1,1,20260307,OKC,GSW
Shot Chart Detail,0022500920,23,1628983,Shai Gilgeous-Alexander,1610612760,Oklahoma City Thunder,1,9,57,Missed Shot,Driving Finger Roll Layup Shot,2PT Field Goal,In The Paint (Non-RA),Center(C),Less Than 8 ft.,7,-77,13,1,0,20260307,OKC,GSW
Shot Chart Detail,0022500920,47,1628983,Shai Gilgeous-Alexander,1610612760,Oklahoma City Thunder,1,8,34,Missed Shot,Step Back Jump shot,2PT Field Goal,Mid-Range,Left Side(L),8-16 ft.,14,-142,-4,1,0,20260307,OKC,GSW
Shot Chart Detail,0022500920,169,1628983,Shai Gilgeous-Alexander,1610612760,Oklahoma City Thunder,1,0,1,Missed Shot,Fadeaway Jump Shot,2PT Field Goal,Mid-Range,Right Side(R),8-16 ft.,11,108,36,1,0,20260307,OKC,GSW
Shot Chart Detail,0022500920,223,1628983,Shai Gilgeous-Alexander,1610612760,Oklahoma City Thunder,2,8,41,Missed Shot,Driving Finger Roll Layup Shot,2PT Field Goal,Restricted Area,Center(C),Less Than 8 ft.,2,-18,12,1,0,20260307,OKC,GSW
Shot Chart Detail,0022500920,310,1628983,Shai Gilgeous-Alexander,1610612760,Oklahoma City Thunder,2,2,19,Made Shot,Fadeaway Jump Shot,2PT Field Goal,Mid-Range,Left Side(L),8-16 ft.,15,-152,-4,1,1,20260307,OKC,GSW
Shot Chart Detail,0022500920,324,1628983,Shai Gilgeous-Alexander,1610612760,Oklahoma City Thunder,2,1,34,Made Shot,Driving Finger Roll Layup Shot,2PT Field Goal,Restricted Area,Center(C),Less Than 8 ft.,2,-23,12,1,1,20260307,OKC,GSW
Shot Chart Detail,0022500920,360,1628983,Shai Gilgeous-Alexander,1610612760,Oklahoma City Thunder,3,10,13,Made Shot,Pullup Jump shot,2PT Field Goal,Mid-Range,Center(C),8-16 ft.,14,-36,145,1,1,20260307,OKC,GSW
Shot Chart Detail,0022500920,398,1628983,Shai Gilgeous-Alexander,1610612760,Oklahoma City Thunder,3,6,50,Made Shot,Driving Layup Shot,2PT Field Goal,Restricted Area,Center(C),Less Than 8 ft.,1,11,0,1,1,20260307,OKC,GSW
Shot Chart Detail,0022500920,440,1628983,Shai Gilgeous-Alexander,1610612760,Oklahoma City Thunder,3,3,56,Missed Shot,Step Back Jump shot,3PT Field Goal,Above the Break 3,Left Side Center(LC),24+ ft.,24,-131,205,1,0,20260307,OKC,GSW
Shot Chart Detail,0022500920,491,1628983,Shai Gilgeous-Alexander,1610612760,Oklahoma City Thunder,3,1,51,Missed Shot,Step Back Jump shot,2PT Field Goal,Mid-Range,Left Side(L),8-16 ft.,13,-138,-6,1,0,20260307,OKC,GSW
Shot Chart Detail,0022500920,648,1628983,Shai Gilgeous-Alexander,1610612760,Oklahoma City Thunder,4,2,44,Missed Shot,Pullup Jump shot,2PT Field Goal,In The Paint (Non-RA),Right Side(R),8-16 ft.,12,64,108,1,0,20260307,OKC,GSW
Shot Chart Detail,0022500920,666,1628983,Shai Gilgeous-Alexander,1610612760,Oklahoma City Thunder,4,1,38,Missed Shot,Step Back Jump shot,3PT Field Goal,Above the Break 3,Left Side Center(LC),24+ ft.,24,-217,122,1,0,20260307,OKC,GSW
Shot Chart Detail,0022500920,676,1628983,Shai Gilgeous-Alexander,1610612760,Oklahoma City Thunder,4,0,42,Made Shot,Step Back Jump shot,3PT Field Goal,Above the Break 3,Right Side Center(RC),24+ ft.,25,103,230,1,1,20260307,OKC,GSW
Shot Chart Detail,0022500933,13,1628983,Shai Gilgeous-Alexander,1610612760,Oklahoma City Thunder,1,11,6,Made Shot,Pullup Jump shot,2PT Field Goal,Mid-Range,Left Side(L),8-16 ft.,15,-86,131,1,1,20260309,OKC,DEN
Shot Chart Detail,0022500933,34,1628983,Shai Gilgeous-Alexander,1610612760,Oklahoma City Thunder,1,9,49,Made Shot,Pullup Jump shot,2PT Field Goal,In The Paint (Non-RA),Right Side(R),8-16 ft.,13,76,113,1,1,20260309,OKC,DEN
Shot Chart Detail,0022500933,83,1628983,Shai Gilgeous-Alexander,1610612760,Oklahoma City Thunder,1,5,51,Made Shot,Pullup Jump shot,2PT Field Goal,In The Paint (Non-RA),Center(C),Less Than 8 ft.,5,53,6,1,1,20260309,OKC,DEN
Shot Chart Detail,0022500933,100,1628983,Shai Gilgeous-Alexander,1610612760,Oklahoma City Thunder,1,4,32,Made Shot,Driving Layup Shot,2PT Field Goal,Restricted Area,Center(C),Less Than 8 ft.,2,16,18,1,1,20260309,OKC,DEN
Shot Chart Detail,0022500933,111,1628983,Shai Gilgeous-Alexander,1610612760,Oklahoma City Thunder,1,3,6,Missed Shot,Driving Layup Shot,2PT Field Goal,In The Paint (Non-RA),Center(C),Less Than 8 ft.,4,-25,36,1,0,20260309,OKC,DEN
Shot Chart Detail,0022500933,136,1628983,Shai Gilgeous-Alexander,1610612760,Oklahoma City Thunder,1,2,3,Made Shot,Running Finger Roll Layup Shot,2PT Field Goal,Restricted Area,Center(C),Less Than 8 ft.,1,4,11,1,1,20260309,OKC,DEN
Shot Chart Detail,0022500933,262,1628983,Shai Gilgeous-Alexander,1610612760,Oklahoma City Thunder,2,5,28,Made Shot,Turnaround Fadeaway Bank Jump Shot,2PT Field Goal,Mid-Range,Right Side(R),8-16 ft.,9,98,8,1,1,20260309,OKC,DEN
Shot Chart Detail,0022500933,290,1628983,Shai Gilgeous-Alexander,1610612760,Oklahoma City Thunder,2,3,8,Made Shot,Running Finger Roll Layup Shot,2PT Field Goal,Restricted Area,Center(C),Less Than 8 ft.,2,-11,17,1,1,20260309,OKC,DEN
Shot Chart Detail,0022500933,329,1628983,Shai Gilgeous-Alexander,1610612760,Oklahoma City Thunder,2,0,52,Made Shot,Pullup Jump shot,2PT Field Goal,In The Paint (Non-RA),Center(C),8-16 ft.,15,-77,136,1,1,20260309,OKC,DEN
Shot Chart Detail,0022500933,404,1628983,Shai Gilgeous-Alexander,1610612760,Oklahoma City Thunder,3,7,21,Missed Shot,Fadeaway Jump Shot,2PT Field Goal,In The Paint (Non-RA),Center(C),8-16 ft.,13,59,119,1,0,20260309,OKC,DEN
Shot Chart Detail,0022500933,435,1628983,Shai Gilgeous-Alexander,1610612760,Oklahoma City Thunder,3,5,44,Made Shot,Driving Finger Roll Layup Shot,2PT Field Goal,Restricted Area,Center(C),Less Than 8 ft.,1,16,3,1,1,20260309,OKC,DEN
Shot Chart Detail,0022500933,454,1628983,Shai Gilgeous-Alexander,1610612760,Oklahoma City Thunder,3,3,31,Missed Shot,Step Back Jump shot,3PT Field Goal,Above the Break 3,Center(C),24+ ft.,25,-59,246,1,0,20260309,OKC,DEN
Shot Chart Detail,0022500933,467,1628983,Shai Gilgeous-Alexander,1610612760,Oklahoma City Thunder,3,2,27,Made Shot,Step Back Jump shot,3PT Field Goal,Above the Break 3,Center(C),24+ ft.,25,-47,251,1,1,20260309,OKC,DEN
Shot Chart Detail,0022500933,478,1628983,Shai Gilgeous-Alexander,1610612760,Oklahoma City Thunder,3,0,59,Missed Shot,Step Back Jump shot,3PT Field Goal,Above the Break 3,Right Side Center(RC),24+ ft.,25,112,226,1,0,20260309,OKC,DEN
Shot Chart Detail,0022500933,482,1628983,Shai Gilgeous-Alexander,1610612760,Oklahoma City Thunder,3,0,36,Made Shot,Driving Finger Roll Layup Shot,2PT Field Goal,Restricted Area,Center(C),Less Than 8 ft.,1,10,10,1,1,20260309,OKC,DEN
Shot Chart Detail,0022500933,575,1628983,Shai Gilgeous-Alexander,1610612760,Oklahoma City Thunder,4,7,19,Missed Shot,Driving Layup Shot,2PT Field Goal,Restricted Area,Center(C),Less Than 8 ft.,1,5,19,1,0,20260309,OKC,DEN
Shot Chart Detail,0022500933,614,1628983,Shai Gilgeous-Alexander,1610612760,Oklahoma City Thunder,4,4,54,Made Shot,Pullup Jump shot,2PT Field Goal,In The Paint (Non-RA),Right Side(R),8-16 ft.,12,80,101,1,1,20260309,OKC,DEN
Shot Chart Detail,0022500933,617,1628983,Shai Gilgeous-Alexander,1610612760,Oklahoma City Thunder,4,4,26,Missed Shot,Pullup Jump shot,3PT Field Goal,Above the Break 3,Right Side Center(RC),24+ ft.,25,115,225,1,0,20260309,OKC,DEN
Shot Chart Detail,0022500933,643,1628983,Shai Gilgeous-Alexander,1610612760,Oklahoma City Thunder,4,2,22,Missed Shot,Pullup Jump shot,3PT Field Goal,Above the Break 3,Center(C),24+ ft.,25,-76,243,1,0,20260309,OKC,DEN
Shot Chart Detail,0022500933,673,1628983,Shai Gilgeous-Alexander,1610612760,Oklahoma City Thunder,4,0,13,Made Shot,Pullup Jump shot,3PT Field Goal,Above the Break 3,Center(C),24+ ft.,25,67,243,1,1,20260309,OKC,DEN
Shot Chart Detail,0022500933,697,1628983,Shai Gilgeous-Alexander,1610612760,Oklahoma City Thunder,4,0,3,Made Shot,Step Back Jump shot,3PT Field Goal,Above the Break 3,Right Side Center(RC),24+ ft.,25,163,199,1,1,20260309,OKC,DEN
Shot Chart Detail,0022500959,21,1628983,Shai Gilgeous-Alexander,1610612760,Oklahoma City Thunder,1,9,38,Missed Shot,Step Back Jump shot,3PT Field Goal,Above the Break 3,Right Side Center(RC),24+ ft.,27,158,219,1,0,20260312,OKC,BOS
Shot Chart Detail,0022500959,63,1628983,Shai Gilgeous-Alexander,1610612760,Oklahoma City Thunder,1,6,20,Made Shot,Running Layup Shot,2PT Field Goal,Restricted Area,Center(C),Less Than 8 ft.,0,-6,-1,1,1,20260312,OKC,BOS
Shot Chart Detail,0022500959,83,1628983,Shai Gilgeous-Alexander,1610612760,Oklahoma City Thunder,1,4,56,Made Shot,Pullup Jump shot,3PT Field Goal,Above the Break 3,Center(C),24+ ft.,25,54,250,1,1,20260312,OKC,BOS
Shot Chart Detail,0022500959,239,1628983,Shai Gilgeous-Alexander,1610612760,Oklahoma City Thunder,2,5,3,Missed Shot,Cutting Layup Shot,2PT Field Goal,Restricted Area,Center(C),Less Than 8 ft.,1,15,-1,1,0,20260312,OKC,BOS
Shot Chart Detail,0022500959,274,1628983,Shai Gilgeous-Alexander,1610612760,Oklahoma City Thunder,2,2,49,Made Shot,Step Back Jump shot,3PT Field Goal,Above the Break 3,Center(C),24+ ft.,26,-15,266,1,1,20260312,OKC,BOS
Shot Chart Detail,0022500959,300,1628983,Shai Gilgeous-Alexander,1610612760,Oklahoma City Thunder,2,1,17,Made Shot,Driving Finger Roll Layup Shot,2PT Field Goal,Restricted Area,Center(C),Less Than 8 ft.,1,-9,-13,1,1,20260312,OKC,BOS
Shot Chart Detail,0022500959,306,1628983,Shai Gilgeous-Alexander,1610612760,Oklahoma City Thunder,2,0,34,Made Shot,Pullup Jump shot,2PT Field Goal,Mid-Range,Left Side(L),8-16 ft.,14,-108,103,1,1,20260312,OKC,BOS
Shot Chart Detail,0022500959,342,1628983,Shai Gilgeous-Alexander,1610612760,Oklahoma City Thunder,3,10,45,Missed Shot,Step Back Jump shot,3PT Field Goal,Above the Break 3,Center(C),24+ ft.,26,33,260,1,0,20260312,OKC,BOS
Shot Chart Detail,0022500959,377,1628983,Shai Gilgeous-Alexander,1610612760,Oklahoma City Thunder,3,7,4,Made Shot,Jump Shot,2PT Field Goal,Mid-Range,Center(C),16-24 ft.,20,-39,199,1,1,20260312,OKC,BOS
Shot Chart Detail,0022500959,462,1628983,Shai Gilgeous-Alexander,1610612760,Oklahoma City Thunder,3,0,31,Missed Shot,Step Back Jump shot,3PT Field Goal,Above the Break 3,Left Side Center(LC),24+ ft.,26,-161,215,1,0,20260312,OKC,BOS
Shot Chart Detail,0022500959,489,1628983,Shai Gilgeous-Alexander,1610612760,Oklahoma City Thunder,4,11,22,Made Shot,Running Reverse Layup Shot,2PT Field Goal,Restricted Area,Center(C),Less Than 8 ft.,2,20,8,1,1,20260312,OKC,BOS
Shot Chart Detail,0022500959,506,1628983,Shai Gilgeous-Alexander,1610612760,Oklahoma City Thunder,4,9,25,Made Shot,Driving Finger Roll Layup Shot,2PT Field Goal,Restricted Area,Center(C),Less Than 8 ft.,1,-13,13,1,1,20260312,OKC,BOS
Shot Chart Detail,0022500959,527,1628983,Shai Gilgeous-Alexander,1610612760,Oklahoma City Thunder,4,8,21,Made Shot,Step Back Jump shot,2PT Field Goal,Mid-Range,Center(C),8-16 ft.,15,-13,152,1,1,20260312,OKC,BOS
Shot Chart Detail,0022500959,544,1628983,Shai Gilgeous-Alexander,1610612760,Oklahoma City Thunder,4,7,1,Made Shot,Driving Finger Roll Layup Shot,2PT Field Goal,Restricted Area,Center(C),Less Than 8 ft.,2,-15,17,1,1,20260312,OKC,BOS
Shot Chart Detail,0022500959,596,1628983,Shai Gilgeous-Alexander,1610612760,Oklahoma City Thunder,4,4,6,Missed Shot,Pullup Jump shot,2PT Field Goal,Mid-Range,Center(C),16-24 ft.,19,7,196,1,0,20260312,OKC,BOS
Shot Chart Detail,0022500959,604,1628983,Shai Gilgeous-Alexander,1610612760,Oklahoma City Thunder,4,3,21,Made Shot,Step Back Jump shot,2PT Field Goal,Mid-Range,Center(C),16-24 ft.,17,-7,170,1,1,20260312,OKC,BOS
Shot Chart Detail,0022500959,624,1628983,Shai Gilgeous-Alexander,1610612760,Oklahoma City Thunder,4,1,4,Made Shot,Pullup Jump shot,2PT Field Goal,Mid-Range,Center(C),8-16 ft.,14,6,148,1,1,20260312,OKC,BOS
Shot Chart Detail,0022500959,634,1628983,Shai Gilgeous-Alexander,1610612760,Oklahoma City Thunder,4,0,30,Made Shot,Pullup Jump shot,2PT Field Goal,Mid-Range,Center(C),8-16 ft.,15,51,151,1,1,20260312,OKC,BOS
Shot Chart Detail,0022500976,11,1628983,Shai Gilgeous-Alexander,1610612760,Oklahoma City Thunder,1,11,20,Missed Shot,Turnaround Fadeaway shot,2PT Field Goal,In The Paint (Non-RA),Right Side(R),8-16 ft.,13,71,116,1,0,20260315,OKC,MIN
Shot Chart Detail,0022500976,17,1628983,Shai Gilgeous-Alexander,1610612760,Oklahoma City Thunder,1,10,51,Made Shot,Driving Layup Shot,2PT Field Goal,Restricted Area,Center(C),Less Than 8 ft.,1,-17,7,1,1,20260315,OKC,MIN
Shot Chart Detail,0022500976,61,1628983,Shai Gilgeous-Alexander,1610612760,Oklahoma City Thunder,1,7,29,Missed Shot,Step Back Jump shot,2PT Field Goal,Mid-Range,Right Side(R),8-16 ft.,9,93,26,1,0,20260315,OKC,MIN
Shot Chart Detail,0022500976,88,1628983,Shai Gilgeous-Alexander,1610612760,Oklahoma City Thunder,1,5,55,Missed Shot,Pullup Jump shot,2PT Field Goal,Mid-Range,Left Side(L),8-16 ft.,15,-152,20,1,0,20260315,OKC,MIN
Shot Chart Detail,0022500976,92,1628983,Shai Gilgeous-Alexander,1610612760,Oklahoma City Thunder,1,5,28,Made Shot,Fadeaway Jump Shot,2PT Field Goal,In The Paint (Non-RA),Center(C),Less Than 8 ft.,6,66,23,1,1,20260315,OKC,MIN
Shot Chart Detail,0022500976,116,1628983,Shai Gilgeous-Alexander,1610612760,Oklahoma City Thunder,1,3,37,Missed Shot,Step Back Jump shot,2PT Field Goal,Mid-Range,Left Side Center(LC),16-24 ft.,17,-98,143,1,0,20260315,OKC,MIN
Shot Chart Detail,0022500976,132,1628983,Shai Gilgeous-Alexander,1610612760,Oklahoma City Thunder,1,1,45,Missed Shot,Pullup Jump shot,2PT Field Goal,Mid-Range,Left Side Center(LC),16-24 ft.,20,-105,174,1,0,20260315,OKC,MIN
Shot Chart Detail,0022500976,139,1628983,Shai Gilgeous-Alexander,1610612760,Oklahoma City Thunder,1,0,58,Missed Shot,Driving Layup Shot,2PT Field Goal,Restricted Area,Center(C),Less Than 8 ft.,3,-32,18,1,0,20260315,OKC,MIN
Shot Chart Detail,0022500976,153,1628983,Shai Gilgeous-Alexander,1610612760,Oklahoma City Thunder,1,0,3,Missed Shot,Pullup Jump shot,2PT Field Goal,Mid-Range,Left Side Center(LC),16-24 ft.,19,-119,154,1,0,20260315,OKC,MIN
Shot Chart Detail,0022500976,302,1628983,Shai Gilgeous-Alexander,1610612760,Oklahoma City Thunder,2,2,1,Missed Shot,Pullup Jump shot,3PT Field Goal,Above the Break 3,Right Side Center(RC),24+ ft.,24,89,232,1,0,20260315,OKC,MIN
Shot Chart Detail,0022500976,344,1628983,Shai Gilgeous-Alexander,1610612760,Oklahoma City Thunder,3,11,6,Made Shot,Pullup Jump shot,3PT Field Goal,Above the Break 3,Left Side Center(LC),24+ ft.,24,-100,225,1,1,20260315,OKC,MIN
Shot Chart Detail,0022500976,354,1628983,Shai Gilgeous-Alexander,1610612760,Oklahoma City Thunder,3,10,11,Missed Shot,Driving Layup Shot,2PT Field Goal,Restricted Area,Center(C),Less Than 8 ft.,2,-25,-2,1,0,20260315,OKC,MIN
Shot Chart Detail,0022500976,367,1628983,Shai Gilgeous-Alexander,1610612760,Oklahoma City Thunder,3,8,58,Missed Shot,Driving Finger Roll Layup Shot,2PT Field Goal,Restricted Area,Center(C),Less Than 8 ft.,3,33,9,1,0,20260315,OKC,MIN
Shot Chart Detail,0022500976,375,1628983,Shai Gilgeous-Alexander,1610612760,Oklahoma City Thunder,3,8,39,Missed Shot,Pullup Jump shot,2PT Field Goal,In The Paint (Non-RA),Center(C),Less Than 8 ft.,6,-16,59,1,0,20260315,OKC,MIN
Shot Chart Detail,0022500976,391,1628983,Shai Gilgeous-Alexander,1610612760,Oklahoma City Thunder,3,7,14,Missed Shot,Fadeaway Jump Shot,2PT Field Goal,Mid-Range,Right Side(R),8-16 ft.,11,115,31,1,0,20260315,OKC,MIN
Shot Chart Detail,0022500976,395,1628983,Shai Gilgeous-Alexander,1610612760,Oklahoma City Thunder,3,6,56,Missed Shot,Step Back Jump shot,2PT Field Goal,Mid-Range,Right Side Center(RC),16-24 ft.,18,132,134,1,0,20260315,OKC,MIN
Shot Chart Detail,0022500976,576,1628983,Shai Gilgeous-Alexander,1610612760,Oklahoma City Thunder,4,6,23,Missed Shot,Pullup Jump shot,3PT Field Goal,Above the Break 3,Right Side Center(RC),24+ ft.,24,123,210,1,0,20260315,OKC,MIN
Shot Chart Detail,0022500976,583,1628983,Shai Gilgeous-Alexander,1610612760,Oklahoma City Thunder,4,5,54,Made Shot,Running Layup Shot,2PT Field Goal,Restricted Area,Center(C),Less Than 8 ft.,1,16,4,1,1,20260315,OKC,MIN
Shot Chart Detail,0022500976,593,1628983,Shai Gilgeous-Alexander,1610612760,Oklahoma City Thunder,4,5,19,Made Shot,Step Back Jump shot,2PT Field Goal,Mid-Range,Left Side Center(LC),16-24 ft.,17,-127,117,1,1,20260315,OKC,MIN
Shot Chart Detail,0022500976,612,1628983,Shai Gilgeous-Alexander,1610612760,Oklahoma City Thunder,4,4,3,Missed Shot,Turnaround Jump Shot,2PT Field Goal,In The Paint (Non-RA),Right Side(R),8-16 ft.,9,58,74,1,0,20260315,OKC,MIN
Shot Chart Detail,0022500976,621,1628983,Shai Gilgeous-Alexander,1610612760,Oklahoma City Thunder,4,3,17,Made Shot,Pullup Jump shot,3PT Field Goal,Above the Break 3,Center(C),24+ ft.,25,-43,252,1,1,20260315,OKC,MIN
Shot Chart Detail,0022500976,633,1628983,Shai Gilgeous-Alexander,1610612760,Oklahoma City Thunder,4,1,46,Made Shot,Fadeaway Jump Shot,2PT Field Goal,Mid-Range,Left Side(L),8-16 ft.,14,-143,25,1,1,20260315,OKC,MIN
Shot Chart Detail,0022500992,15,1628983,Shai Gilgeous-Alexander,1610612760,Oklahoma City Thunder,1,10,26,Missed Shot,Running Layup Shot,2PT Field Goal,Restricted Area,Center(C),Less Than 8 ft.,1,9,15,1,0,20260317,ORL,OKC
Shot Chart Detail,0022500992,26,1628983,Shai Gilgeous-Alexander,1610612760,Oklahoma City Thunder,1,9,28,Missed Shot,Step Back Jump shot,2PT Field Goal,Mid-Range,Right Side(R),8-16 ft.,14,85,115,1,0,20260317,ORL,OKC
Shot Chart Detail,0022500992,32,1628983,Shai Gilgeous-Alexander,1610612760,Oklahoma City Thunder,1,9,4,Made Shot,Pullup Jump shot,2PT Field Goal,Mid-Range,Left Side(L),8-16 ft.,14,-148,-21,1,1,20260317,ORL,OKC
Shot Chart Detail,0022500992,41,1628983,Shai Gilgeous-Alexander,1610612760,Oklahoma City Thunder,1,8,7,Missed Shot,Pullup Jump shot,2PT Field Goal,Mid-Range,Center(C),8-16 ft.,15,-12,152,1,0,20260317,ORL,OKC
Shot Chart Detail,0022500992,59,1628983,Shai Gilgeous-Alexander,1610612760,Oklahoma City Thunder,1,6,36,Made Shot,Driving Layup Shot,2PT Field Goal,Restricted Area,Center(C),Less Than 8 ft.,1,-11,9,1,1,20260317,ORL,OKC
Shot Chart Detail,0022500992,94,1628983,Shai Gilgeous-Alexander,1610612760,Oklahoma City Thunder,1,3,56,Made Shot,Step Back Jump shot,2PT Field Goal,Mid-Range,Center(C),16-24 ft.,20,23,203,1,1,20260317,ORL,OKC
Shot Chart Detail,0022500992,106,1628983,Shai Gilgeous-Alexander,1610612760,Oklahoma City Thunder,1,3,14,Made Shot,Driving Layup Shot,2PT Field Goal,Restricted Area,Center(C),Less Than 8 ft.,0,-7,-5,1,1,20260317,ORL,OKC
Shot Chart Detail,0022500992,267,1628983,Shai Gilgeous-Alexander,1610612760,Oklahoma City Thunder,2,3,45,Missed Shot,Step Back Jump shot,3PT Field Goal,Above the Break 3,Left Side Center(LC),24+ ft.,24,-130,213,1,0,20260317,ORL,OKC
Shot Chart Detail,0022500992,296,1628983,Shai Gilgeous-Alexander,1610612760,Oklahoma City Thunder,2,2,18,Missed Shot,Turnaround Fadeaway shot,2PT Field Goal,In The Paint (Non-RA),Center(C),8-16 ft.,8,37,79,1,0,20260317,ORL,OKC
Shot Chart Detail,0022500992,326,1628983,Shai Gilgeous-Alexander,1610612760,Oklahoma City Thunder,2,0,53,Missed Shot,Driving Layup Shot,2PT Field Goal,In The Paint (Non-RA),Center(C),Less Than 8 ft.,7,-72,19,1,0,20260317,ORL,OKC
Shot Chart Detail,0022500992,331,1628983,Shai Gilgeous-Alexander,1610612760,Oklahoma City Thunder,2,0,34,Missed Shot,Pullup Jump shot,2PT Field Goal,In The Paint (Non-RA),Center(C),8-16 ft.,13,15,138,1,0,20260317,ORL,OKC
Shot Chart Detail,0022500992,335,1628983,Shai Gilgeous-Alexander,1610612760,Oklahoma City Thunder,2,0,1,Missed Shot,Step Back Jump shot,3PT Field Goal,Above the Break 3,Center(C),24+ ft.,26,-74,251,1,0,20260317,ORL,OKC
Shot Chart Detail,0022500992,375,1628983,Shai Gilgeous-Alexander,1610612760,Oklahoma City Thunder,3,9,58,Made Shot,Pullup Jump shot,3PT Field Goal,Above the Break 3,Right Side Center(RC),24+ ft.,26,194,178,1,1,20260317,ORL,OKC
Shot Chart Detail,0022500992,378,1628983,Shai Gilgeous-Alexander,1610612760,Oklahoma City Thunder,3,9,36,Made Shot,Driving Layup Shot,2PT Field Goal,Restricted Area,Center(C),Less Than 8 ft.,1,11,11,1,1,20260317,ORL,OKC
Shot Chart Detail,0022500992,395,1628983,Shai Gilgeous-Alexander,1610612760,Oklahoma City Thunder,3,7,58,Made Shot,Pullup Jump shot,2PT Field Goal,In The Paint (Non-RA),Center(C),8-16 ft.,12,-11,125,1,1,20260317,ORL,OKC
Shot Chart Detail,0022500992,416,1628983,Shai Gilgeous-Alexander,1610612760,Oklahoma City Thunder,3,5,54,Made Shot,Step Back Jump shot,3PT Field Goal,Above the Break 3,Center(C),24+ ft.,25,-21,254,1,1,20260317,ORL,OKC
Shot Chart Detail,0022500992,427,1628983,Shai Gilgeous-Alexander,1610612760,Oklahoma City Thunder,3,5,16,Made Shot,Pullup Jump shot,2PT Field Goal,Mid-Range,Left Side(L),8-16 ft.,10,-86,54,1,1,20260317,ORL,OKC
Shot Chart Detail,0022500992,449,1628983,Shai Gilgeous-Alexander,1610612760,Oklahoma City Thunder,3,3,32,Missed Shot,Pullup Jump shot,2PT Field Goal,In The Paint (Non-RA),Center(C),8-16 ft.,8,10,89,1,0,20260317,ORL,OKC
Shot Chart Detail,0022500992,453,1628983,Shai Gilgeous-Alexander,1610612760,Oklahoma City Thunder,3,3,11,Made Shot,Running Layup Shot,2PT Field Goal,Restricted Area,Center(C),Less Than 8 ft.,3,7,31,1,1,20260317,ORL,OKC
Shot Chart Detail,0022500992,462,1628983,Shai Gilgeous-Alexander,1610612760,Oklahoma City Thunder,3,2,16,Made Shot,Running Dunk Shot,2PT Field Goal,Restricted Area,Center(C),Less Than 8 ft.,1,2,10,1,1,20260317,ORL,OKC
Shot Chart Detail,0022500992,465,1628983,Shai Gilgeous-Alexander,1610612760,Oklahoma City Thunder,3,1,34,Made Shot,Driving Layup Shot,2PT Field Goal,Restricted Area,Center(C),Less Than 8 ft.,2,-23,13,1,1,20260317,ORL,OKC
Shot Chart Detail,0022500992,479,1628983,Shai Gilgeous-Alexander,1610612760,Oklahoma City Thunder,3,0,32,Missed Shot,Pullup Jump shot,2PT Field Goal,Mid-Range,Left Side(L),16-24 ft.,16,-134,89,1,0,20260317,ORL,OKC
Shot Chart Detail,0022500992,588,1628983,Shai Gilgeous-Alexander,1610612760,Oklahoma City Thunder,4,5,12,Missed Shot,Pullup Jump shot,2PT Field Goal,Mid-Range,Right Side(R),8-16 ft.,9,91,33,1,0,20260317,ORL,OKC
Shot Chart Detail,0022500992,593,1628983,Shai Gilgeous-Alexander,1610612760,Oklahoma City Thunder,4,4,40,Missed Shot,Pullup Jump shot,2PT Field Goal,Mid-Range,Right Side(R),8-16 ft.,12,99,69,1,0,20260317,ORL,OKC
Shot Chart Detail,0022500992,597,1628983,Shai Gilgeous-Alexander,1610612760,Oklahoma City Thunder,4,4,11,Missed Shot,Running Layup Shot,2PT Field Goal,In The Paint (Non-RA),Center(C),Less Than 8 ft.,5,7,54,1,0,20260317,ORL,OKC
Shot Chart Detail,0022500992,626,1628983,Shai Gilgeous-Alexander,1610612760,Oklahoma City Thunder,4,3,11,Made Shot,Step Back Jump shot,3PT Field Goal,Above the Break 3,Center(C),24+ ft.,25,-23,253,1,1,20260317,ORL,OKC
Shot Chart Detail,0022500992,640,1628983,Shai Gilgeous-Alexander,1610612760,Oklahoma City Thunder,4,1,49,Made Shot,Turnaround Jump Shot,2PT Field Goal,Mid-Range,Center(C),8-16 ft.,14,22,143,1,1,20260317,ORL,OKC
Shot Chart Detail,0022501000,34,1628983,Shai Gilgeous-Alexander,1610612760,Oklahoma City Thunder,1,8,54,Missed Shot,Jump Shot,2PT Field Goal,In The Paint (Non-RA),Center(C),8-16 ft.,8,13,81,1,0,20260318,BKN,OKC
Shot Chart Detail,0022501000,42,1628983,Shai Gilgeous-Alexander,1610612760,Oklahoma City Thunder,1,8,28,Made Shot,Driving Layup Shot,2PT Field Goal,In The Paint (Non-RA),Center(C),Less Than 8 ft.,4,33,23,1,1,20260318,BKN,OKC
Shot Chart Detail,0022501000,60,1628983,Shai Gilgeous-Alexander,1610612760,Oklahoma City Thunder,1,6,36,Made Shot,Driving Finger Roll Layup Shot,2PT Field Goal,Restricted Area,Center(C),Less Than 8 ft.,1,0,10,1,1,20260318,BKN,OKC
Shot Chart Detail,0022501000,99,1628983,Shai Gilgeous-Alexander,1610612760,Oklahoma City Thunder,1,4,3,Made Shot,Driving Layup Shot,2PT Field Goal,Restricted Area,Center(C),Less Than 8 ft.,2,22,2,1,1,20260318,BKN,OKC
Shot Chart Detail,0022501000,127,1628983,Shai Gilgeous-Alexander,1610612760,Oklahoma City Thunder,1,2,14,Made Shot,Pullup Jump shot,2PT Field Goal,Mid-Range,Right Side Center(RC),16-24 ft.,18,107,152,1,1,20260318,BKN,OKC
Shot Chart Detail,0022501000,325,1628983,Shai Gilgeous-Alexander,1610612760,Oklahoma City Thunder,2,1,11,Made Shot,Driving Reverse Layup Shot,2PT Field Goal,Restricted Area,Center(C),Less Than 8 ft.,2,21,0,1,1,20260318,BKN,OKC
Shot Chart Detail,0022501000,329,1628983,Shai Gilgeous-Alexander,1610612760,Oklahoma City Thunder,2,0,55,Made Shot,Running Layup Shot,2PT Field Goal,Restricted Area,Center(C),Less Than 8 ft.,0,6,-6,1,1,20260318,BKN,OKC
Shot Chart Detail,0022501000,355,1628983,Shai Gilgeous-Alexander,1610612760,Oklahoma City Thunder,3,11,40,Made Shot,Fadeaway Jump Shot,2PT Field Goal,Mid-Range,Right Side(R),8-16 ft.,13,93,98,1,1,20260318,BKN,OKC
Shot Chart Detail,0022501000,377,1628983,Shai Gilgeous-Alexander,1610612760,Oklahoma City Thunder,3,10,9,Made Shot,Running Dunk Shot,2PT Field Goal,Restricted Area,Center(C),Less Than 8 ft.,0,-2,6,1,1,20260318,BKN,OKC
Shot Chart Detail,0022501022,7,1628983,Shai Gilgeous-Alexander,1610612760,Oklahoma City Thunder,1,11,37,Missed Shot,Turnaround Jump Shot,2PT Field Goal,In The Paint (Non-RA),Center(C),8-16 ft.,9,43,86,1,0,20260321,WAS,OKC
Shot Chart Detail,0022501022,29,1628983,Shai Gilgeous-Alexander,1610612760,Oklahoma City Thunder,1,9,45,Made Shot,Running Layup Shot,2PT Field Goal,Restricted Area,Center(C),Less Than 8 ft.,1,12,-1,1,1,20260321,WAS,OKC
Shot Chart Detail,0022501022,42,1628983,Shai Gilgeous-Alexander,1610612760,Oklahoma City Thunder,1,8,53,Missed Shot,Pullup Jump shot,2PT Field Goal,In The Paint (Non-RA),Center(C),8-16 ft.,11,32,112,1,0,20260321,WAS,OKC
Shot Chart Detail,0022501022,49,1628983,Shai Gilgeous-Alexander,1610612760,Oklahoma City Thunder,1,8,4,Missed Shot,Step Back Jump shot,2PT Field Goal,Mid-Range,Center(C),8-16 ft.,15,-5,159,1,0,20260321,WAS,OKC
Shot Chart Detail,0022501022,65,1628983,Shai Gilgeous-Alexander,1610612760,Oklahoma City Thunder,1,6,34,Missed Shot,Driving Layup Shot,2PT Field Goal,Restricted Area,Center(C),Less Than 8 ft.,1,16,11,1,0,20260321,WAS,OKC
Shot Chart Detail,0022501022,121,1628983,Shai Gilgeous-Alexander,1610612760,Oklahoma City Thunder,1,2,48,Made Shot,Turnaround Bank shot,2PT Field Goal,Mid-Range,Right Side(R),8-16 ft.,10,91,58,1,1,20260321,WAS,OKC
Shot Chart Detail,0022501022,144,1628983,Shai Gilgeous-Alexander,1610612760,Oklahoma City Thunder,1,0,50,Made Shot,Driving Layup Shot,2PT Field Goal,Restricted Area,Center(C),Less Than 8 ft.,0,9,4,1,1,20260321,WAS,OKC
Shot Chart Detail,0022501022,244,1628983,Shai Gilgeous-Alexander,1610612760,Oklahoma City Thunder,2,5,30,Made Shot,Step Back Jump shot,2PT Field Goal,Mid-Range,Left Side Center(LC),16-24 ft.,19,-120,159,1,1,20260321,WAS,OKC
Shot Chart Detail,0022501022,259,1628983,Shai Gilgeous-Alexander,1610612760,Oklahoma City Thunder,2,4,24,Made Shot,Driving Floating Jump Shot,2PT Field Goal,Mid-Range,Right Side(R),8-16 ft.,14,115,88,1,1,20260321,WAS,OKC
Shot Chart Detail,0022501022,288,1628983,Shai Gilgeous-Alexander,1610612760,Oklahoma City Thunder,2,3,9,Made Shot,Driving Layup Shot,2PT Field Goal,Restricted Area,Center(C),Less Than 8 ft.,1,-5,12,1,1,20260321,WAS,OKC
Shot Chart Detail,0022501022,292,1628983,Shai Gilgeous-Alexander,1610612760,Oklahoma City Thunder,2,2,55,Made Shot,Running Layup Shot,2PT Field Goal,Restricted Area,Center(C),Less Than 8 ft.,1,-10,12,1,1,20260321,WAS,OKC
Shot Chart Detail,0022501022,308,1628983,Shai Gilgeous-Alexander,1610612760,Oklahoma City Thunder,2,1,57,Made Shot,Driving Layup Shot,2PT Field Goal,Restricted Area,Center(C),Less Than 8 ft.,1,-9,11,1,1,20260321,WAS,OKC
Shot Chart Detail,0022501022,313,1628983,Shai Gilgeous-Alexander,1610612760,Oklahoma City Thunder,2,1,17,Missed Shot,Turnaround Jump Shot,2PT Field Goal,Mid-Range,Right Side(R),8-16 ft.,9,99,11,1,0,20260321,WAS,OKC
Shot Chart Detail,0022501022,401,1628983,Shai Gilgeous-Alexander,1610612760,Oklahoma City Thunder,3,9,15,Missed Shot,Driving Layup Shot,2PT Field Goal,In The Paint (Non-RA),Center(C),Less Than 8 ft.,5,-48,29,1,0,20260321,WAS,OKC
Shot Chart Detail,0022501022,488,1628983,Shai Gilgeous-Alexander,1610612760,Oklahoma City Thunder,3,9,13,Missed Shot,Tip Layup Shot,2PT Field Goal,Restricted Area,Center(C),Less Than 8 ft.,0,-6,1,1,0,20260321,WAS,OKC
Shot Chart Detail,0022501022,414,1628983,Shai Gilgeous-Alexander,1610612760,Oklahoma City Thunder,3,8,33,Made Shot,Driving Finger Roll Layup Shot,2PT Field Goal,Restricted Area,Center(C),Less Than 8 ft.,1,-4,15,1,1,20260321,WAS,OKC
Shot Chart Detail,0022501022,419,1628983,Shai Gilgeous-Alexander,1610612760,Oklahoma City Thunder,3,8,10,Made Shot,Pullup Jump shot,2PT Field Goal,Mid-Range,Right Side Center(RC),16-24 ft.,17,138,103,1,1,20260321,WAS,OKC
Shot Chart Detail,0022501022,444,1628983,Shai Gilgeous-Alexander,1610612760,Oklahoma City Thunder,3,6,23,Missed Shot,Running Pull-Up Jump Shot,2PT Field Goal,In The Paint (Non-RA),Center(C),8-16 ft.,14,55,131,1,0,20260321,WAS,OKC
Shot Chart Detail,0022501022,462,1628983,Shai Gilgeous-Alexander,1610612760,Oklahoma City Thunder,3,5,18,Made Shot,Driving Layup Shot,2PT Field Goal,Restricted Area,Center(C),Less Than 8 ft.,3,10,29,1,1,20260321,WAS,OKC
Shot Chart Detail,0022501022,474,1628983,Shai Gilgeous-Alexander,1610612760,Oklahoma City Thunder,3,4,52,Made Shot,Driving Layup Shot,2PT Field Goal,Restricted Area,Center(C),Less Than 8 ft.,1,-7,9,1,1,20260321,WAS,OKC
Shot Chart Detail,0022501022,476,1628983,Shai Gilgeous-Alexander,1610612760,Oklahoma City Thunder,3,4,12,Missed Shot,Driving Layup Shot,2PT Field Goal,Restricted Area,Center(C),Less Than 8 ft.,2,20,19,1,0,20260321,WAS,OKC
Shot Chart Detail,0022501022,502,1628983,Shai Gilgeous-Alexander,1610612760,Oklahoma City Thunder,3,2,46,Missed Shot,Step Back Jump shot,3PT Field Goal,Above the Break 3,Center(C),24+ ft.,27,-82,261,1,0,20260321,WAS,OKC
Shot Chart Detail,0022501022,532,1628983,Shai Gilgeous-Alexander,1610612760,Oklahoma City Thunder,3,1,24,Made Shot,Driving Layup Shot,2PT Field Goal,Restricted Area,Center(C),Less Than 8 ft.,1,-18,6,1,1,20260321,WAS,OKC
Shot Chart Detail,0022501022,539,1628983,Shai Gilgeous-Alexander,1610612760,Oklahoma City Thunder,3,1,8,Made Shot,Running Reverse Layup Shot,2PT Field Goal,Restricted Area,Center(C),Less Than 8 ft.,1,-5,15,1,1,20260321,WAS,OKC
Shot Chart Detail,0022501022,549,1628983,Shai Gilgeous-Alexander,1610612760,Oklahoma City Thunder,3,0,0,Made Shot,Step Back Jump shot,3PT Field Goal,Above the Break 3,Center(C),24+ ft.,27,-71,263,1,1,20260321,WAS,OKC
Shot Chart Detail,0022501022,674,1628983,Shai Gilgeous-Alexander,1610612760,Oklahoma City Thunder,4,4,46,Made Shot,Step Back Jump shot,2PT Field Goal,Mid-Range,Right Side Center(RC),16-24 ft.,20,91,189,1,1,20260321,WAS,OKC
Shot Chart Detail,0022501022,683,1628983,Shai Gilgeous-Alexander,1610612760,Oklahoma City Thunder,4,3,24,Made Shot,Driving Dunk Shot,2PT Field Goal,Restricted Area,Center(C),Less Than 8 ft.,1,0,11,1,1,20260321,WAS,OKC
Shot Chart Detail,0022501040,12,1628983,Shai Gilgeous-Alexander,1610612760,Oklahoma City Thunder,1,11,13,Made Shot,Pullup Jump shot,2PT Field Goal,Mid-Range,Left Side(L),8-16 ft.,12,-125,-7,1,1,20260323,PHI,OKC
Shot Chart Detail,0022501040,32,1628983,Shai Gilgeous-Alexander,1610612760,Oklahoma City Thunder,1,9,32,Missed Shot,Jump Shot,3PT Field Goal,Above the Break 3,Right Side Center(RC),24+ ft.,25,92,242,1,0,20260323,PHI,OKC
Shot Chart Detail,0022501040,46,1628983,Shai Gilgeous-Alexander,1610612760,Oklahoma City Thunder,1,8,12,Made Shot,Turnaround Fadeaway shot,2PT Field Goal,Mid-Range,Right Side(R),8-16 ft.,15,141,61,1,1,20260323,PHI,OKC
Shot Chart Detail,0022501040,77,1628983,Shai Gilgeous-Alexander,1610612760,Oklahoma City Thunder,1,5,27,Made Shot,Step Back Jump shot,2PT Field Goal,In The Paint (Non-RA),Center(C),8-16 ft.,14,-67,125,1,1,20260323,PHI,OKC
Shot Chart Detail,0022501040,85,1628983,Shai Gilgeous-Alexander,1610612760,Oklahoma City Thunder,1,4,49,Made Shot,Driving Reverse Layup Shot,2PT Field Goal,Restricted Area,Center(C),Less Than 8 ft.,1,-15,8,1,1,20260323,PHI,OKC
Shot Chart Detail,0022501040,135,1628983,Shai Gilgeous-Alexander,1610612760,Oklahoma City Thunder,1,0,35,Missed Shot,Pullup Jump shot,3PT Field Goal,Above the Break 3,Center(C),24+ ft.,27,81,263,1,0,20260323,PHI,OKC
Shot Chart Detail,0022501040,279,1628983,Shai Gilgeous-Alexander,1610612760,Oklahoma City Thunder,2,3,55,Missed Shot,Driving Finger Roll Layup Shot,2PT Field Goal,Restricted Area,Center(C),Less Than 8 ft.,1,16,9,1,0,20260323,PHI,OKC
Shot Chart Detail,0022501040,295,1628983,Shai Gilgeous-Alexander,1610612760,Oklahoma City Thunder,2,2,33,Missed Shot,Step Back Jump shot,3PT Field Goal,Above the Break 3,Center(C),24+ ft.,26,-32,263,1,0,20260323,PHI,OKC
Shot Chart Detail,0022501040,352,1628983,Shai Gilgeous-Alexander,1610612760,Oklahoma City Thunder,3,9,47,Made Shot,Driving Finger Roll Layup Shot,2PT Field Goal,Restricted Area,Center(C),Less Than 8 ft.,3,-21,27,1,1,20260323,PHI,OKC
Shot Chart Detail,0022501040,407,1628983,Shai Gilgeous-Alexander,1610612760,Oklahoma City Thunder,3,5,25,Made Shot,Pullup Jump shot,3PT Field Goal,Above the Break 3,Center(C),24+ ft.,26,74,259,1,1,20260323,PHI,OKC
Shot Chart Detail,0022501040,440,1628983,Shai Gilgeous-Alexander,1610612760,Oklahoma City Thunder,3,3,42,Made Shot,Driving Finger Roll Layup Shot,2PT Field Goal,Restricted Area,Center(C),Less Than 8 ft.,1,4,18,1,1,20260323,PHI,OKC
Shot Chart Detail,0022501040,448,1628983,Shai Gilgeous-Alexander,1610612760,Oklahoma City Thunder,3,2,34,Made Shot,Driving Layup Shot,2PT Field Goal,Restricted Area,Center(C),Less Than 8 ft.,2,11,23,1,1,20260323,PHI,OKC
Shot Chart Detail,0022501040,476,1628983,Shai Gilgeous-Alexander,1610612760,Oklahoma City Thunder,3,0,25,Made Shot,Driving Layup Shot,2PT Field Goal,Restricted Area,Center(C),Less Than 8 ft.,3,-25,17,1,1,20260323,PHI,OKC
Shot Chart Detail,0022501054,21,1628983,Shai Gilgeous-Alexander,1610612760,Oklahoma City Thunder,1,10,5,Made Shot,Step Back Jump shot,3PT Field Goal,Above the Break 3,Left Side Center(LC),24+ ft.,26,-124,233,1,1,20260325,BOS,OKC
Shot Chart Detail,0022501054,35,1628983,Shai Gilgeous-Alexander,1610612760,Oklahoma City Thunder,1,8,43,Made Shot,Turnaround Fadeaway shot,2PT Field Goal,Mid-Range,Left Side(L),8-16 ft.,11,-89,80,1,1,20260325,BOS,OKC
Shot Chart Detail,0022501054,120,1628983,Shai Gilgeous-Alexander,1610612760,Oklahoma City Thunder,1,2,25,Made Shot,Fadeaway Jump Shot,2PT Field Goal,Mid-Range,Left Side Center(LC),16-24 ft.,18,-105,147,1,1,20260325,BOS,OKC
Shot Chart Detail,0022501054,143,1628983,Shai Gilgeous-Alexander,1610612760,Oklahoma City Thunder,1,0,35,Missed Shot,Pullup Jump shot,3PT Field Goal,Above the Break 3,Left Side Center(LC),24+ ft.,25,-146,210,1,0,20260325,BOS,OKC
Shot Chart Detail,0022501054,249,1628983,Shai Gilgeous-Alexander,1610612760,Oklahoma City Thunder,2,5,22,Made Shot,Driving Reverse Layup Shot,2PT Field Goal,Restricted Area,Center(C),Less Than 8 ft.,2,23,15,1,1,20260325,BOS,OKC
Shot Chart Detail,0022501054,252,1628983,Shai Gilgeous-Alexander,1610612760,Oklahoma City Thunder,2,4,57,Made Shot,Pullup Jump shot,3PT Field Goal,Above the Break 3,Right Side Center(RC),24+ ft.,26,189,186,1,1,20260325,BOS,OKC
Shot Chart Detail,0022501054,324,1628983,Shai Gilgeous-Alexander,1610612760,Oklahoma City Thunder,3,11,31,Made Shot,Pullup Jump shot,2PT Field Goal,Mid-Range,Center(C),16-24 ft.,16,-40,157,1,1,20260325,BOS,OKC
Shot Chart Detail,0022501054,330,1628983,Shai Gilgeous-Alexander,1610612760,Oklahoma City Thunder,3,10,35,Made Shot,Pullup Jump shot,3PT Field Goal,Above the Break 3,Center(C),24+ ft.,25,-76,239,1,1,20260325,BOS,OKC
Shot Chart Detail,0022501054,395,1628983,Shai Gilgeous-Alexander,1610612760,Oklahoma City Thunder,3,5,56,Missed Shot,Pullup Jump shot,2PT Field Goal,Mid-Range,Left Side Center(LC),16-24 ft.,18,-85,164,1,0,20260325,BOS,OKC
Shot Chart Detail,0022501054,407,1628983,Shai Gilgeous-Alexander,1610612760,Oklahoma City Thunder,3,5,26,Made Shot,Pullup Jump shot,2PT Field Goal,Mid-Range,Left Side Center(LC),16-24 ft.,19,-74,184,1,1,20260325,BOS,OKC
Shot Chart Detail,0022501054,443,1628983,Shai Gilgeous-Alexander,1610612760,Oklahoma City Thunder,3,2,29,Made Shot,Turnaround Jump Shot,2PT Field Goal,In The Paint (Non-RA),Center(C),Less Than 8 ft.,6,33,52,1,1,20260325,BOS,OKC
Shot Chart Detail,0022501054,596,1628983,Shai Gilgeous-Alexander,1610612760,Oklahoma City Thunder,4,5,13,Made Shot,Pullup Jump shot,2PT Field Goal,Mid-Range,Left Side(L),8-16 ft.,10,-108,11,1,1,20260325,BOS,OKC
Shot Chart Detail,0022501070,32,1628983,Shai Gilgeous-Alexander,1610612760,Oklahoma City Thunder,1,9,38,Made Shot,Running Pull-Up Jump Shot,2PT Field Goal,Mid-Range,Left Side(L),8-16 ft.,15,-137,70,1,1,20260327,OKC,CHI
Shot Chart Detail,0022501070,38,1628983,Shai Gilgeous-Alexander,1610612760,Oklahoma City Thunder,1,9,1,Missed Shot,Jump Shot,3PT Field Goal,Above the Break 3,Left Side Center(LC),24+ ft.,26,-158,207,1,0,20260327,OKC,CHI
Shot Chart Detail,0022501070,43,1628983,Shai Gilgeous-Alexander,1610612760,Oklahoma City Thunder,1,8,25,Made Shot,Step Back Jump shot,2PT Field Goal,Mid-Range,Left Side(L),8-16 ft.,14,-140,-10,1,1,20260327,OKC,CHI
Shot Chart Detail,0022501070,53,1628983,Shai Gilgeous-Alexander,1610612760,Oklahoma City Thunder,1,7,14,Missed Shot,Turnaround Fadeaway shot,2PT Field Goal,Mid-Range,Left Side(L),8-16 ft.,11,-118,-10,1,0,20260327,OKC,CHI
Shot Chart Detail,0022501070,74,1628983,Shai Gilgeous-Alexander,1610612760,Oklahoma City Thunder,1,5,53,Missed Shot,Pullup Jump shot,3PT Field Goal,Above the Break 3,Left Side Center(LC),24+ ft.,27,-105,253,1,0,20260327,OKC,CHI
Shot Chart Detail,0022501070,90,1628983,Shai Gilgeous-Alexander,1610612760,Oklahoma City Thunder,1,5,16,Missed Shot,Pullup Jump shot,2PT Field Goal,Mid-Range,Center(C),8-16 ft.,15,4,154,1,0,20260327,OKC,CHI
Shot Chart Detail,0022501070,104,1628983,Shai Gilgeous-Alexander,1610612760,Oklahoma City Thunder,1,4,48,Missed Shot,Pullup Jump shot,3PT Field Goal,Above the Break 3,Left Side Center(LC),24+ ft.,26,-130,226,1,0,20260327,OKC,CHI
Shot Chart Detail,0022501070,113,1628983,Shai Gilgeous-Alexander,1610612760,Oklahoma City Thunder,1,4,1,Made Shot,Driving Layup Shot,2PT Field Goal,Restricted Area,Center(C),Less Than 8 ft.,1,-7,12,1,1,20260327,OKC,CHI
Shot Chart Detail,0022501070,115,1628983,Shai Gilgeous-Alexander,1610612760,Oklahoma City Thunder,1,3,35,Missed Shot,Pullup Jump shot,3PT Field Goal,Above the Break 3,Left Side Center(LC),24+ ft.,27,-141,232,1,0,20260327,OKC,CHI
Shot Chart Detail,0022501070,160,1628983,Shai Gilgeous-Alexander,1610612760,Oklahoma City Thunder,1,0,32,Made Shot,Driving Layup Shot,2PT Field Goal,Restricted Area,Center(C),Less Than 8 ft.,1,-1,15,1,1,20260327,OKC,CHI
Shot Chart Detail,0022501070,166,1628983,Shai Gilgeous-Alexander,1610612760,Oklahoma City Thunder,1,0,5,Missed Shot,Pullup Jump shot,3PT Field Goal,Above the Break 3,Center(C),24+ ft.,26,-67,258,1,0,20260327,OKC,CHI
Shot Chart Detail,0022501070,286,1628983,Shai Gilgeous-Alexander,1610612760,Oklahoma City Thunder,2,3,41,Missed Shot,Pullup Jump shot,3PT Field Goal,Above the Break 3,Right Side Center(RC),24+ ft.,26,97,244,1,0,20260327,OKC,CHI
Shot Chart Detail,0022501070,288,1628983,Shai Gilgeous-Alexander,1610612760,Oklahoma City Thunder,2,3,34,Made Shot,Cutting Layup Shot,2PT Field Goal,Restricted Area,Center(C),Less Than 8 ft.,3,9,32,1,1,20260327,OKC,CHI
Shot Chart Detail,0022501070,323,1628983,Shai Gilgeous-Alexander,1610612760,Oklahoma City Thunder,2,1,8,Missed Shot,Step Back Jump shot,3PT Field Goal,Above the Break 3,Right Side Center(RC),24+ ft.,25,123,226,1,0,20260327,OKC,CHI
Shot Chart Detail,0022501070,351,1628983,Shai Gilgeous-Alexander,1610612760,Oklahoma City Thunder,3,11,3,Missed Shot,Driving Layup Shot,2PT Field Goal,Restricted Area,Center(C),Less Than 8 ft.,1,13,11,1,0,20260327,OKC,CHI
Shot Chart Detail,0022501070,360,1628983,Shai Gilgeous-Alexander,1610612760,Oklahoma City Thunder,3,10,11,Missed Shot,Step Back Jump shot,2PT Field Goal,In The Paint (Non-RA),Center(C),8-16 ft.,14,67,127,1,0,20260327,OKC,CHI
Shot Chart Detail,0022501070,368,1628983,Shai Gilgeous-Alexander,1610612760,Oklahoma City Thunder,3,9,37,Missed Shot,Pullup Jump shot,3PT Field Goal,Above the Break 3,Right Side Center(RC),24+ ft.,25,169,193,1,0,20260327,OKC,CHI
Shot Chart Detail,0022501070,374,1628983,Shai Gilgeous-Alexander,1610612760,Oklahoma City Thunder,3,9,14,Missed Shot,Jump Shot,3PT Field Goal,Right Corner 3,Right Side(R),24+ ft.,23,232,31,1,0,20260327,OKC,CHI
Shot Chart Detail,0022501070,409,1628983,Shai Gilgeous-Alexander,1610612760,Oklahoma City Thunder,3,7,34,Missed Shot,Jump Shot,2PT Field Goal,Mid-Range,Right Side(R),8-16 ft.,13,137,-16,1,0,20260327,OKC,CHI
Shot Chart Detail,0022501070,413,1628983,Shai Gilgeous-Alexander,1610612760,Oklahoma City Thunder,3,7,10,Made Shot,Driving Finger Roll Layup Shot,2PT Field Goal,Restricted Area,Center(C),Less Than 8 ft.,2,-20,-4,1,1,20260327,OKC,CHI
Shot Chart Detail,0022501070,443,1628983,Shai Gilgeous-Alexander,1610612760,Oklahoma City Thunder,3,5,28,Missed Shot,Running Pull-Up Jump Shot,2PT Field Goal,Restricted Area,Center(C),Less Than 8 ft.,1,-6,16,1,0,20260327,OKC,CHI
Shot Chart Detail,0022501070,451,1628983,Shai Gilgeous-Alexander,1610612760,Oklahoma City Thunder,3,4,41,Missed Shot,Step Back Jump shot,3PT Field Goal,Above the Break 3,Left Side Center(LC),24+ ft.,25,-175,180,1,0,20260327,OKC,CHI
Shot Chart Detail,0022501070,463,1628983,Shai Gilgeous-Alexander,1610612760,Oklahoma City Thunder,3,4,8,Made Shot,Step Back Jump shot,2PT Field Goal,Mid-Range,Right Side(R),8-16 ft.,14,125,72,1,1,20260327,OKC,CHI
Shot Chart Detail,0022501070,548,1628983,Shai Gilgeous-Alexander,1610612760,Oklahoma City Thunder,3,0,3,Made Shot,Driving Layup Shot,2PT Field Goal,Restricted Area,Center(C),Less Than 8 ft.,0,4,8,1,1,20260327,OKC,CHI
Shot Chart Detail,0022501089,21,1628983,Shai Gilgeous-Alexander,1610612760,Oklahoma City Thunder,1,10,7,Made Shot,Driving Finger Roll Layup Shot,2PT Field Goal,Restricted Area,Center(C),Less Than 8 ft.,1,12,8,1,1,20260329,OKC,NYK
Shot Chart Detail,0022501089,39,1628983,Shai Gilgeous-Alexander,1610612760,Oklahoma City Thunder,1,8,16,Missed Shot,Pullup Jump shot,2PT Field Goal,Mid-Range,Left Side(L),8-16 ft.,12,-127,0,1,0,20260329,OKC,NYK
Shot Chart Detail,0022501089,47,1628983,Shai Gilgeous-Alexander,1610612760,Oklahoma City Thunder,1,7,39,Missed Shot,Running Pull-Up Jump Shot,2PT Field Goal,In The Paint (Non-RA),Left Side(L),8-16 ft.,10,-60,82,1,0,20260329,OKC,NYK
Shot Chart Detail,0022501089,56,1628983,Shai Gilgeous-Alexander,1610612760,Oklahoma City Thunder,1,7,9,Missed Shot,Pullup Jump shot,2PT Field Goal,Mid-Range,Left Side(L),8-16 ft.,14,-92,111,1,0,20260329,OKC,NYK
Shot Chart Detail,0022501089,79,1628983,Shai Gilgeous-Alexander,1610612760,Oklahoma City Thunder,1,5,27,Missed Shot,Pullup Jump shot,2PT Field Goal,Mid-Range,Right Side(R),8-16 ft.,11,115,1,1,0,20260329,OKC,NYK
Shot Chart Detail,0022501089,147,1628983,Shai Gilgeous-Alexander,1610612760,Oklahoma City Thunder,1,0,30,Missed Shot,Driving Floating Jump Shot,2PT Field Goal,Restricted Area,Center(C),Less Than 8 ft.,2,-28,1,1,0,20260329,OKC,NYK
Shot Chart Detail,0022501089,150,1628983,Shai Gilgeous-Alexander,1610612760,Oklahoma City Thunder,1,0,30,Made Shot,Putback Layup Shot,2PT Field Goal,Restricted Area,Center(C),Less Than 8 ft.,1,-6,-8,1,1,20260329,OKC,NYK
Shot Chart Detail,0022501089,266,1628983,Shai Gilgeous-Alexander,1610612760,Oklahoma City Thunder,2,5,13,Made Shot,Turnaround Jump Shot,2PT Field Goal,In The Paint (Non-RA),Center(C),Less Than 8 ft.,4,12,46,1,1,20260329,OKC,NYK
Shot Chart Detail,0022501089,344,1628983,Shai Gilgeous-Alexander,1610612760,Oklahoma City Thunder,3,11,18,Missed Shot,Step Back Jump shot,3PT Field Goal,Above the Break 3,Center(C),24+ ft.,26,-44,257,1,0,20260329,OKC,NYK
Shot Chart Detail,0022501089,354,1628983,Shai Gilgeous-Alexander,1610612760,Oklahoma City Thunder,3,11,1,Missed Shot,Pullup Jump shot,2PT Field Goal,In The Paint (Non-RA),Center(C),Less Than 8 ft.,6,11,63,1,0,20260329,OKC,NYK
Shot Chart Detail,0022501089,363,1628983,Shai Gilgeous-Alexander,1610612760,Oklahoma City Thunder,3,9,53,Missed Shot,Step Back Jump shot,3PT Field Goal,Above the Break 3,Left Side Center(LC),24+ ft.,27,-153,226,1,0,20260329,OKC,NYK
Shot Chart Detail,0022501089,394,1628983,Shai Gilgeous-Alexander,1610612760,Oklahoma City Thunder,3,7,25,Missed Shot,Pullup Jump shot,2PT Field Goal,Mid-Range,Left Side Center(LC),16-24 ft.,16,-66,152,1,0,20260329,OKC,NYK
Shot Chart Detail,0022501089,404,1628983,Shai Gilgeous-Alexander,1610612760,Oklahoma City Thunder,3,6,13,Made Shot,Turnaround Jump Shot,2PT Field Goal,Mid-Range,Left Side(L),8-16 ft.,10,-109,-9,1,1,20260329,OKC,NYK
Shot Chart Detail,0022501089,453,1628983,Shai Gilgeous-Alexander,1610612760,Oklahoma City Thunder,3,3,14,Missed Shot,Jump Shot,2PT Field Goal,Mid-Range,Left Side(L),8-16 ft.,14,-143,11,1,0,20260329,OKC,NYK
Shot Chart Detail,0022501089,478,1628983,Shai Gilgeous-Alexander,1610612760,Oklahoma City Thunder,3,0,49,Made Shot,Driving Reverse Layup Shot,2PT Field Goal,Restricted Area,Center(C),Less Than 8 ft.,2,-17,13,1,1,20260329,OKC,NYK
Shot Chart Detail,0022501089,613,1628983,Shai Gilgeous-Alexander,1610612760,Oklahoma City Thunder,4,4,33,Made Shot,Pullup Jump shot,2PT Field Goal,In The Paint (Non-RA),Center(C),8-16 ft.,14,70,132,1,1,20260329,OKC,NYK
Shot Chart Detail,0022501089,623,1628983,Shai Gilgeous-Alexander,1610612760,Oklahoma City Thunder,4,4,10,Made Shot,Driving Floating Bank Jump Shot,2PT Field Goal,Restricted Area,Center(C),Less Than 8 ft.,3,-36,-8,1,1,20260329,OKC,NYK
Shot Chart Detail,0022501089,627,1628983,Shai Gilgeous-Alexander,1610612760,Oklahoma City Thunder,4,3,37,Made Shot,Pullup Jump shot,3PT Field Goal,Above the Break 3,Left Side Center(LC),24+ ft.,26,-167,206,1,1,20260329,OKC,NYK
Shot Chart Detail,0022501097,26,1628983,Shai Gilgeous-Alexander,1610612760,Oklahoma City Thunder,1,9,36,Made Shot,Jump Shot,3PT Field Goal,Left Corner 3,Left Side(L),24+ ft.,22,-225,-36,1,1,20260330,OKC,DET
Shot Chart Detail,0022501097,58,1628983,Shai Gilgeous-Alexander,1610612760,Oklahoma City Thunder,1,7,8,Made Shot,Driving Finger Roll Layup Shot,2PT Field Goal,Restricted Area,Center(C),Less Than 8 ft.,0,5,-6,1,1,20260330,OKC,DET
Shot Chart Detail,0022501097,156,1628983,Shai Gilgeous-Alexander,1610612760,Oklahoma City Thunder,1,0,40,Missed Shot,Driving Layup Shot,2PT Field Goal,In The Paint (Non-RA),Center(C),Less Than 8 ft.,4,-28,34,1,0,20260330,OKC,DET
Shot Chart Detail,0022501097,298,1628983,Shai Gilgeous-Alexander,1610612760,Oklahoma City Thunder,2,10,33,Missed Shot,Driving Layup Shot,2PT Field Goal,Restricted Area,Center(C),Less Than 8 ft.,3,20,24,1,0,20260330,OKC,DET
Shot Chart Detail,0022501097,205,1628983,Shai Gilgeous-Alexander,1610612760,Oklahoma City Thunder,2,9,39,Made Shot,Running Layup Shot,2PT Field Goal,Restricted Area,Center(C),Less Than 8 ft.,1,-11,1,1,1,20260330,OKC,DET
Shot Chart Detail,0022501097,252,1628983,Shai Gilgeous-Alexander,1610612760,Oklahoma City Thunder,2,6,31,Missed Shot,Driving Layup Shot,2PT Field Goal,In The Paint (Non-RA),Center(C),Less Than 8 ft.,4,-4,43,1,0,20260330,OKC,DET
Shot Chart Detail,0022501097,281,1628983,Shai Gilgeous-Alexander,1610612760,Oklahoma City Thunder,2,5,33,Made Shot,Pullup Jump shot,3PT Field Goal,Above the Break 3,Right Side Center(RC),24+ ft.,25,132,219,1,1,20260330,OKC,DET
Shot Chart Detail,0022501097,369,1628983,Shai Gilgeous-Alexander,1610612760,Oklahoma City Thunder,2,0,0,Missed Shot,Pullup Jump shot,2PT Field Goal,In The Paint (Non-RA),Left Side(L),8-16 ft.,11,-61,101,1,0,20260330,OKC,DET
Shot Chart Detail,0022501097,399,1628983,Shai Gilgeous-Alexander,1610612760,Oklahoma City Thunder,3,10,57,Missed Shot,Pullup Jump shot,2PT Field Goal,Mid-Range,Left Side(L),8-16 ft.,11,-119,-13,1,0,20260330,OKC,DET
Shot Chart Detail,0022501097,401,1628983,Shai Gilgeous-Alexander,1610612760,Oklahoma City Thunder,3,10,48,Missed Shot,Step Back Jump shot,3PT Field Goal,Above the Break 3,Left Side Center(LC),24+ ft.,25,-208,139,1,0,20260330,OKC,DET
Shot Chart Detail,0022501097,425,1628983,Shai Gilgeous-Alexander,1610612760,Oklahoma City Thunder,3,8,31,Made Shot,Driving Finger Roll Layup Shot,2PT Field Goal,Restricted Area,Center(C),Less Than 8 ft.,1,-7,11,1,1,20260330,OKC,DET
Shot Chart Detail,0022501097,464,1628983,Shai Gilgeous-Alexander,1610612760,Oklahoma City Thunder,3,5,9,Made Shot,Turnaround Fadeaway shot,2PT Field Goal,Mid-Range,Right Side(R),8-16 ft.,12,125,8,1,1,20260330,OKC,DET
Shot Chart Detail,0022501097,474,1628983,Shai Gilgeous-Alexander,1610612760,Oklahoma City Thunder,3,4,32,Made Shot,Driving Reverse Layup Shot,2PT Field Goal,Restricted Area,Center(C),Less Than 8 ft.,2,20,13,1,1,20260330,OKC,DET
Shot Chart Detail,0022501097,529,1628983,Shai Gilgeous-Alexander,1610612760,Oklahoma City Thunder,3,0,33,Missed Shot,Driving Layup Shot,2PT Field Goal,Restricted Area,Center(C),Less Than 8 ft.,2,-21,13,1,0,20260330,OKC,DET
Shot Chart Detail,0022501097,634,1628983,Shai Gilgeous-Alexander,1610612760,Oklahoma City Thunder,4,6,51,Made Shot,Pullup Jump shot,2PT Field Goal,In The Paint (Non-RA),Center(C),8-16 ft.,15,-71,136,1,1,20260330,OKC,DET
Shot Chart Detail,0022501097,638,1628983,Shai Gilgeous-Alexander,1610612760,Oklahoma City Thunder,4,6,8,Made Shot,Step Back Jump shot,2PT Field Goal,Mid-Range,Left Side Center(LC),16-24 ft.,19,-156,122,1,1,20260330,OKC,DET
Shot Chart Detail,0022501097,695,1628983,Shai Gilgeous-Alexander,1610612760,Oklahoma City Thunder,4,3,14,Made Shot,Pullup Jump shot,2PT Field Goal,In The Paint (Non-RA),Left Side(L),8-16 ft.,10,-58,86,1,1,20260330,OKC,DET
Shot Chart Detail,0022501097,698,1628983,Shai Gilgeous-Alexander,1610612760,Oklahoma City Thunder,4,2,41,Made Shot,Step Back Jump shot,2PT Field Goal,Mid-Range,Center(C),8-16 ft.,14,-40,141,1,1,20260330,OKC,DET
Shot Chart Detail,0022501097,764,1628983,Shai Gilgeous-Alexander,1610612760,Oklahoma City Thunder,5,4,8,Made Shot,Step Back Jump shot,2PT Field Goal,Mid-Range,Left Side(L),8-16 ft.,15,-157,-8,1,1,20260330,OKC,DET
Shot Chart Detail,0022501116,11,1628983,Shai Gilgeous-Alexander,1610612760,Oklahoma City Thunder,1,11,15,Missed Shot,Pullup Jump shot,2PT Field Goal,In The Paint (Non-RA),Right Side(R),8-16 ft.,11,66,94,1,0,20260402,OKC,LAL
Shot Chart Detail,0022501116,30,1628983,Shai Gilgeous-Alexander,1610612760,Oklahoma City Thunder,1,9,42,Missed Shot,Driving Finger Roll Layup Shot,2PT Field Goal,Restricted Area,Center(C),Less Than 8 ft.,2,17,-11,1,0,20260402,OKC,LAL
Shot Chart Detail,0022501116,34,1628983,Shai Gilgeous-Alexander,1610612760,Oklahoma City Thunder,1,9,20,Missed Shot,Step Back Jump shot,2PT Field Goal,In The Paint (Non-RA),Center(C),8-16 ft.,14,67,129,1,0,20260402,OKC,LAL
Shot Chart Detail,0022501116,48,1628983,Shai Gilgeous-Alexander,1610612760,Oklahoma City Thunder,1,8,24,Made Shot,Pullup Jump shot,2PT Field Goal,In The Paint (Non-RA),Right Side(R),8-16 ft.,9,54,77,1,1,20260402,OKC,LAL
Shot Chart Detail,0022501116,57,1628983,Shai Gilgeous-Alexander,1610612760,Oklahoma City Thunder,1,7,50,Missed Shot,Fadeaway Jump Shot,2PT Field Goal,Mid-Range,Left Side(L),8-16 ft.,13,-124,51,1,0,20260402,OKC,LAL
Shot Chart Detail,0022501116,75,1628983,Shai Gilgeous-Alexander,1610612760,Oklahoma City Thunder,1,6,26,Missed Shot,Pullup Jump shot,3PT Field Goal,Above the Break 3,Left Side Center(LC),24+ ft.,24,-158,190,1,0,20260402,OKC,LAL
Shot Chart Detail,0022501116,82,1628983,Shai Gilgeous-Alexander,1610612760,Oklahoma City Thunder,1,5,49,Made Shot,Running Layup Shot,2PT Field Goal,Restricted Area,Center(C),Less Than 8 ft.,1,11,-1,1,1,20260402,OKC,LAL
Shot Chart Detail,0022501116,115,1628983,Shai Gilgeous-Alexander,1610612760,Oklahoma City Thunder,1,2,42,Made Shot,Driving Layup Shot,2PT Field Goal,In The Paint (Non-RA),Center(C),Less Than 8 ft.,7,78,1,1,1,20260402,OKC,LAL
Shot Chart Detail,0022501116,125,1628983,Shai Gilgeous-Alexander,1610612760,Oklahoma City Thunder,1,2,11,Missed Shot,Driving Layup Shot,2PT Field Goal,Restricted Area,Center(C),Less Than 8 ft.,2,-27,8,1,0,20260402,OKC,LAL
Shot Chart Detail,0022501116,133,1628983,Shai Gilgeous-Alexander,1610612760,Oklahoma City Thunder,1,1,22,Made Shot,Driving Finger Roll Layup Shot,2PT Field Goal,Restricted Area,Center(C),Less Than 8 ft.,2,20,8,1,1,20260402,OKC,LAL
Shot Chart Detail,0022501116,260,1628983,Shai Gilgeous-Alexander,1610612760,Oklahoma City Thunder,2,5,57,Missed Shot,Step Back Jump shot,3PT Field Goal,Above the Break 3,Right Side Center(RC),24+ ft.,25,85,241,1,0,20260402,OKC,LAL
Shot Chart Detail,0022501116,264,1628983,Shai Gilgeous-Alexander,1610612760,Oklahoma City Thunder,2,5,30,Made Shot,Step Back Jump shot,2PT Field Goal,Mid-Range,Center(C),16-24 ft.,17,1,171,1,1,20260402,OKC,LAL
Shot Chart Detail,0022501116,266,1628983,Shai Gilgeous-Alexander,1610612760,Oklahoma City Thunder,2,5,7,Made Shot,Driving Layup Shot,2PT Field Goal,Restricted Area,Center(C),Less Than 8 ft.,1,-12,-2,1,1,20260402,OKC,LAL
Shot Chart Detail,0022501116,280,1628983,Shai Gilgeous-Alexander,1610612760,Oklahoma City Thunder,2,4,14,Made Shot,Pullup Jump shot,2PT Field Goal,In The Paint (Non-RA),Center(C),8-16 ft.,11,47,100,1,1,20260402,OKC,LAL
Shot Chart Detail,0022501116,285,1628983,Shai Gilgeous-Alexander,1610612760,Oklahoma City Thunder,2,3,26,Made Shot,Driving Layup Shot,2PT Field Goal,Restricted Area,Center(C),Less Than 8 ft.,2,-25,4,1,1,20260402,OKC,LAL
Shot Chart Detail,0022501116,314,1628983,Shai Gilgeous-Alexander,1610612760,Oklahoma City Thunder,2,1,21,Missed Shot,Pullup Jump shot,2PT Field Goal,Mid-Range,Left Side Center(LC),16-24 ft.,17,-125,124,1,0,20260402,OKC,LAL
Shot Chart Detail,0022501116,318,1628983,Shai Gilgeous-Alexander,1610612760,Oklahoma City Thunder,2,0,58,Made Shot,Running Dunk Shot,2PT Field Goal,Restricted Area,Center(C),Less Than 8 ft.,0,-9,-4,1,1,20260402,OKC,LAL
Shot Chart Detail,0022501116,357,1628983,Shai Gilgeous-Alexander,1610612760,Oklahoma City Thunder,3,10,22,Made Shot,Jump Shot,3PT Field Goal,Above the Break 3,Left Side Center(LC),24+ ft.,24,-199,151,1,1,20260402,OKC,LAL
Shot Chart Detail,0022501116,361,1628983,Shai Gilgeous-Alexander,1610612760,Oklahoma City Thunder,3,9,54,Made Shot,Driving Layup Shot,2PT Field Goal,Restricted Area,Center(C),Less Than 8 ft.,1,11,1,1,1,20260402,OKC,LAL
Shot Chart Detail,0022501116,421,1628983,Shai Gilgeous-Alexander,1610612760,Oklahoma City Thunder,3,5,29,Missed Shot,Running Pull-Up Jump Shot,3PT Field Goal,Right Corner 3,Right Side(R),24+ ft.,23,229,48,1,0,20260402,OKC,LAL
Shot Chart Detail,0022501116,443,1628983,Shai Gilgeous-Alexander,1610612760,Oklahoma City Thunder,3,4,8,Missed Shot,Driving Layup Shot,2PT Field Goal,Restricted Area,Center(C),Less Than 8 ft.,2,20,17,1,0,20260402,OKC,LAL
Shot Chart Detail,0022501116,445,1628983,Shai Gilgeous-Alexander,1610612760,Oklahoma City Thunder,3,4,3,Missed Shot,Putback Layup Shot,2PT Field Goal,Restricted Area,Center(C),Less Than 8 ft.,0,-4,8,1,0,20260402,OKC,LAL
Shot Chart Detail,0022501116,447,1628983,Shai Gilgeous-Alexander,1610612760,Oklahoma City Thunder,3,4,1,Missed Shot,Putback Layup Shot,2PT Field Goal,Restricted Area,Center(C),Less Than 8 ft.,1,9,10,1,0,20260402,OKC,LAL
Shot Chart Detail,0022501116,463,1628983,Shai Gilgeous-Alexander,1610612760,Oklahoma City Thunder,3,2,52,Made Shot,Driving Reverse Layup Shot,2PT Field Goal,Restricted Area,Center(C),Less Than 8 ft.,1,-12,10,1,1,20260402,OKC,LAL
Shot Chart Detail,0022501116,473,1628983,Shai Gilgeous-Alexander,1610612760,Oklahoma City Thunder,3,1,38,Missed Shot,Driving Layup Shot,2PT Field Goal,Restricted Area,Center(C),Less Than 8 ft.,1,11,12,1,0,20260402,OKC,LAL
Shot Chart Detail,0022501139,23,1628983,Shai Gilgeous-Alexander,1610612760,Oklahoma City Thunder,1,10,3,Made Shot,Pullup Jump shot,2PT Field Goal,Mid-Range,Right Side Center(RC),16-24 ft.,19,131,148,1,1,20260405,OKC,UTA
Shot Chart Detail,0022501139,63,1628983,Shai Gilgeous-Alexander,1610612760,Oklahoma City Thunder,1,6,1,Made Shot,Pullup Jump shot,3PT Field Goal,Above the Break 3,Left Side Center(LC),24+ ft.,24,-190,158,1,1,20260405,OKC,UTA
Shot Chart Detail,0022501139,104,1628983,Shai Gilgeous-Alexander,1610612760,Oklahoma City Thunder,1,3,1,Made Shot,Turnaround Fadeaway shot,2PT Field Goal,Mid-Range,Center(C),8-16 ft.,14,-10,142,1,1,20260405,OKC,UTA
Shot Chart Detail,0022501139,124,1628983,Shai Gilgeous-Alexander,1610612760,Oklahoma City Thunder,1,2,10,Made Shot,Pullup Jump shot,2PT Field Goal,In The Paint (Non-RA),Center(C),8-16 ft.,13,-36,130,1,1,20260405,OKC,UTA
Shot Chart Detail,0022501139,268,1628983,Shai Gilgeous-Alexander,1610612760,Oklahoma City Thunder,2,4,1,Missed Shot,Running Jump Shot,2PT Field Goal,Mid-Range,Center(C),16-24 ft.,16,-45,157,1,0,20260405,OKC,UTA
Shot Chart Detail,0022501139,275,1628983,Shai Gilgeous-Alexander,1610612760,Oklahoma City Thunder,2,3,3,Missed Shot,Driving Floating Jump Shot,2PT Field Goal,In The Paint (Non-RA),Center(C),Less Than 8 ft.,4,42,15,1,0,20260405,OKC,UTA
Shot Chart Detail,0022501139,292,1628983,Shai Gilgeous-Alexander,1610612760,Oklahoma City Thunder,2,1,57,Made Shot,Turnaround Fadeaway shot,2PT Field Goal,Mid-Range,Left Side(L),8-16 ft.,13,-134,10,1,1,20260405,OKC,UTA
Shot Chart Detail,0022501139,295,1628983,Shai Gilgeous-Alexander,1610612760,Oklahoma City Thunder,2,1,31,Made Shot,Jump Shot,3PT Field Goal,Above the Break 3,Left Side Center(LC),24+ ft.,27,-186,197,1,1,20260405,OKC,UTA
Shot Chart Detail,0022501139,382,1628983,Shai Gilgeous-Alexander,1610612760,Oklahoma City Thunder,3,7,42,Made Shot,Pullup Jump shot,2PT Field Goal,Mid-Range,Right Side(R),8-16 ft.,10,105,-8,1,1,20260405,OKC,UTA
Shot Chart Detail,0022501139,402,1628983,Shai Gilgeous-Alexander,1610612760,Oklahoma City Thunder,3,6,15,Missed Shot,Pullup Jump shot,3PT Field Goal,Left Corner 3,Left Side(L),24+ ft.,23,-229,-34,1,0,20260405,OKC,UTA
Shot Chart Detail,0022501155,13,1628983,Shai Gilgeous-Alexander,1610612760,Oklahoma City Thunder,1,11,2,Made Shot,Turnaround Jump Shot,2PT Field Goal,Mid-Range,Right Side(R),8-16 ft.,15,98,126,1,1,20260407,LAL,OKC
Shot Chart Detail,0022501155,71,1628983,Shai Gilgeous-Alexander,1610612760,Oklahoma City Thunder,1,5,19,Missed Shot,Driving Floating Bank Jump Shot,2PT Field Goal,In The Paint (Non-RA),Center(C),Less Than 8 ft.,5,39,36,1,0,20260407,LAL,OKC
Shot Chart Detail,0022501155,75,1628983,Shai Gilgeous-Alexander,1610612760,Oklahoma City Thunder,1,4,51,Made Shot,Step Back Jump shot,3PT Field Goal,Above the Break 3,Right Side Center(RC),24+ ft.,28,138,248,1,1,20260407,LAL,OKC
Shot Chart Detail,0022501155,95,1628983,Shai Gilgeous-Alexander,1610612760,Oklahoma City Thunder,1,3,37,Made Shot,Pullup Jump shot,2PT Field Goal,Mid-Range,Center(C),8-16 ft.,15,28,151,1,1,20260407,LAL,OKC
Shot Chart Detail,0022501155,124,1628983,Shai Gilgeous-Alexander,1610612760,Oklahoma City Thunder,1,0,53,Made Shot,Driving Layup Shot,2PT Field Goal,Restricted Area,Center(C),Less Than 8 ft.,2,12,16,1,1,20260407,LAL,OKC
Shot Chart Detail,0022501155,274,1628983,Shai Gilgeous-Alexander,1610612760,Oklahoma City Thunder,2,3,42,Made Shot,Step Back Jump shot,2PT Field Goal,Mid-Range,Left Side Center(LC),16-24 ft.,19,-83,171,1,1,20260407,LAL,OKC
Shot Chart Detail,0022501155,289,1628983,Shai Gilgeous-Alexander,1610612760,Oklahoma City Thunder,2,2,13,Made Shot,Driving Floating Bank Jump Shot,2PT Field Goal,In The Paint (Non-RA),Center(C),8-16 ft.,8,20,82,1,1,20260407,LAL,OKC
Shot Chart Detail,0022501155,333,1628983,Shai Gilgeous-Alexander,1610612760,Oklahoma City Thunder,3,11,23,Missed Shot,Driving Layup Shot,2PT Field Goal,In The Paint (Non-RA),Center(C),8-16 ft.,8,5,83,1,0,20260407,LAL,OKC
Shot Chart Detail,0022501155,355,1628983,Shai Gilgeous-Alexander,1610612760,Oklahoma City Thunder,3,9,39,Missed Shot,Running Layup Shot,2PT Field Goal,In The Paint (Non-RA),Center(C),Less Than 8 ft.,6,-37,49,1,0,20260407,LAL,OKC
Shot Chart Detail,0022501155,408,1628983,Shai Gilgeous-Alexander,1610612760,Oklahoma City Thunder,3,5,51,Missed Shot,Running Reverse Layup Shot,2PT Field Goal,In The Paint (Non-RA),Center(C),Less Than 8 ft.,5,-21,48,1,0,20260407,LAL,OKC
Shot Chart Detail,0022501155,429,1628983,Shai Gilgeous-Alexander,1610612760,Oklahoma City Thunder,3,5,2,Made Shot,Running Jump Shot,3PT Field Goal,Above the Break 3,Left Side Center(LC),24+ ft.,26,-214,164,1,1,20260407,LAL,OKC
Shot Chart Detail,0022501155,446,1628983,Shai Gilgeous-Alexander,1610612760,Oklahoma City Thunder,3,3,42,Missed Shot,Driving Layup Shot,2PT Field Goal,In The Paint (Non-RA),Center(C),Less Than 8 ft.,5,44,38,1,0,20260407,LAL,OKC
Shot Chart Detail,0022501155,453,1628983,Shai Gilgeous-Alexander,1610612760,Oklahoma City Thunder,3,2,57,Made Shot,Pullup Jump shot,2PT Field Goal,In The Paint (Non-RA),Center(C),8-16 ft.,9,-17,92,1,1,20260407,LAL,OKC
Shot Chart Detail,0022501155,456,1628983,Shai Gilgeous-Alexander,1610612760,Oklahoma City Thunder,3,2,34,Made Shot,Running Layup Shot,2PT Field Goal,Restricted Area,Center(C),Less Than 8 ft.,3,-11,33,1,1,20260407,LAL,OKC
Shot Chart Detail,0022501155,460,1628983,Shai Gilgeous-Alexander,1610612760,Oklahoma City Thunder,3,2,3,Made Shot,Driving Dunk Shot,2PT Field Goal,Restricted Area,Center(C),Less Than 8 ft.,1,-5,11,1,1,20260407,LAL,OKC
Shot Chart Detail,0022501163,30,1628983,Shai Gilgeous-Alexander,1610612760,Oklahoma City Thunder,1,8,53,Made Shot,Step Back Jump shot,2PT Field Goal,Mid-Range,Left Side(L),8-16 ft.,12,-120,10,1,1,20260408,LAC,OKC
Shot Chart Detail,0022501163,65,1628983,Shai Gilgeous-Alexander,1610612760,Oklahoma City Thunder,1,6,17,Missed Shot,Step Back Jump shot,2PT Field Goal,Mid-Range,Left Side Center(LC),16-24 ft.,16,-116,116,1,0,20260408,LAC,OKC
Shot Chart Detail,0022501163,69,1628983,Shai Gilgeous-Alexander,1610612760,Oklahoma City Thunder,1,5,46,Made Shot,Pullup Jump shot,2PT Field Goal,In The Paint (Non-RA),Left Side(L),8-16 ft.,10,-70,83,1,1,20260408,LAC,OKC
Shot Chart Detail,0022501163,77,1628983,Shai Gilgeous-Alexander,1610612760,Oklahoma City Thunder,1,5,14,Missed Shot,Driving Layup Shot,2PT Field Goal,In The Paint (Non-RA),Center(C),Less Than 8 ft.,5,-18,48,1,0,20260408,LAC,OKC
Shot Chart Detail,0022501163,114,1628983,Shai Gilgeous-Alexander,1610612760,Oklahoma City Thunder,1,2,53,Missed Shot,Step Back Jump shot,3PT Field Goal,Above the Break 3,Center(C),24+ ft.,25,17,255,1,0,20260408,LAC,OKC
Shot Chart Detail,0022501163,121,1628983,Shai Gilgeous-Alexander,1610612760,Oklahoma City Thunder,1,2,27,Made Shot,Driving Layup Shot,2PT Field Goal,In The Paint (Non-RA),Center(C),Less Than 8 ft.,5,45,29,1,1,20260408,LAC,OKC
Shot Chart Detail,0022501163,139,1628983,Shai Gilgeous-Alexander,1610612760,Oklahoma City Thunder,1,0,57,Missed Shot,Running Layup Shot,2PT Field Goal,In The Paint (Non-RA),Center(C),Less Than 8 ft.,4,-27,34,1,0,20260408,LAC,OKC
Shot Chart Detail,0022501163,257,1628983,Shai Gilgeous-Alexander,1610612760,Oklahoma City Thunder,2,5,27,Made Shot,Driving Floating Bank Jump Shot,2PT Field Goal,In The Paint (Non-RA),Center(C),Less Than 8 ft.,4,44,19,1,1,20260408,LAC,OKC
Shot Chart Detail,0022501163,278,1628983,Shai Gilgeous-Alexander,1610612760,Oklahoma City Thunder,2,4,11,Made Shot,Turnaround Hook Shot,2PT Field Goal,In The Paint (Non-RA),Center(C),8-16 ft.,8,38,73,1,1,20260408,LAC,OKC
Shot Chart Detail,0022501163,322,1628983,Shai Gilgeous-Alexander,1610612760,Oklahoma City Thunder,2,1,11,Made Shot,Driving Layup Shot,2PT Field Goal,Restricted Area,Center(C),Less Than 8 ft.,2,-18,21,1,1,20260408,LAC,OKC
Shot Chart Detail,0022501163,343,1628983,Shai Gilgeous-Alexander,1610612760,Oklahoma City Thunder,2,0,3,Missed Shot,Step Back Jump shot,3PT Field Goal,Above the Break 3,Left Side Center(LC),24+ ft.,26,-135,230,1,0,20260408,LAC,OKC
Shot Chart Detail,0022501163,387,1628983,Shai Gilgeous-Alexander,1610612760,Oklahoma City Thunder,3,9,22,Made Shot,Jump Shot,2PT Field Goal,Mid-Range,Left Side(L),8-16 ft.,13,-123,65,1,1,20260408,LAC,OKC
Shot Chart Detail,0022501163,394,1628983,Shai Gilgeous-Alexander,1610612760,Oklahoma City Thunder,3,8,58,Missed Shot,Pullup Jump shot,3PT Field Goal,Above the Break 3,Left Side Center(LC),24+ ft.,27,-156,225,1,0,20260408,LAC,OKC
Shot Chart Detail,0022501163,424,1628983,Shai Gilgeous-Alexander,1610612760,Oklahoma City Thunder,3,6,14,Made Shot,Step Back Jump shot,3PT Field Goal,Above the Break 3,Left Side Center(LC),24+ ft.,29,-158,244,1,1,20260408,LAC,OKC
Shot Chart Detail,0022501163,452,1628983,Shai Gilgeous-Alexander,1610612760,Oklahoma City Thunder,3,4,15,Missed Shot,Step Back Jump shot,2PT Field Goal,In The Paint (Non-RA),Right Side(R),8-16 ft.,11,75,92,1,0,20260408,LAC,OKC
Shot Chart Detail,0022501163,470,1628983,Shai Gilgeous-Alexander,1610612760,Oklahoma City Thunder,3,3,20,Missed Shot,Step Back Jump shot,3PT Field Goal,Above the Break 3,Right Side Center(RC),24+ ft.,26,130,231,1,0,20260408,LAC,OKC
Shot Chart Detail,0022501163,478,1628983,Shai Gilgeous-Alexander,1610612760,Oklahoma City Thunder,3,2,17,Made Shot,Pullup Jump shot,3PT Field Goal,Above the Break 3,Left Side Center(LC),24+ ft.,27,-183,204,1,1,20260408,LAC,OKC
Shot Chart Detail,0022501203,16,1628983,Shai Gilgeous-Alexander,1610612760,Oklahoma City Thunder,1,10,43,Made Shot,Pullup Jump shot,2PT Field Goal,Mid-Range,Center(C),8-16 ft.,14,18,142,1,1,20251210,OKC,PHX
Shot Chart Detail,0022501203,19,1628983,Shai Gilgeous-Alexander,1610612760,Oklahoma City Thunder,1,10,9,Missed Shot,Turnaround Fadeaway shot,2PT Field Goal,Mid-Range,Left Side(L),8-16 ft.,13,-131,4,1,0,20251210,OKC,PHX
Shot Chart Detail,0022501203,71,1628983,Shai Gilgeous-Alexander,1610612760,Oklahoma City Thunder,1,6,6,Made Shot,Pullup Jump shot,2PT Field Goal,Mid-Range,Right Side(R),8-16 ft.,10,100,19,1,1,20251210,OKC,PHX
Shot Chart Detail,0022501203,131,1628983,Shai Gilgeous-Alexander,1610612760,Oklahoma City Thunder,1,2,25,Missed Shot,Turnaround Fadeaway shot,2PT Field Goal,Mid-Range,Left Side(L),8-16 ft.,14,-138,58,1,0,20251210,OKC,PHX
Shot Chart Detail,0022501203,149,1628983,Shai Gilgeous-Alexander,1610612760,Oklahoma City Thunder,1,0,17,Made Shot,Driving Layup Shot,2PT Field Goal,Restricted Area,Center(C),Less Than 8 ft.,1,-16,-2,1,1,20251210,OKC,PHX
Shot Chart Detail,0022501203,249,1628983,Shai Gilgeous-Alexander,1610612760,Oklahoma City Thunder,2,5,59,Made Shot,Pullup Jump shot,3PT Field Goal,Above the Break 3,Center(C),24+ ft.,27,11,274,1,1,20251210,OKC,PHX
Shot Chart Detail,0022501203,267,1628983,Shai Gilgeous-Alexander,1610612760,Oklahoma City Thunder,2,4,28,Made Shot,Driving Floating Jump Shot,2PT Field Goal,Restricted Area,Center(C),Less Than 8 ft.,3,-5,31,1,1,20251210,OKC,PHX
Shot Chart Detail,0022501203,310,1628983,Shai Gilgeous-Alexander,1610612760,Oklahoma City Thunder,2,1,44,Made Shot,Step Back Jump shot,3PT Field Goal,Above the Break 3,Left Side Center(LC),24+ ft.,25,-143,208,1,1,20251210,OKC,PHX
Shot Chart Detail,0022501203,335,1628983,Shai Gilgeous-Alexander,1610612760,Oklahoma City Thunder,3,10,29,Made Shot,Driving Finger Roll Layup Shot,2PT Field Goal,Restricted Area,Center(C),Less Than 8 ft.,1,10,12,1,1,20251210,OKC,PHX
Shot Chart Detail,0022501203,339,1628983,Shai Gilgeous-Alexander,1610612760,Oklahoma City Thunder,3,9,57,Missed Shot,Jump Shot,3PT Field Goal,Right Corner 3,Right Side(R),24+ ft.,22,222,13,1,0,20251210,OKC,PHX
Shot Chart Detail,0022501203,355,1628983,Shai Gilgeous-Alexander,1610612760,Oklahoma City Thunder,3,9,15,Made Shot,Running Dunk Shot,2PT Field Goal,Restricted Area,Center(C),Less Than 8 ft.,1,7,13,1,1,20251210,OKC,PHX
Shot Chart Detail,0022501203,384,1628983,Shai Gilgeous-Alexander,1610612760,Oklahoma City Thunder,3,7,29,Made Shot,Running Layup Shot,2PT Field Goal,Restricted Area,Center(C),Less Than 8 ft.,1,10,7,1,1,20251210,OKC,PHX
Shot Chart Detail,0022501203,396,1628983,Shai Gilgeous-Alexander,1610612760,Oklahoma City Thunder,3,6,11,Made Shot,Jump Shot,3PT Field Goal,Right Corner 3,Right Side(R),24+ ft.,22,227,-3,1,1,20251210,OKC,PHX
Shot Chart Detail,0022501203,435,1628983,Shai Gilgeous-Alexander,1610612760,Oklahoma City Thunder,3,4,30,Missed Shot,Pullup Jump shot,2PT Field Goal,Mid-Range,Left Side(L),8-16 ft.,13,-132,-22,1,0,20251210,OKC,PHX
Shot Chart Detail,0022501203,448,1628983,Shai Gilgeous-Alexander,1610612760,Oklahoma City Thunder,3,3,50,Made Shot,Step Back Jump shot,2PT Field Goal,Mid-Range,Right Side Center(RC),16-24 ft.,21,147,158,1,1,20251210,OKC,PHX
Shot Chart Detail,0022501230,19,1628983,Shai Gilgeous-Alexander,1610612760,Oklahoma City Thunder,1,10,39,Made Shot,Pullup Jump shot,2PT Field Goal,Mid-Range,Right Side(R),8-16 ft.,15,104,115,1,1,20251213,OKC,SAS
Shot Chart Detail,0022501230,33,1628983,Shai Gilgeous-Alexander,1610612760,Oklahoma City Thunder,1,9,2,Made Shot,Pullup Jump shot,2PT Field Goal,Mid-Range,Left Side(L),8-16 ft.,12,-127,-16,1,1,20251213,OKC,SAS
Shot Chart Detail,0022501230,48,1628983,Shai Gilgeous-Alexander,1610612760,Oklahoma City Thunder,1,7,57,Missed Shot,Running Pull-Up Jump Shot,3PT Field Goal,Above the Break 3,Left Side Center(LC),24+ ft.,24,-183,159,1,0,20251213,OKC,SAS
Shot Chart Detail,0022501230,61,1628983,Shai Gilgeous-Alexander,1610612760,Oklahoma City Thunder,1,6,35,Made Shot,Step Back Jump shot,2PT Field Goal,Mid-Range,Right Side(R),8-16 ft.,11,118,-6,1,1,20251213,OKC,SAS
Shot Chart Detail,0022501230,64,1628983,Shai Gilgeous-Alexander,1610612760,Oklahoma City Thunder,1,5,59,Missed Shot,Cutting Layup Shot,2PT Field Goal,Restricted Area,Center(C),Less Than 8 ft.,3,-31,5,1,0,20251213,OKC,SAS
Shot Chart Detail,0022501230,70,1628983,Shai Gilgeous-Alexander,1610612760,Oklahoma City Thunder,1,5,30,Missed Shot,Driving Layup Shot,2PT Field Goal,In The Paint (Non-RA),Center(C),Less Than 8 ft.,5,-53,19,1,0,20251213,OKC,SAS
Shot Chart Detail,0022501230,89,1628983,Shai Gilgeous-Alexander,1610612760,Oklahoma City Thunder,1,4,38,Missed Shot,Running Layup Shot,2PT Field Goal,Restricted Area,Center(C),Less Than 8 ft.,3,-28,13,1,0,20251213,OKC,SAS
Shot Chart Detail,0022501230,93,1628983,Shai Gilgeous-Alexander,1610612760,Oklahoma City Thunder,1,4,29,Made Shot,Jump Shot,2PT Field Goal,In The Paint (Non-RA),Right Side(R),8-16 ft.,15,80,136,1,1,20251213,OKC,SAS
Shot Chart Detail,0022501230,100,1628983,Shai Gilgeous-Alexander,1610612760,Oklahoma City Thunder,1,3,31,Missed Shot,Step Back Jump shot,2PT Field Goal,Mid-Range,Right Side Center(RC),16-24 ft.,17,137,113,1,0,20251213,OKC,SAS
Shot Chart Detail,0022501230,138,1628983,Shai Gilgeous-Alexander,1610612760,Oklahoma City Thunder,1,1,14,Made Shot,Jump Shot,2PT Field Goal,Mid-Range,Right Side(R),8-16 ft.,11,118,4,1,1,20251213,OKC,SAS
Shot Chart Detail,0022501230,311,1628983,Shai Gilgeous-Alexander,1610612760,Oklahoma City Thunder,2,3,2,Made Shot,Pullup Jump shot,2PT Field Goal,Mid-Range,Left Side Center(LC),16-24 ft.,20,-131,158,1,1,20251213,OKC,SAS
Shot Chart Detail,0022501230,362,1628983,Shai Gilgeous-Alexander,1610612760,Oklahoma City Thunder,2,1,23,Missed Shot,Turnaround Fadeaway shot,2PT Field Goal,Mid-Range,Left Side Center(LC),16-24 ft.,18,-98,155,1,0,20251213,OKC,SAS
Shot Chart Detail,0022501230,411,1628983,Shai Gilgeous-Alexander,1610612760,Oklahoma City Thunder,3,8,7,Missed Shot,Pullup Jump shot,3PT Field Goal,Above the Break 3,Center(C),24+ ft.,25,-27,257,1,0,20251213,OKC,SAS
Shot Chart Detail,0022501230,424,1628983,Shai Gilgeous-Alexander,1610612760,Oklahoma City Thunder,3,7,35,Made Shot,Driving Layup Shot,2PT Field Goal,Restricted Area,Center(C),Less Than 8 ft.,3,28,23,1,1,20251213,OKC,SAS
Shot Chart Detail,0022501230,446,1628983,Shai Gilgeous-Alexander,1610612760,Oklahoma City Thunder,3,5,43,Made Shot,Step Back Jump shot,3PT Field Goal,Above the Break 3,Left Side Center(LC),24+ ft.,26,-206,164,1,1,20251213,OKC,SAS
Shot Chart Detail,0022501230,450,1628983,Shai Gilgeous-Alexander,1610612760,Oklahoma City Thunder,3,5,22,Made Shot,Running Layup Shot,2PT Field Goal,Restricted Area,Center(C),Less Than 8 ft.,3,-13,33,1,1,20251213,OKC,SAS
Shot Chart Detail,0022501230,462,1628983,Shai Gilgeous-Alexander,1610612760,Oklahoma City Thunder,3,4,52,Missed Shot,Pullup Jump shot,3PT Field Goal,Above the Break 3,Center(C),24+ ft.,29,-58,289,1,0,20251213,OKC,SAS
Shot Chart Detail,0022501230,488,1628983,Shai Gilgeous-Alexander,1610612760,Oklahoma City Thunder,3,2,46,Made Shot,Driving Layup Shot,2PT Field Goal,In The Paint (Non-RA),Center(C),Less Than 8 ft.,5,44,29,1,1,20251213,OKC,SAS
Shot Chart Detail,0022501230,657,1628983,Shai Gilgeous-Alexander,1610612760,Oklahoma City Thunder,4,4,44,Missed Shot,Step Back Jump shot,3PT Field Goal,Above the Break 3,Left Side Center(LC),24+ ft.,27,-91,257,1,0,20251213,OKC,SAS
Shot Chart Detail,0022501230,676,1628983,Shai Gilgeous-Alexander,1610612760,Oklahoma City Thunder,4,3,59,Made Shot,Step Back Jump shot,2PT Field Goal,Mid-Range,Left Side(L),8-16 ft.,11,-114,4,1,1,20251213,OKC,SAS
Shot Chart Detail,0022501230,686,1628983,Shai Gilgeous-Alexander,1610612760,Oklahoma City Thunder,4,3,25,Missed Shot,Pullup Jump shot,3PT Field Goal,Above the Break 3,Center(C),24+ ft.,25,74,244,1,0,20251213,OKC,SAS
Shot Chart Detail,0022501230,698,1628983,Shai Gilgeous-Alexander,1610612760,Oklahoma City Thunder,4,2,3,Missed Shot,Step Back Jump shot,3PT Field Goal,Above the Break 3,Left Side Center(LC),24+ ft.,26,-147,215,1,0,20251213,OKC,SAS
Shot Chart Detail,0022501230,751,1628983,Shai Gilgeous-Alexander,1610612760,Oklahoma City Thunder,4,0,14,Made Shot,Driving Dunk Shot,2PT Field Goal,Restricted Area,Center(C),Less Than 8 ft.,3,-11,34,1,1,20251213,OKC,SAS
