GRID_TYPE,GAME_ID,GAME_EVENT_ID,PLAYER_ID,PLAYER_NAME,TEAM_ID,TEAM_NAME,PERIOD,MINUTES_REMAINING,SECONDS_REMAINING,EVENT_TYPE,ACTION_TYPE,SHOT_TYPE,SHOT_ZONE_BASIC,SHOT_ZONE_AREA,SHOT_ZONE_RANGE,SHOT_DISTANCE,LOC_X,LOC_Y,SHOT_ATTEMPTED_FLAG,SHOT_MADE_FLAG,GAME_DATE,HTM,VTM
Shot Chart Detail,0022500012,58,2544,LeBron James,1610612747,Los Angeles Lakers,1,7,5,Missed Shot,Jump Shot,3PT Field Goal,Above the Break 3,Right Side Center(RC),24+ ft.,26,176,200,1,0,20251225,LAL,HOU
Shot Chart Detail,0022500012,127,2544,LeBron James,1610612747,Los Angeles Lakers,1,1,42,Made Shot,Pullup Jump shot,3PT Field Goal,Above the Break 3,Left Side Center(LC),24+ ft.,25,-153,200,1,1,20251225,LAL,HOU
Shot Chart Detail,0022500012,193,2544,LeBron James,1610612747,Los Angeles Lakers,2,8,47,Missed Shot,Jump Shot,3PT Field Goal,Left Corner 3,Left Side(L),24+ ft.,23,-232,12,1,0,20251225,LAL,HOU
Shot Chart Detail,0022500012,198,2544,LeBron James,1610612747,Los Angeles Lakers,2,7,50,Made Shot,Driving Layup Shot,2PT Field Goal,Restricted Area,Center(C),Less Than 8 ft.,3,-31,20,1,1,20251225,LAL,HOU
Shot Chart Detail,0022500012,380,2544,LeBron James,1610612747,Los Angeles Lakers,3,6,43,Missed Shot,Pullup Jump shot,2PT Field Goal,In The Paint (Non-RA),Left Side(L),8-16 ft.,8,-42,72,1,0,20251225,LAL,HOU
Shot Chart Detail,0022500012,394,2544,LeBron James,1610612747,Los Angeles Lakers,3,5,30,Made Shot,Driving Finger Roll Layup Shot,2PT Field Goal,Restricted Area,Center(C),Less Than 8 ft.,3,5,39,1,1,20251225,LAL,HOU
Shot Chart Detail,0022500012,396,2544,LeBron James,1610612747,Los Angeles Lakers,3,4,58,Missed Shot,Driving Layup Shot,2PT Field Goal,Restricted Area,Center(C),Less Than 8 ft.,2,-23,17,1,0,20251225,LAL,HOU
Shot Chart Detail,0022500012,405,2544,LeBron James,1610612747,Los Angeles Lakers,3,4,44,Made Shot,Driving Hook Shot,2PT Field Goal,In The Paint (Non-RA),Left Side(L),8-16 ft.,8,-53,63,1,1,20251225,LAL,HOU
Shot Chart Detail,0022500012,478,2544,LeBron James,1610612747,Los Angeles Lakers,4,11,23,Made Shot,Running Finger Roll Layup Shot,2PT Field Goal,Restricted Area,Center(C),Less Than 8 ft.,2,2,25,1,1,20251225,LAL,HOU
Shot Chart Detail,0022500012,485,2544,LeBron James,1610612747,Los Angeles Lakers,4,10,29,Missed Shot,Driving Layup Shot,2PT Field Goal,Restricted Area,Center(C),Less Than 8 ft.,3,27,20,1,0,20251225,LAL,HOU
Shot Chart Detail,0022500012,491,2544,LeBron James,1610612747,Los Angeles Lakers,4,10,2,Made Shot,Driving Layup Shot,2PT Field Goal,Restricted Area,Center(C),Less Than 8 ft.,2,-22,15,1,1,20251225,LAL,HOU
Shot Chart Detail,0022500012,495,2544,LeBron James,1610612747,Los Angeles Lakers,4,9,25,Missed Shot,Driving Layup Shot,2PT Field Goal,Restricted Area,Center(C),Less Than 8 ft.,2,17,14,1,0,20251225,LAL,HOU
Shot Chart Detail,0022500012,513,2544,LeBron James,1610612747,Los Angeles Lakers,4,8,16,Made Shot,Driving Dunk Shot,2PT Field Goal,Restricted Area,Center(C),Less Than 8 ft.,2,11,24,1,1,20251225,LAL,HOU
Shot Chart Detail,0022500059,45,2544,LeBron James,1610612747,Los Angeles Lakers,1,7,11,Missed Shot,Jump Shot,3PT Field Goal,Above the Break 3,Center(C),24+ ft.,25,36,252,1,0,20251125,LAL,LAC
Shot Chart Detail,0022500059,187,2544,LeBron James,1610612747,Los Angeles Lakers,2,9,5,Missed Shot,Pullup Jump shot,2PT Field Goal,Mid-Range,Center(C),8-16 ft.,15,-43,152,1,0,20251125,LAL,LAC
Shot Chart Detail,0022500059,257,2544,LeBron James,1610612747,Los Angeles Lakers,2,3,23,Made Shot,Layup Shot,2PT Field Goal,Restricted Area,Center(C),Less Than 8 ft.,2,20,6,1,1,20251125,LAL,LAC
Shot Chart Detail,0022500059,265,2544,LeBron James,1610612747,Los Angeles Lakers,2,2,54,Made Shot,Running Pull-Up Jump Shot,3PT Field Goal,Above the Break 3,Center(C),24+ ft.,28,56,278,1,1,20251125,LAL,LAC
Shot Chart Detail,0022500059,319,2544,LeBron James,1610612747,Los Angeles Lakers,3,11,15,Made Shot,Driving Floating Bank Jump Shot,2PT Field Goal,In The Paint (Non-RA),Center(C),Less Than 8 ft.,7,-70,37,1,1,20251125,LAL,LAC
Shot Chart Detail,0022500059,329,2544,LeBron James,1610612747,Los Angeles Lakers,3,9,47,Made Shot,Driving Floating Bank Jump Shot,2PT Field Goal,Mid-Range,Left Side(L),8-16 ft.,9,-87,35,1,1,20251125,LAL,LAC
Shot Chart Detail,0022500059,340,2544,LeBron James,1610612747,Los Angeles Lakers,3,8,30,Made Shot,Pullup Jump shot,2PT Field Goal,Mid-Range,Left Side Center(LC),16-24 ft.,17,-58,162,1,1,20251125,LAL,LAC
Shot Chart Detail,0022500059,342,2544,LeBron James,1610612747,Los Angeles Lakers,3,8,6,Missed Shot,Jump Shot,3PT Field Goal,Left Corner 3,Left Side(L),24+ ft.,22,-229,9,1,0,20251125,LAL,LAC
Shot Chart Detail,0022500059,466,2544,LeBron James,1610612747,Los Angeles Lakers,3,0,20,Made Shot,Cutting Finger Roll Layup Shot,2PT Field Goal,Restricted Area,Center(C),Less Than 8 ft.,1,-1,19,1,1,20251125,LAL,LAC
Shot Chart Detail,0022500059,491,2544,LeBron James,1610612747,Los Angeles Lakers,4,11,31,Missed Shot,Pullup Jump shot,2PT Field Goal,Mid-Range,Right Side(R),8-16 ft.,9,83,37,1,0,20251125,LAL,LAC
Shot Chart Detail,0022500059,510,2544,LeBron James,1610612747,Los Angeles Lakers,4,10,3,Made Shot,Jump Shot,3PT Field Goal,Left Corner 3,Left Side(L),24+ ft.,24,-233,67,1,1,20251125,LAL,LAC
Shot Chart Detail,0022500059,520,2544,LeBron James,1610612747,Los Angeles Lakers,4,9,5,Missed Shot,Turnaround Fadeaway shot,2PT Field Goal,In The Paint (Non-RA),Center(C),Less Than 8 ft.,6,-26,58,1,0,20251125,LAL,LAC
Shot Chart Detail,0022500059,522,2544,LeBron James,1610612747,Los Angeles Lakers,4,8,52,Made Shot,Fadeaway Jump Shot,2PT Field Goal,Mid-Range,Right Side(R),8-16 ft.,14,113,83,1,1,20251125,LAL,LAC
Shot Chart Detail,0022500059,525,2544,LeBron James,1610612747,Los Angeles Lakers,4,8,30,Missed Shot,Running Jump Shot,3PT Field Goal,Above the Break 3,Left Side Center(LC),24+ ft.,26,-88,247,1,0,20251125,LAL,LAC
Shot Chart Detail,0022500059,655,2544,LeBron James,1610612747,Los Angeles Lakers,4,1,41,Made Shot,Running Layup Shot,2PT Field Goal,Restricted Area,Center(C),Less Than 8 ft.,2,11,19,1,1,20251125,LAL,LAC
Shot Chart Detail,0022500078,11,2544,LeBron James,1610612747,Los Angeles Lakers,1,11,7,Made Shot,Alley Oop Dunk Shot,2PT Field Goal,In The Paint (Non-RA),Center(C),Less Than 8 ft.,5,-5,53,1,1,20251128,LAL,DAL
Shot Chart Detail,0022500078,169,2544,LeBron James,1610612747,Los Angeles Lakers,2,11,0,Missed Shot,Fadeaway Jump Shot,2PT Field Goal,Mid-Range,Left Side Center(LC),16-24 ft.,16,-74,146,1,0,20251128,LAL,DAL
Shot Chart Detail,0022500078,192,2544,LeBron James,1610612747,Los Angeles Lakers,2,9,29,Missed Shot,Turnaround Fadeaway shot,2PT Field Goal,In The Paint (Non-RA),Center(C),Less Than 8 ft.,5,-50,9,1,0,20251128,LAL,DAL
Shot Chart Detail,0022500078,224,2544,LeBron James,1610612747,Los Angeles Lakers,2,7,38,Missed Shot,Step Back Jump shot,3PT Field Goal,Above the Break 3,Left Side Center(LC),24+ ft.,26,-114,243,1,0,20251128,LAL,DAL
Shot Chart Detail,0022500078,382,2544,LeBron James,1610612747,Los Angeles Lakers,3,7,42,Made Shot,Running Layup Shot,2PT Field Goal,Restricted Area,Center(C),Less Than 8 ft.,2,-13,26,1,1,20251128,LAL,DAL
Shot Chart Detail,0022500078,386,2544,LeBron James,1610612747,Los Angeles Lakers,3,6,59,Made Shot,Jump Shot,3PT Field Goal,Left Corner 3,Left Side(L),24+ ft.,24,-235,65,1,1,20251128,LAL,DAL
Shot Chart Detail,0022500078,406,2544,LeBron James,1610612747,Los Angeles Lakers,3,5,2,Missed Shot,Jump Shot,3PT Field Goal,Left Corner 3,Left Side(L),24+ ft.,23,-235,16,1,0,20251128,LAL,DAL
Shot Chart Detail,0022500078,410,2544,LeBron James,1610612747,Los Angeles Lakers,3,4,47,Missed Shot,Layup Shot,2PT Field Goal,Restricted Area,Center(C),Less Than 8 ft.,2,-12,22,1,0,20251128,LAL,DAL
Shot Chart Detail,0022500078,461,2544,LeBron James,1610612747,Los Angeles Lakers,3,1,2,Made Shot,Running Layup Shot,2PT Field Goal,Restricted Area,Center(C),Less Than 8 ft.,2,-7,26,1,1,20251128,LAL,DAL
Shot Chart Detail,0022500078,468,2544,LeBron James,1610612747,Los Angeles Lakers,3,0,18,Missed Shot,Jump Shot,3PT Field Goal,Left Corner 3,Left Side(L),24+ ft.,23,-234,38,1,0,20251128,LAL,DAL
Shot Chart Detail,0022500078,541,2544,LeBron James,1610612747,Los Angeles Lakers,4,7,20,Missed Shot,Putback Layup Shot,2PT Field Goal,Restricted Area,Center(C),Less Than 8 ft.,2,-5,21,1,0,20251128,LAL,DAL
Shot Chart Detail,0022500078,544,2544,LeBron James,1610612747,Los Angeles Lakers,4,7,14,Missed Shot,Jump Shot,3PT Field Goal,Above the Break 3,Left Side Center(LC),24+ ft.,26,-201,179,1,0,20251128,LAL,DAL
Shot Chart Detail,0022500078,628,2544,LeBron James,1610612747,Los Angeles Lakers,4,2,0,Made Shot,Jump Shot,3PT Field Goal,Above the Break 3,Right Side Center(RC),24+ ft.,26,168,200,1,1,20251128,LAL,DAL
Shot Chart Detail,0022500253,45,2544,LeBron James,1610612747,Los Angeles Lakers,1,7,43,Missed Shot,Running Pull-Up Jump Shot,3PT Field Goal,Above the Break 3,Right Side Center(RC),24+ ft.,25,175,183,1,0,20251118,LAL,UTA
Shot Chart Detail,0022500253,230,2544,LeBron James,1610612747,Los Angeles Lakers,2,8,20,Made Shot,Jump Shot,3PT Field Goal,Above the Break 3,Left Side Center(LC),24+ ft.,26,-206,162,1,1,20251118,LAL,UTA
Shot Chart Detail,0022500253,253,2544,LeBron James,1610612747,Los Angeles Lakers,2,6,11,Missed Shot,Driving Layup Shot,2PT Field Goal,In The Paint (Non-RA),Center(C),Less Than 8 ft.,5,-13,55,1,0,20251118,LAL,UTA
Shot Chart Detail,0022500253,356,2544,LeBron James,1610612747,Los Angeles Lakers,2,0,43,Made Shot,Running Pull-Up Jump Shot,3PT Field Goal,Above the Break 3,Left Side Center(LC),24+ ft.,28,-168,227,1,1,20251118,LAL,UTA
Shot Chart Detail,0022500253,413,2544,LeBron James,1610612747,Los Angeles Lakers,3,8,4,Made Shot,Pullup Jump shot,2PT Field Goal,In The Paint (Non-RA),Center(C),8-16 ft.,14,-54,136,1,1,20251118,LAL,UTA
Shot Chart Detail,0022500253,433,2544,LeBron James,1610612747,Los Angeles Lakers,3,6,35,Made Shot,Driving Layup Shot,2PT Field Goal,Restricted Area,Center(C),Less Than 8 ft.,2,-6,21,1,1,20251118,LAL,UTA
Shot Chart Detail,0022500253,618,2544,LeBron James,1610612747,Los Angeles Lakers,4,7,36,Missed Shot,Alley Oop Layup shot,2PT Field Goal,Restricted Area,Center(C),Less Than 8 ft.,1,9,8,1,0,20251118,LAL,UTA
Shot Chart Detail,0022500282,11,2544,LeBron James,1610612747,Los Angeles Lakers,1,11,20,Missed Shot,Running Layup Shot,2PT Field Goal,In The Paint (Non-RA),Center(C),Less Than 8 ft.,5,-9,56,1,0,20251123,UTA,LAL
Shot Chart Detail,0022500282,15,2544,LeBron James,1610612747,Los Angeles Lakers,1,11,4,Made Shot,Running Dunk Shot,2PT Field Goal,In The Paint (Non-RA),Center(C),Less Than 8 ft.,4,39,21,1,1,20251123,UTA,LAL
Shot Chart Detail,0022500282,19,2544,LeBron James,1610612747,Los Angeles Lakers,1,10,39,Missed Shot,Driving Finger Roll Layup Shot,2PT Field Goal,In The Paint (Non-RA),Center(C),Less Than 8 ft.,4,38,20,1,0,20251123,UTA,LAL
Shot Chart Detail,0022500282,183,2544,LeBron James,1610612747,Los Angeles Lakers,2,10,32,Missed Shot,Driving Layup Shot,2PT Field Goal,In The Paint (Non-RA),Center(C),Less Than 8 ft.,5,-51,17,1,0,20251123,UTA,LAL
Shot Chart Detail,0022500282,226,2544,LeBron James,1610612747,Los Angeles Lakers,2,7,18,Missed Shot,Running Jump Shot,3PT Field Goal,Above the Break 3,Left Side Center(LC),24+ ft.,24,-222,109,1,0,20251123,UTA,LAL
Shot Chart Detail,0022500282,233,2544,LeBron James,1610612747,Los Angeles Lakers,2,7,12,Missed Shot,Jump Shot,3PT Field Goal,Above the Break 3,Right Side Center(RC),24+ ft.,24,109,224,1,0,20251123,UTA,LAL
Shot Chart Detail,0022500282,237,2544,LeBron James,1610612747,Los Angeles Lakers,2,6,50,Missed Shot,Running Alley Oop Dunk Shot,2PT Field Goal,In The Paint (Non-RA),Center(C),Less Than 8 ft.,5,51,21,1,0,20251123,UTA,LAL
Shot Chart Detail,0022500282,241,2544,LeBron James,1610612747,Los Angeles Lakers,2,6,38,Made Shot,Running Dunk Shot,2PT Field Goal,Restricted Area,Center(C),Less Than 8 ft.,2,23,14,1,1,20251123,UTA,LAL
Shot Chart Detail,0022500282,244,2544,LeBron James,1610612747,Los Angeles Lakers,2,6,1,Made Shot,Fadeaway Jump Shot,2PT Field Goal,In The Paint (Non-RA),Center(C),8-16 ft.,8,11,82,1,1,20251123,UTA,LAL
Shot Chart Detail,0022500282,247,2544,LeBron James,1610612747,Los Angeles Lakers,2,5,42,Made Shot,Running Layup Shot,2PT Field Goal,Restricted Area,Center(C),Less Than 8 ft.,3,21,27,1,1,20251123,UTA,LAL
Shot Chart Detail,0022500282,311,2544,LeBron James,1610612747,Los Angeles Lakers,2,1,34,Made Shot,Driving Dunk Shot,2PT Field Goal,In The Paint (Non-RA),Center(C),Less Than 8 ft.,4,40,8,1,1,20251123,UTA,LAL
Shot Chart Detail,0022500282,351,2544,LeBron James,1610612747,Los Angeles Lakers,3,10,25,Missed Shot,Jump Shot,3PT Field Goal,Right Corner 3,Right Side(R),24+ ft.,22,228,-16,1,0,20251123,UTA,LAL
Shot Chart Detail,0022500282,484,2544,LeBron James,1610612747,Los Angeles Lakers,3,1,36,Made Shot,Running Dunk Shot,2PT Field Goal,In The Paint (Non-RA),Center(C),Less Than 8 ft.,4,27,32,1,1,20251123,UTA,LAL
Shot Chart Detail,0022500282,529,2544,LeBron James,1610612747,Los Angeles Lakers,4,11,44,Missed Shot,Fadeaway Jump Shot,2PT Field Goal,Mid-Range,Right Side(R),8-16 ft.,13,127,47,1,0,20251123,UTA,LAL
Shot Chart Detail,0022500282,538,2544,LeBron James,1610612747,Los Angeles Lakers,4,10,24,Missed Shot,Fadeaway Jump Shot,2PT Field Goal,Mid-Range,Left Side(L),8-16 ft.,13,-105,80,1,0,20251123,UTA,LAL
Shot Chart Detail,0022500282,559,2544,LeBron James,1610612747,Los Angeles Lakers,4,9,32,Made Shot,Running Layup Shot,2PT Field Goal,Restricted Area,Center(C),Less Than 8 ft.,3,29,20,1,1,20251123,UTA,LAL
Shot Chart Detail,0022500282,627,2544,LeBron James,1610612747,Los Angeles Lakers,4,5,6,Made Shot,Driving Layup Shot,2PT Field Goal,In The Paint (Non-RA),Center(C),Less Than 8 ft.,4,-27,38,1,1,20251123,UTA,LAL
Shot Chart Detail,0022500282,666,2544,LeBron James,1610612747,Los Angeles Lakers,4,0,46,Missed Shot,Jump Shot,3PT Field Goal,Above the Break 3,Right Side Center(RC),24+ ft.,26,86,246,1,0,20251123,UTA,LAL
Shot Chart Detail,0022500317,61,2544,LeBron James,1610612747,Los Angeles Lakers,1,6,20,Made Shot,Driving Floating Jump Shot,2PT Field Goal,In The Paint (Non-RA),Center(C),8-16 ft.,9,49,87,1,1,20251201,LAL,PHX
Shot Chart Detail,0022500317,171,2544,LeBron James,1610612747,Los Angeles Lakers,2,11,47,Made Shot,Turnaround Fadeaway shot,2PT Field Goal,Mid-Range,Left Side(L),8-16 ft.,15,-158,10,1,1,20251201,LAL,PHX
Shot Chart Detail,0022500317,214,2544,LeBron James,1610612747,Los Angeles Lakers,2,7,41,Missed Shot,Jump Shot,3PT Field Goal,Right Corner 3,Right Side(R),24+ ft.,23,230,34,1,0,20251201,LAL,PHX
Shot Chart Detail,0022500317,318,2544,LeBron James,1610612747,Los Angeles Lakers,2,0,13,Missed Shot,Turnaround Jump Shot,2PT Field Goal,In The Paint (Non-RA),Center(C),8-16 ft.,8,-6,82,1,0,20251201,LAL,PHX
Shot Chart Detail,0022500317,333,2544,LeBron James,1610612747,Los Angeles Lakers,3,11,3,Missed Shot,Driving Floating Jump Shot,2PT Field Goal,In The Paint (Non-RA),Center(C),Less Than 8 ft.,5,32,40,1,0,20251201,LAL,PHX
Shot Chart Detail,0022500317,389,2544,LeBron James,1610612747,Los Angeles Lakers,3,6,34,Missed Shot,Turnaround Jump Shot,2PT Field Goal,Mid-Range,Left Side(L),8-16 ft.,11,-100,54,1,0,20251201,LAL,PHX
Shot Chart Detail,0022500317,449,2544,LeBron James,1610612747,Los Angeles Lakers,3,2,15,Missed Shot,Jump Shot,3PT Field Goal,Above the Break 3,Center(C),24+ ft.,25,59,248,1,0,20251201,LAL,PHX
Shot Chart Detail,0022500317,534,2544,LeBron James,1610612747,Los Angeles Lakers,4,7,19,Missed Shot,Driving Floating Bank Jump Shot,2PT Field Goal,In The Paint (Non-RA),Center(C),Less Than 8 ft.,7,43,57,1,0,20251201,LAL,PHX
Shot Chart Detail,0022500317,537,2544,LeBron James,1610612747,Los Angeles Lakers,4,6,51,Made Shot,Step Back Jump shot,3PT Field Goal,Above the Break 3,Left Side Center(LC),24+ ft.,27,-99,260,1,1,20251201,LAL,PHX
Shot Chart Detail,0022500317,540,2544,LeBron James,1610612747,Los Angeles Lakers,4,6,20,Missed Shot,Pullup Jump shot,3PT Field Goal,Above the Break 3,Left Side Center(LC),24+ ft.,26,-148,217,1,0,20251201,LAL,PHX
Shot Chart Detail,0022500336,49,2544,LeBron James,1610612747,Los Angeles Lakers,1,7,45,Missed Shot,Fadeaway Jump Shot,2PT Field Goal,Mid-Range,Left Side(L),8-16 ft.,13,-131,16,1,0,20251204,TOR,LAL
Shot Chart Detail,0022500336,61,2544,LeBron James,1610612747,Los Angeles Lakers,1,6,45,Missed Shot,Driving Floating Bank Jump Shot,2PT Field Goal,In The Paint (Non-RA),Center(C),Less Than 8 ft.,6,-53,40,1,0,20251204,TOR,LAL
Shot Chart Detail,0022500336,81,2544,LeBron James,1610612747,Los Angeles Lakers,1,5,30,Missed Shot,Running Finger Roll Layup Shot,2PT Field Goal,Restricted Area,Center(C),Less Than 8 ft.,1,12,3,1,0,20251204,TOR,LAL
Shot Chart Detail,0022500336,91,2544,LeBron James,1610612747,Los Angeles Lakers,1,4,18,Missed Shot,Jump Shot,3PT Field Goal,Above the Break 3,Left Side Center(LC),24+ ft.,26,-88,250,1,0,20251204,TOR,LAL
Shot Chart Detail,0022500336,148,2544,LeBron James,1610612747,Los Angeles Lakers,1,0,59,Missed Shot,Driving Layup Shot,2PT Field Goal,Restricted Area,Center(C),Less Than 8 ft.,3,-31,16,1,0,20251204,TOR,LAL
Shot Chart Detail,0022500336,198,2544,LeBron James,1610612747,Los Angeles Lakers,2,10,23,Missed Shot,Jump Shot,3PT Field Goal,Above the Break 3,Right Side Center(RC),24+ ft.,26,108,241,1,0,20251204,TOR,LAL
Shot Chart Detail,0022500336,215,2544,LeBron James,1610612747,Los Angeles Lakers,2,9,32,Made Shot,Driving Layup Shot,2PT Field Goal,Restricted Area,Center(C),Less Than 8 ft.,0,-9,-1,1,1,20251204,TOR,LAL
Shot Chart Detail,0022500336,251,2544,LeBron James,1610612747,Los Angeles Lakers,2,7,4,Missed Shot,Driving Layup Shot,2PT Field Goal,Restricted Area,Center(C),Less Than 8 ft.,3,38,9,1,0,20251204,TOR,LAL
Shot Chart Detail,0022500336,338,2544,LeBron James,1610612747,Los Angeles Lakers,2,0,28,Made Shot,Turnaround Fadeaway shot,2PT Field Goal,In The Paint (Non-RA),Center(C),8-16 ft.,12,5,129,1,1,20251204,TOR,LAL
Shot Chart Detail,0022500336,408,2544,LeBron James,1610612747,Los Angeles Lakers,3,7,32,Missed Shot,Driving Layup Shot,2PT Field Goal,Restricted Area,Center(C),Less Than 8 ft.,1,-10,12,1,0,20251204,TOR,LAL
Shot Chart Detail,0022500336,449,2544,LeBron James,1610612747,Los Angeles Lakers,3,4,9,Made Shot,Running Finger Roll Layup Shot,2PT Field Goal,Restricted Area,Center(C),Less Than 8 ft.,0,6,7,1,1,20251204,TOR,LAL
Shot Chart Detail,0022500336,529,2544,LeBron James,1610612747,Los Angeles Lakers,4,11,39,Missed Shot,Step Back Jump shot,3PT Field Goal,Above the Break 3,Center(C),24+ ft.,27,-74,262,1,0,20251204,TOR,LAL
Shot Chart Detail,0022500336,531,2544,LeBron James,1610612747,Los Angeles Lakers,4,11,33,Missed Shot,Jump Shot,3PT Field Goal,Above the Break 3,Left Side Center(LC),24+ ft.,25,-190,165,1,0,20251204,TOR,LAL
Shot Chart Detail,0022500336,546,2544,LeBron James,1610612747,Los Angeles Lakers,4,10,29,Missed Shot,Driving Layup Shot,2PT Field Goal,Restricted Area,Center(C),Less Than 8 ft.,2,22,4,1,0,20251204,TOR,LAL
Shot Chart Detail,0022500336,596,2544,LeBron James,1610612747,Los Angeles Lakers,4,6,57,Missed Shot,Jump Shot,3PT Field Goal,Right Corner 3,Right Side(R),24+ ft.,25,245,62,1,0,20251204,TOR,LAL
Shot Chart Detail,0022500336,668,2544,LeBron James,1610612747,Los Angeles Lakers,4,1,46,Made Shot,Running Finger Roll Layup Shot,2PT Field Goal,Restricted Area,Center(C),Less Than 8 ft.,3,-22,27,1,1,20251204,TOR,LAL
Shot Chart Detail,0022500336,672,2544,LeBron James,1610612747,Los Angeles Lakers,4,1,1,Missed Shot,Turnaround Fadeaway shot,2PT Field Goal,Mid-Range,Right Side(R),8-16 ft.,13,110,79,1,0,20251204,TOR,LAL
Shot Chart Detail,0022500362,22,2544,LeBron James,1610612747,Los Angeles Lakers,1,10,24,Made Shot,Turnaround Hook Shot,2PT Field Goal,In The Paint (Non-RA),Center(C),8-16 ft.,9,-44,85,1,1,20251207,PHI,LAL
Shot Chart Detail,0022500362,47,2544,LeBron James,1610612747,Los Angeles Lakers,1,7,48,Missed Shot,Jump Shot,3PT Field Goal,Left Corner 3,Left Side(L),24+ ft.,23,-229,-22,1,0,20251207,PHI,LAL
Shot Chart Detail,0022500362,140,2544,LeBron James,1610612747,Los Angeles Lakers,1,1,53,Missed Shot,Running Finger Roll Layup Shot,2PT Field Goal,Restricted Area,Center(C),Less Than 8 ft.,0,-7,4,1,0,20251207,PHI,LAL
Shot Chart Detail,0022500362,144,2544,LeBron James,1610612747,Los Angeles Lakers,1,1,39,Made Shot,Running Finger Roll Layup Shot,2PT Field Goal,Restricted Area,Center(C),Less Than 8 ft.,1,1,10,1,1,20251207,PHI,LAL
Shot Chart Detail,0022500362,153,2544,LeBron James,1610612747,Los Angeles Lakers,1,0,55,Made Shot,Running Dunk Shot,2PT Field Goal,Restricted Area,Center(C),Less Than 8 ft.,0,0,-5,1,1,20251207,PHI,LAL
Shot Chart Detail,0022500362,203,2544,LeBron James,1610612747,Los Angeles Lakers,2,9,59,Made Shot,Running Pull-Up Jump Shot,3PT Field Goal,Above the Break 3,Left Side Center(LC),24+ ft.,28,-203,204,1,1,20251207,PHI,LAL
Shot Chart Detail,0022500362,312,2544,LeBron James,1610612747,Los Angeles Lakers,2,2,52,Missed Shot,Pullup Jump shot,3PT Field Goal,Above the Break 3,Center(C),24+ ft.,27,51,275,1,0,20251207,PHI,LAL
Shot Chart Detail,0022500362,356,2544,LeBron James,1610612747,Los Angeles Lakers,2,0,48,Missed Shot,Driving Finger Roll Layup Shot,2PT Field Goal,In The Paint (Non-RA),Center(C),Less Than 8 ft.,5,-6,54,1,0,20251207,PHI,LAL
Shot Chart Detail,0022500362,376,2544,LeBron James,1610612747,Los Angeles Lakers,3,11,21,Made Shot,Turnaround Fadeaway shot,2PT Field Goal,Mid-Range,Center(C),16-24 ft.,18,2,182,1,1,20251207,PHI,LAL
Shot Chart Detail,0022500362,385,2544,LeBron James,1610612747,Los Angeles Lakers,3,10,26,Made Shot,Fadeaway Jump Shot,2PT Field Goal,In The Paint (Non-RA),Center(C),8-16 ft.,13,-56,121,1,1,20251207,PHI,LAL
Shot Chart Detail,0022500362,394,2544,LeBron James,1610612747,Los Angeles Lakers,3,9,32,Made Shot,Jump Shot,3PT Field Goal,Above the Break 3,Center(C),24+ ft.,26,81,255,1,1,20251207,PHI,LAL
Shot Chart Detail,0022500362,543,2544,LeBron James,1610612747,Los Angeles Lakers,4,10,58,Missed Shot,Floating Jump shot,2PT Field Goal,In The Paint (Non-RA),Center(C),8-16 ft.,11,7,110,1,0,20251207,PHI,LAL
Shot Chart Detail,0022500362,569,2544,LeBron James,1610612747,Los Angeles Lakers,4,8,41,Made Shot,Driving Layup Shot,2PT Field Goal,Restricted Area,Center(C),Less Than 8 ft.,1,16,-2,1,1,20251207,PHI,LAL
Shot Chart Detail,0022500362,632,2544,LeBron James,1610612747,Los Angeles Lakers,4,4,25,Made Shot,Jump Shot,2PT Field Goal,Mid-Range,Center(C),16-24 ft.,22,-9,224,1,1,20251207,PHI,LAL
Shot Chart Detail,0022500362,636,2544,LeBron James,1610612747,Los Angeles Lakers,4,3,43,Made Shot,Jump Shot,3PT Field Goal,Above the Break 3,Center(C),24+ ft.,26,-77,252,1,1,20251207,PHI,LAL
Shot Chart Detail,0022500362,664,2544,LeBron James,1610612747,Los Angeles Lakers,4,1,12,Made Shot,Jump Shot,3PT Field Goal,Above the Break 3,Left Side Center(LC),24+ ft.,27,-86,256,1,1,20251207,PHI,LAL
Shot Chart Detail,0022500362,670,2544,LeBron James,1610612747,Los Angeles Lakers,4,0,27,Made Shot,Fadeaway Jump Shot,2PT Field Goal,Mid-Range,Left Side Center(LC),16-24 ft.,20,-153,130,1,1,20251207,PHI,LAL
Shot Chart Detail,0022500379,31,2544,LeBron James,1610612747,Los Angeles Lakers,1,9,26,Made Shot,Driving Layup Shot,2PT Field Goal,In The Paint (Non-RA),Center(C),Less Than 8 ft.,4,32,32,1,1,20251218,UTA,LAL
Shot Chart Detail,0022500379,47,2544,LeBron James,1610612747,Los Angeles Lakers,1,7,59,Missed Shot,Turnaround Jump Shot,2PT Field Goal,Mid-Range,Left Side(L),8-16 ft.,13,-136,14,1,0,20251218,UTA,LAL
Shot Chart Detail,0022500379,53,2544,LeBron James,1610612747,Los Angeles Lakers,1,7,21,Made Shot,Running Layup Shot,2PT Field Goal,Restricted Area,Center(C),Less Than 8 ft.,3,31,15,1,1,20251218,UTA,LAL
Shot Chart Detail,0022500379,76,2544,LeBron James,1610612747,Los Angeles Lakers,1,5,51,Missed Shot,Tip Layup Shot,2PT Field Goal,Restricted Area,Center(C),Less Than 8 ft.,0,0,0,1,0,20251218,UTA,LAL
Shot Chart Detail,0022500379,215,2544,LeBron James,1610612747,Los Angeles Lakers,2,9,59,Missed Shot,Jump Shot,3PT Field Goal,Above the Break 3,Left Side Center(LC),24+ ft.,25,-109,226,1,0,20251218,UTA,LAL
Shot Chart Detail,0022500379,239,2544,LeBron James,1610612747,Los Angeles Lakers,2,8,45,Made Shot,Running Layup Shot,2PT Field Goal,Restricted Area,Center(C),Less Than 8 ft.,3,31,22,1,1,20251218,UTA,LAL
Shot Chart Detail,0022500379,248,2544,LeBron James,1610612747,Los Angeles Lakers,2,8,21,Made Shot,Driving Layup Shot,2PT Field Goal,Restricted Area,Center(C),Less Than 8 ft.,3,-36,16,1,1,20251218,UTA,LAL
Shot Chart Detail,0022500379,268,2544,LeBron James,1610612747,Los Angeles Lakers,2,7,10,Missed Shot,Turnaround Jump Shot,2PT Field Goal,In The Paint (Non-RA),Center(C),Less Than 8 ft.,7,9,74,1,0,20251218,UTA,LAL
Shot Chart Detail,0022500379,273,2544,LeBron James,1610612747,Los Angeles Lakers,2,6,33,Made Shot,Driving Reverse Layup Shot,2PT Field Goal,Restricted Area,Center(C),Less Than 8 ft.,2,-22,20,1,1,20251218,UTA,LAL
Shot Chart Detail,0022500379,432,2544,LeBron James,1610612747,Los Angeles Lakers,3,8,21,Made Shot,Running Dunk Shot,2PT Field Goal,Restricted Area,Center(C),Less Than 8 ft.,2,25,10,1,1,20251218,UTA,LAL
Shot Chart Detail,0022500379,546,2544,LeBron James,1610612747,Los Angeles Lakers,3,0,48,Missed Shot,Jump Shot,3PT Field Goal,Above the Break 3,Left Side Center(LC),24+ ft.,27,-202,181,1,0,20251218,UTA,LAL
Shot Chart Detail,0022500379,576,2544,LeBron James,1610612747,Los Angeles Lakers,4,11,42,Made Shot,Pullup Jump shot,2PT Field Goal,Mid-Range,Center(C),16-24 ft.,17,-12,176,1,1,20251218,UTA,LAL
Shot Chart Detail,0022500379,579,2544,LeBron James,1610612747,Los Angeles Lakers,4,11,5,Missed Shot,Pullup Jump shot,3PT Field Goal,Above the Break 3,Left Side Center(LC),24+ ft.,25,-157,207,1,0,20251218,UTA,LAL
Shot Chart Detail,0022500379,581,2544,LeBron James,1610612747,Los Angeles Lakers,4,11,0,Made Shot,Cutting Dunk Shot,2PT Field Goal,In The Paint (Non-RA),Center(C),Less Than 8 ft.,6,-34,55,1,1,20251218,UTA,LAL
Shot Chart Detail,0022500379,614,2544,LeBron James,1610612747,Los Angeles Lakers,4,8,48,Missed Shot,Jump Shot,3PT Field Goal,Above the Break 3,Left Side Center(LC),24+ ft.,28,-224,170,1,0,20251218,UTA,LAL
Shot Chart Detail,0022500379,708,2544,LeBron James,1610612747,Los Angeles Lakers,4,2,52,Missed Shot,Turnaround Fadeaway shot,2PT Field Goal,Mid-Range,Left Side(L),8-16 ft.,13,-91,106,1,0,20251218,UTA,LAL
Shot Chart Detail,0022500379,718,2544,LeBron James,1610612747,Los Angeles Lakers,4,1,42,Missed Shot,Pullup Jump shot,3PT Field Goal,Above the Break 3,Left Side Center(LC),24+ ft.,27,-202,186,1,0,20251218,UTA,LAL
Shot Chart Detail,0022500395,22,2544,LeBron James,1610612747,Los Angeles Lakers,1,10,26,Missed Shot,Jump Shot,3PT Field Goal,Above the Break 3,Left Side Center(LC),24+ ft.,24,-159,188,1,0,20251220,LAC,LAL
Shot Chart Detail,0022500395,32,2544,LeBron James,1610612747,Los Angeles Lakers,1,9,19,Missed Shot,Jump Shot,2PT Field Goal,Mid-Range,Right Side(R),16-24 ft.,21,196,82,1,0,20251220,LAC,LAL
Shot Chart Detail,0022500395,34,2544,LeBron James,1610612747,Los Angeles Lakers,1,9,7,Missed Shot,Fadeaway Jump Shot,2PT Field Goal,Mid-Range,Right Side(R),16-24 ft.,17,162,56,1,0,20251220,LAC,LAL
Shot Chart Detail,0022500395,47,2544,LeBron James,1610612747,Los Angeles Lakers,1,8,8,Made Shot,Step Back Jump shot,3PT Field Goal,Right Corner 3,Right Side(R),24+ ft.,24,229,74,1,1,20251220,LAC,LAL
Shot Chart Detail,0022500395,49,2544,LeBron James,1610612747,Los Angeles Lakers,1,7,34,Made Shot,Cutting Dunk Shot,2PT Field Goal,Restricted Area,Center(C),Less Than 8 ft.,1,-9,9,1,1,20251220,LAC,LAL
Shot Chart Detail,0022500395,53,2544,LeBron James,1610612747,Los Angeles Lakers,1,7,10,Made Shot,Running Dunk Shot,2PT Field Goal,Restricted Area,Center(C),Less Than 8 ft.,1,9,10,1,1,20251220,LAC,LAL
Shot Chart Detail,0022500395,128,2544,LeBron James,1610612747,Los Angeles Lakers,1,2,8,Missed Shot,Pullup Jump shot,3PT Field Goal,Above the Break 3,Left Side Center(LC),24+ ft.,24,-134,211,1,0,20251220,LAC,LAL
Shot Chart Detail,0022500395,166,2544,LeBron James,1610612747,Los Angeles Lakers,2,11,17,Made Shot,Pullup Jump shot,2PT Field Goal,Mid-Range,Left Side Center(LC),16-24 ft.,19,-96,166,1,1,20251220,LAC,LAL
Shot Chart Detail,0022500395,169,2544,LeBron James,1610612747,Los Angeles Lakers,2,10,39,Missed Shot,Driving Layup Shot,2PT Field Goal,In The Paint (Non-RA),Center(C),Less Than 8 ft.,5,9,57,1,0,20251220,LAC,LAL
Shot Chart Detail,0022500395,190,2544,LeBron James,1610612747,Los Angeles Lakers,2,9,22,Missed Shot,Fadeaway Jump Shot,2PT Field Goal,In The Paint (Non-RA),Center(C),8-16 ft.,8,-42,74,1,0,20251220,LAC,LAL
Shot Chart Detail,0022500395,194,2544,LeBron James,1610612747,Los Angeles Lakers,2,9,9,Made Shot,Driving Dunk Shot,2PT Field Goal,Restricted Area,Center(C),Less Than 8 ft.,0,-2,8,1,1,20251220,LAC,LAL
Shot Chart Detail,0022500395,205,2544,LeBron James,1610612747,Los Angeles Lakers,2,8,17,Made Shot,Cutting Layup Shot,2PT Field Goal,Restricted Area,Center(C),Less Than 8 ft.,2,-29,1,1,1,20251220,LAC,LAL
Shot Chart Detail,0022500395,280,2544,LeBron James,1610612747,Los Angeles Lakers,2,2,44,Missed Shot,Driving Layup Shot,2PT Field Goal,Restricted Area,Center(C),Less Than 8 ft.,2,-22,8,1,0,20251220,LAC,LAL
Shot Chart Detail,0022500395,303,2544,LeBron James,1610612747,Los Angeles Lakers,2,1,30,Made Shot,Driving Layup Shot,2PT Field Goal,Restricted Area,Center(C),Less Than 8 ft.,1,17,5,1,1,20251220,LAC,LAL
Shot Chart Detail,0022500395,313,2544,LeBron James,1610612747,Los Angeles Lakers,2,1,7,Missed Shot,Jump Shot,3PT Field Goal,Above the Break 3,Left Side Center(LC),24+ ft.,24,-96,229,1,0,20251220,LAC,LAL
Shot Chart Detail,0022500395,321,2544,LeBron James,1610612747,Los Angeles Lakers,2,0,8,Missed Shot,Driving Layup Shot,2PT Field Goal,Restricted Area,Center(C),Less Than 8 ft.,3,-34,11,1,0,20251220,LAC,LAL
Shot Chart Detail,0022500395,388,2544,LeBron James,1610612747,Los Angeles Lakers,3,11,32,Missed Shot,Tip Layup Shot,2PT Field Goal,Restricted Area,Center(C),Less Than 8 ft.,0,8,-3,1,0,20251220,LAC,LAL
Shot Chart Detail,0022500395,352,2544,LeBron James,1610612747,Los Angeles Lakers,3,10,20,Made Shot,Driving Layup Shot,2PT Field Goal,Restricted Area,Center(C),Less Than 8 ft.,3,-29,17,1,1,20251220,LAC,LAL
Shot Chart Detail,0022500395,357,2544,LeBron James,1610612747,Los Angeles Lakers,3,9,19,Made Shot,Driving Hook Shot,2PT Field Goal,In The Paint (Non-RA),Center(C),Less Than 8 ft.,5,0,57,1,1,20251220,LAC,LAL
Shot Chart Detail,0022500395,394,2544,LeBron James,1610612747,Los Angeles Lakers,3,6,25,Made Shot,Driving Layup Shot,2PT Field Goal,Restricted Area,Center(C),Less Than 8 ft.,3,-25,18,1,1,20251220,LAC,LAL
Shot Chart Detail,0022500395,407,2544,LeBron James,1610612747,Los Angeles Lakers,3,5,7,Missed Shot,Driving Layup Shot,2PT Field Goal,Restricted Area,Center(C),Less Than 8 ft.,1,12,11,1,0,20251220,LAC,LAL
Shot Chart Detail,0022500395,483,2544,LeBron James,1610612747,Los Angeles Lakers,3,1,0,Made Shot,Running Reverse Dunk Shot,2PT Field Goal,Restricted Area,Center(C),Less Than 8 ft.,1,6,8,1,1,20251220,LAC,LAL
Shot Chart Detail,0022500395,505,2544,LeBron James,1610612747,Los Angeles Lakers,4,11,15,Made Shot,Driving Layup Shot,2PT Field Goal,Restricted Area,Center(C),Less Than 8 ft.,2,-11,18,1,1,20251220,LAC,LAL
Shot Chart Detail,0022500395,523,2544,LeBron James,1610612747,Los Angeles Lakers,4,9,47,Made Shot,Driving Layup Shot,2PT Field Goal,Restricted Area,Center(C),Less Than 8 ft.,3,20,23,1,1,20251220,LAC,LAL
Shot Chart Detail,0022500395,542,2544,LeBron James,1610612747,Los Angeles Lakers,4,8,32,Missed Shot,Running Jump Shot,3PT Field Goal,Left Corner 3,Left Side(L),24+ ft.,23,-230,28,1,0,20251220,LAC,LAL
Shot Chart Detail,0022500395,602,2544,LeBron James,1610612747,Los Angeles Lakers,4,3,11,Made Shot,Jump Shot,3PT Field Goal,Above the Break 3,Left Side Center(LC),24+ ft.,26,-112,235,1,1,20251220,LAC,LAL
Shot Chart Detail,0022500395,622,2544,LeBron James,1610612747,Los Angeles Lakers,4,1,57,Made Shot,Jump Shot,3PT Field Goal,Above the Break 3,Center(C),24+ ft.,26,11,264,1,1,20251220,LAC,LAL
Shot Chart Detail,0022500395,630,2544,LeBron James,1610612747,Los Angeles Lakers,4,1,26,Missed Shot,Pullup Jump shot,2PT Field Goal,Mid-Range,Center(C),16-24 ft.,19,-4,196,1,0,20251220,LAC,LAL
Shot Chart Detail,0022500418,18,2544,LeBron James,1610612747,Los Angeles Lakers,1,10,11,Made Shot,Turnaround Fadeaway Bank Jump Shot,2PT Field Goal,Mid-Range,Right Side(R),16-24 ft.,16,142,74,1,1,20251223,PHX,LAL
Shot Chart Detail,0022500418,36,2544,LeBron James,1610612747,Los Angeles Lakers,1,8,42,Missed Shot,Driving Floating Jump Shot,2PT Field Goal,In The Paint (Non-RA),Center(C),Less Than 8 ft.,6,-39,46,1,0,20251223,PHX,LAL
Shot Chart Detail,0022500418,47,2544,LeBron James,1610612747,Los Angeles Lakers,1,8,5,Missed Shot,Jump Shot,3PT Field Goal,Above the Break 3,Center(C),24+ ft.,28,39,284,1,0,20251223,PHX,LAL
Shot Chart Detail,0022500418,152,2544,LeBron James,1610612747,Los Angeles Lakers,1,0,28,Missed Shot,Turnaround Fadeaway shot,2PT Field Goal,In The Paint (Non-RA),Center(C),8-16 ft.,10,11,108,1,0,20251223,PHX,LAL
Shot Chart Detail,0022500418,168,2544,LeBron James,1610612747,Los Angeles Lakers,2,11,8,Made Shot,Turnaround Fadeaway shot,2PT Field Goal,In The Paint (Non-RA),Center(C),Less Than 8 ft.,6,-29,55,1,1,20251223,PHX,LAL
Shot Chart Detail,0022500418,216,2544,LeBron James,1610612747,Los Angeles Lakers,2,7,34,Made Shot,Pullup Jump shot,3PT Field Goal,Above the Break 3,Right Side Center(RC),24+ ft.,26,213,151,1,1,20251223,PHX,LAL
Shot Chart Detail,0022500418,293,2544,LeBron James,1610612747,Los Angeles Lakers,2,2,23,Made Shot,Turnaround Fadeaway shot,2PT Field Goal,Mid-Range,Left Side(L),8-16 ft.,13,-120,69,1,1,20251223,PHX,LAL
Shot Chart Detail,0022500418,300,2544,LeBron James,1610612747,Los Angeles Lakers,2,1,35,Made Shot,Step Back Jump shot,3PT Field Goal,Above the Break 3,Left Side Center(LC),24+ ft.,27,-164,224,1,1,20251223,PHX,LAL
Shot Chart Detail,0022500418,316,2544,LeBron James,1610612747,Los Angeles Lakers,2,0,22,Missed Shot,Running Pull-Up Jump Shot,3PT Field Goal,Above the Break 3,Left Side Center(LC),24+ ft.,24,-86,231,1,0,20251223,PHX,LAL
Shot Chart Detail,0022500418,319,2544,LeBron James,1610612747,Los Angeles Lakers,2,0,9,Missed Shot,Turnaround Fadeaway shot,2PT Field Goal,Mid-Range,Left Side(L),8-16 ft.,15,-151,22,1,0,20251223,PHX,LAL
Shot Chart Detail,0022500418,334,2544,LeBron James,1610612747,Los Angeles Lakers,2,0,2,Missed Shot,Driving Layup Shot,2PT Field Goal,Restricted Area,Center(C),Less Than 8 ft.,2,-4,29,1,0,20251223,PHX,LAL
Shot Chart Detail,0022500418,372,2544,LeBron James,1610612747,Los Angeles Lakers,3,10,23,Missed Shot,Jump Shot,2PT Field Goal,Mid-Range,Left Side Center(LC),16-24 ft.,19,-135,141,1,0,20251223,PHX,LAL
Shot Chart Detail,0022500418,412,2544,LeBron James,1610612747,Los Angeles Lakers,3,6,55,Made Shot,Turnaround Jump Shot,3PT Field Goal,Above the Break 3,Left Side Center(LC),24+ ft.,24,-213,125,1,1,20251223,PHX,LAL
Shot Chart Detail,0022500418,429,2544,LeBron James,1610612747,Los Angeles Lakers,3,5,28,Made Shot,Driving Floating Jump Shot,2PT Field Goal,In The Paint (Non-RA),Center(C),8-16 ft.,11,-54,100,1,1,20251223,PHX,LAL
Shot Chart Detail,0022500446,7,2544,LeBron James,1610612747,Los Angeles Lakers,1,11,38,Made Shot,Driving Reverse Layup Shot,2PT Field Goal,Restricted Area,Center(C),Less Than 8 ft.,1,-12,14,1,1,20251228,LAL,SAC
Shot Chart Detail,0022500446,23,2544,LeBron James,1610612747,Los Angeles Lakers,1,9,45,Made Shot,Reverse Layup Shot,2PT Field Goal,Restricted Area,Center(C),Less Than 8 ft.,1,9,15,1,1,20251228,LAL,SAC
Shot Chart Detail,0022500446,33,2544,LeBron James,1610612747,Los Angeles Lakers,1,8,58,Made Shot,Running Alley Oop Dunk Shot,2PT Field Goal,Restricted Area,Center(C),Less Than 8 ft.,1,-4,15,1,1,20251228,LAL,SAC
Shot Chart Detail,0022500446,41,2544,LeBron James,1610612747,Los Angeles Lakers,1,8,8,Missed Shot,Pullup Jump shot,3PT Field Goal,Above the Break 3,Left Side Center(LC),24+ ft.,26,-135,230,1,0,20251228,LAL,SAC
Shot Chart Detail,0022500446,145,2544,LeBron James,1610612747,Los Angeles Lakers,1,1,43,Made Shot,Turnaround Fadeaway shot,2PT Field Goal,Mid-Range,Left Side(L),8-16 ft.,14,-143,38,1,1,20251228,LAL,SAC
Shot Chart Detail,0022500446,158,2544,LeBron James,1610612747,Los Angeles Lakers,1,0,0,Made Shot,Pullup Jump shot,2PT Field Goal,Mid-Range,Center(C),16-24 ft.,22,-54,215,1,1,20251228,LAL,SAC
Shot Chart Detail,0022500446,222,2544,LeBron James,1610612747,Los Angeles Lakers,2,7,43,Made Shot,Running Reverse Dunk Shot,2PT Field Goal,Restricted Area,Center(C),Less Than 8 ft.,1,-6,14,1,1,20251228,LAL,SAC
Shot Chart Detail,0022500446,355,2544,LeBron James,1610612747,Los Angeles Lakers,3,10,28,Made Shot,Alley Oop Dunk Shot,2PT Field Goal,Restricted Area,Center(C),Less Than 8 ft.,0,-6,7,1,1,20251228,LAL,SAC
Shot Chart Detail,0022500446,370,2544,LeBron James,1610612747,Los Angeles Lakers,3,9,6,Made Shot,Step Back Jump shot,2PT Field Goal,Mid-Range,Right Side Center(RC),16-24 ft.,17,123,130,1,1,20251228,LAL,SAC
Shot Chart Detail,0022500446,378,2544,LeBron James,1610612747,Los Angeles Lakers,3,8,32,Made Shot,Running Pull-Up Jump Shot,3PT Field Goal,Above the Break 3,Left Side Center(LC),24+ ft.,27,-151,226,1,1,20251228,LAL,SAC
Shot Chart Detail,0022500446,545,2544,LeBron James,1610612747,Los Angeles Lakers,4,8,29,Made Shot,Driving Floating Jump Shot,2PT Field Goal,In The Paint (Non-RA),Center(C),Less Than 8 ft.,6,-7,65,1,1,20251228,LAL,SAC
Shot Chart Detail,0022500446,581,2544,LeBron James,1610612747,Los Angeles Lakers,4,6,8,Missed Shot,Running Layup Shot,2PT Field Goal,Restricted Area,Center(C),Less Than 8 ft.,3,36,8,1,0,20251228,LAL,SAC
Shot Chart Detail,0022500446,585,2544,LeBron James,1610612747,Los Angeles Lakers,4,5,56,Made Shot,Running Dunk Shot,2PT Field Goal,Restricted Area,Center(C),Less Than 8 ft.,0,-4,6,1,1,20251228,LAL,SAC
Shot Chart Detail,0022500460,30,2544,LeBron James,1610612747,Los Angeles Lakers,1,9,50,Made Shot,Running Reverse Layup Shot,2PT Field Goal,Restricted Area,Center(C),Less Than 8 ft.,1,-9,16,1,1,20251230,LAL,DET
Shot Chart Detail,0022500460,143,2544,LeBron James,1610612747,Los Angeles Lakers,1,2,7,Made Shot,Turnaround Fadeaway shot,2PT Field Goal,Mid-Range,Left Side(L),8-16 ft.,15,-153,32,1,1,20251230,LAL,DET
Shot Chart Detail,0022500460,192,2544,LeBron James,1610612747,Los Angeles Lakers,2,11,46,Missed Shot,Jump Shot,2PT Field Goal,Mid-Range,Center(C),16-24 ft.,20,-45,205,1,0,20251230,LAL,DET
Shot Chart Detail,0022500460,223,2544,LeBron James,1610612747,Los Angeles Lakers,2,9,26,Missed Shot,Running Jump Shot,3PT Field Goal,Above the Break 3,Right Side Center(RC),24+ ft.,26,179,200,1,0,20251230,LAL,DET
Shot Chart Detail,0022500460,230,2544,LeBron James,1610612747,Los Angeles Lakers,2,9,5,Made Shot,Jump Shot,3PT Field Goal,Above the Break 3,Left Side Center(LC),24+ ft.,27,-116,247,1,1,20251230,LAL,DET
Shot Chart Detail,0022500460,256,2544,LeBron James,1610612747,Los Angeles Lakers,2,7,19,Made Shot,Jump Shot,3PT Field Goal,Left Corner 3,Left Side(L),24+ ft.,23,-228,55,1,1,20251230,LAL,DET
Shot Chart Detail,0022500460,337,2544,LeBron James,1610612747,Los Angeles Lakers,2,2,6,Missed Shot,Turnaround Fadeaway shot,2PT Field Goal,Mid-Range,Right Side(R),8-16 ft.,12,114,40,1,0,20251230,LAL,DET
Shot Chart Detail,0022500460,355,2544,LeBron James,1610612747,Los Angeles Lakers,2,0,55,Made Shot,Pullup Jump shot,3PT Field Goal,Above the Break 3,Right Side Center(RC),24+ ft.,27,158,227,1,1,20251230,LAL,DET
Shot Chart Detail,0022500460,372,2544,LeBron James,1610612747,Los Angeles Lakers,2,0,0,Missed Shot,Fadeaway Jump Shot,3PT Field Goal,Right Corner 3,Right Side(R),24+ ft.,23,237,-11,1,0,20251230,LAL,DET
Shot Chart Detail,0022500460,410,2544,LeBron James,1610612747,Los Angeles Lakers,3,9,1,Missed Shot,Step Back Jump shot,3PT Field Goal,Above the Break 3,Right Side Center(RC),24+ ft.,24,173,176,1,0,20251230,LAL,DET
Shot Chart Detail,0022500460,425,2544,LeBron James,1610612747,Los Angeles Lakers,3,8,12,Made Shot,Running Layup Shot,2PT Field Goal,Restricted Area,Center(C),Less Than 8 ft.,1,7,-13,1,1,20251230,LAL,DET
Shot Chart Detail,0022500460,541,2544,LeBron James,1610612747,Los Angeles Lakers,3,1,3,Missed Shot,Jump Shot,3PT Field Goal,Above the Break 3,Left Side Center(LC),24+ ft.,27,-210,183,1,0,20251230,LAL,DET
Shot Chart Detail,0022500460,545,2544,LeBron James,1610612747,Los Angeles Lakers,3,0,53,Missed Shot,Step Back Jump shot,3PT Field Goal,Left Corner 3,Left Side(L),24+ ft.,23,-235,6,1,0,20251230,LAL,DET
Shot Chart Detail,0022500460,550,2544,LeBron James,1610612747,Los Angeles Lakers,3,0,25,Missed Shot,Cutting Finger Roll Layup Shot,2PT Field Goal,Restricted Area,Center(C),Less Than 8 ft.,3,-12,32,1,0,20251230,LAL,DET
Shot Chart Detail,0022500460,577,2544,LeBron James,1610612747,Los Angeles Lakers,4,10,31,Missed Shot,Running Layup Shot,2PT Field Goal,In The Paint (Non-RA),Center(C),Less Than 8 ft.,5,38,33,1,0,20251230,LAL,DET
Shot Chart Detail,0022500460,591,2544,LeBron James,1610612747,Los Angeles Lakers,4,9,46,Missed Shot,Turnaround Jump Shot,3PT Field Goal,Left Corner 3,Left Side(L),24+ ft.,23,-237,6,1,0,20251230,LAL,DET
Shot Chart Detail,0022500460,625,2544,LeBron James,1610612747,Los Angeles Lakers,4,7,12,Missed Shot,Jump Shot,3PT Field Goal,Above the Break 3,Right Side Center(RC),24+ ft.,27,97,252,1,0,20251230,LAL,DET
Shot Chart Detail,0022500485,15,2544,LeBron James,1610612747,Los Angeles Lakers,1,10,47,Made Shot,Running Layup Shot,2PT Field Goal,Restricted Area,Center(C),Less Than 8 ft.,0,-4,9,1,1,20260102,LAL,MEM
Shot Chart Detail,0022500485,47,2544,LeBron James,1610612747,Los Angeles Lakers,1,7,42,Missed Shot,Turnaround Fadeaway shot,2PT Field Goal,Mid-Range,Left Side(L),8-16 ft.,13,-134,38,1,0,20260102,LAL,MEM
Shot Chart Detail,0022500485,87,2544,LeBron James,1610612747,Los Angeles Lakers,1,4,48,Made Shot,Layup Shot,2PT Field Goal,Restricted Area,Center(C),Less Than 8 ft.,1,-11,16,1,1,20260102,LAL,MEM
Shot Chart Detail,0022500485,156,2544,LeBron James,1610612747,Los Angeles Lakers,1,0,43,Made Shot,Pullup Jump shot,3PT Field Goal,Above the Break 3,Right Side Center(RC),24+ ft.,30,141,274,1,1,20260102,LAL,MEM
Shot Chart Detail,0022500485,253,2544,LeBron James,1610612747,Los Angeles Lakers,2,7,34,Missed Shot,Running Pull-Up Jump Shot,3PT Field Goal,Above the Break 3,Left Side Center(LC),24+ ft.,26,-170,198,1,0,20260102,LAL,MEM
Shot Chart Detail,0022500485,315,2544,LeBron James,1610612747,Los Angeles Lakers,2,3,29,Missed Shot,Jump Shot,3PT Field Goal,Above the Break 3,Right Side Center(RC),24+ ft.,29,135,262,1,0,20260102,LAL,MEM
Shot Chart Detail,0022500485,341,2544,LeBron James,1610612747,Los Angeles Lakers,2,1,51,Made Shot,Turnaround Fadeaway shot,2PT Field Goal,In The Paint (Non-RA),Center(C),8-16 ft.,9,24,88,1,1,20260102,LAL,MEM
Shot Chart Detail,0022500485,344,2544,LeBron James,1610612747,Los Angeles Lakers,2,1,28,Made Shot,Turnaround Fadeaway shot,2PT Field Goal,In The Paint (Non-RA),Right Side(R),8-16 ft.,10,55,92,1,1,20260102,LAL,MEM
Shot Chart Detail,0022500485,353,2544,LeBron James,1610612747,Los Angeles Lakers,2,0,47,Made Shot,Running Dunk Shot,2PT Field Goal,Restricted Area,Center(C),Less Than 8 ft.,1,14,8,1,1,20260102,LAL,MEM
Shot Chart Detail,0022500485,364,2544,LeBron James,1610612747,Los Angeles Lakers,2,0,1,Missed Shot,Pullup Jump shot,3PT Field Goal,Above the Break 3,Right Side Center(RC),24+ ft.,34,142,314,1,0,20260102,LAL,MEM
Shot Chart Detail,0022500485,397,2544,LeBron James,1610612747,Los Angeles Lakers,3,9,17,Missed Shot,Fadeaway Jump Shot,2PT Field Goal,Mid-Range,Right Side(R),8-16 ft.,12,120,8,1,0,20260102,LAL,MEM
Shot Chart Detail,0022500485,410,2544,LeBron James,1610612747,Los Angeles Lakers,3,8,35,Made Shot,Cutting Layup Shot,2PT Field Goal,Restricted Area,Center(C),Less Than 8 ft.,1,-15,13,1,1,20260102,LAL,MEM
Shot Chart Detail,0022500485,547,2544,LeBron James,1610612747,Los Angeles Lakers,3,0,48,Made Shot,Driving Floating Jump Shot,2PT Field Goal,In The Paint (Non-RA),Left Side(L),8-16 ft.,9,-55,83,1,1,20260102,LAL,MEM
Shot Chart Detail,0022500485,557,2544,LeBron James,1610612747,Los Angeles Lakers,3,0,5,Missed Shot,Pullup Jump shot,3PT Field Goal,Above the Break 3,Center(C),24+ ft.,29,-11,294,1,0,20260102,LAL,MEM
Shot Chart Detail,0022500485,583,2544,LeBron James,1610612747,Los Angeles Lakers,4,9,43,Made Shot,Driving Floating Jump Shot,2PT Field Goal,In The Paint (Non-RA),Center(C),8-16 ft.,8,4,81,1,1,20260102,LAL,MEM
Shot Chart Detail,0022500485,589,2544,LeBron James,1610612747,Los Angeles Lakers,4,9,9,Made Shot,Driving Layup Shot,2PT Field Goal,Restricted Area,Center(C),Less Than 8 ft.,3,34,6,1,1,20260102,LAL,MEM
Shot Chart Detail,0022500485,688,2544,LeBron James,1610612747,Los Angeles Lakers,4,1,57,Made Shot,Driving Layup Shot,2PT Field Goal,Restricted Area,Center(C),Less Than 8 ft.,2,27,12,1,1,20260102,LAL,MEM
Shot Chart Detail,0022500485,711,2544,LeBron James,1610612747,Los Angeles Lakers,4,0,35,Made Shot,Driving Layup Shot,2PT Field Goal,Restricted Area,Center(C),Less Than 8 ft.,1,15,-1,1,1,20260102,LAL,MEM
Shot Chart Detail,0022500501,28,2544,LeBron James,1610612747,Los Angeles Lakers,1,9,42,Made Shot,Running Layup Shot,2PT Field Goal,In The Paint (Non-RA),Center(C),Less Than 8 ft.,4,12,41,1,1,20260104,LAL,MEM
Shot Chart Detail,0022500501,39,2544,LeBron James,1610612747,Los Angeles Lakers,1,8,25,Missed Shot,Jump Shot,3PT Field Goal,Left Corner 3,Left Side(L),24+ ft.,24,-243,42,1,0,20260104,LAL,MEM
Shot Chart Detail,0022500501,47,2544,LeBron James,1610612747,Los Angeles Lakers,1,8,5,Missed Shot,Pullup Jump shot,3PT Field Goal,Above the Break 3,Left Side Center(LC),24+ ft.,26,-102,245,1,0,20260104,LAL,MEM
Shot Chart Detail,0022500501,179,2544,LeBron James,1610612747,Los Angeles Lakers,2,11,36,Missed Shot,Turnaround Fadeaway shot,2PT Field Goal,In The Paint (Non-RA),Center(C),8-16 ft.,14,-58,136,1,0,20260104,LAL,MEM
Shot Chart Detail,0022500501,186,2544,LeBron James,1610612747,Los Angeles Lakers,2,10,48,Made Shot,Driving Floating Jump Shot,2PT Field Goal,Mid-Range,Left Side(L),8-16 ft.,8,-83,25,1,1,20260104,LAL,MEM
Shot Chart Detail,0022500501,403,2544,LeBron James,1610612747,Los Angeles Lakers,3,8,31,Made Shot,Running Layup Shot,2PT Field Goal,In The Paint (Non-RA),Center(C),Less Than 8 ft.,4,-40,0,1,1,20260104,LAL,MEM
Shot Chart Detail,0022500501,442,2544,LeBron James,1610612747,Los Angeles Lakers,3,6,28,Made Shot,Cutting Dunk Shot,2PT Field Goal,Restricted Area,Center(C),Less Than 8 ft.,0,-5,8,1,1,20260104,LAL,MEM
Shot Chart Detail,0022500501,449,2544,LeBron James,1610612747,Los Angeles Lakers,3,5,56,Missed Shot,Jump Shot,3PT Field Goal,Above the Break 3,Left Side Center(LC),24+ ft.,29,-159,244,1,0,20260104,LAL,MEM
Shot Chart Detail,0022500501,526,2544,LeBron James,1610612747,Los Angeles Lakers,3,0,35,Made Shot,Jump Shot,3PT Field Goal,Above the Break 3,Right Side Center(RC),24+ ft.,26,156,214,1,1,20260104,LAL,MEM
Shot Chart Detail,0022500501,547,2544,LeBron James,1610612747,Los Angeles Lakers,4,11,43,Missed Shot,Step Back Jump shot,3PT Field Goal,Above the Break 3,Right Side Center(RC),24+ ft.,25,124,221,1,0,20260104,LAL,MEM
Shot Chart Detail,0022500501,579,2544,LeBron James,1610612747,Los Angeles Lakers,4,9,34,Made Shot,Driving Layup Shot,2PT Field Goal,Restricted Area,Center(C),Less Than 8 ft.,1,-17,8,1,1,20260104,LAL,MEM
Shot Chart Detail,0022500501,592,2544,LeBron James,1610612747,Los Angeles Lakers,4,8,38,Made Shot,Jump Shot,3PT Field Goal,Above the Break 3,Left Side Center(LC),24+ ft.,27,-150,225,1,1,20260104,LAL,MEM
Shot Chart Detail,0022500501,660,2544,LeBron James,1610612747,Los Angeles Lakers,4,4,50,Made Shot,Running Layup Shot,2PT Field Goal,Restricted Area,Center(C),Less Than 8 ft.,0,-4,5,1,1,20260104,LAL,MEM
Shot Chart Detail,0022500501,700,2544,LeBron James,1610612747,Los Angeles Lakers,4,1,26,Missed Shot,Jump Shot,3PT Field Goal,Above the Break 3,Right Side Center(RC),24+ ft.,26,148,222,1,0,20260104,LAL,MEM
Shot Chart Detail,0022500514,7,2544,LeBron James,1610612747,Los Angeles Lakers,1,11,41,Made Shot,Cutting Dunk Shot,2PT Field Goal,Restricted Area,Center(C),Less Than 8 ft.,0,-2,8,1,1,20260106,NOP,LAL
Shot Chart Detail,0022500514,20,2544,LeBron James,1610612747,Los Angeles Lakers,1,9,50,Missed Shot,Driving Layup Shot,2PT Field Goal,Restricted Area,Center(C),Less Than 8 ft.,3,-11,29,1,0,20260106,NOP,LAL
Shot Chart Detail,0022500514,38,2544,LeBron James,1610612747,Los Angeles Lakers,1,8,26,Made Shot,Jump Shot,3PT Field Goal,Above the Break 3,Right Side Center(RC),24+ ft.,27,124,241,1,1,20260106,NOP,LAL
Shot Chart Detail,0022500514,61,2544,LeBron James,1610612747,Los Angeles Lakers,1,6,22,Made Shot,Fadeaway Jump Shot,2PT Field Goal,In The Paint (Non-RA),Center(C),8-16 ft.,11,22,110,1,1,20260106,NOP,LAL
Shot Chart Detail,0022500514,142,2544,LeBron James,1610612747,Los Angeles Lakers,1,0,40,Missed Shot,Fadeaway Jump Shot,2PT Field Goal,Mid-Range,Left Side(L),8-16 ft.,12,-121,8,1,0,20260106,NOP,LAL
Shot Chart Detail,0022500514,173,2544,LeBron James,1610612747,Los Angeles Lakers,2,10,42,Missed Shot,Fadeaway Jump Shot,2PT Field Goal,Mid-Range,Left Side(L),16-24 ft.,16,-165,5,1,0,20260106,NOP,LAL
Shot Chart Detail,0022500514,178,2544,LeBron James,1610612747,Los Angeles Lakers,2,10,14,Missed Shot,Driving Layup Shot,2PT Field Goal,Restricted Area,Center(C),Less Than 8 ft.,3,15,29,1,0,20260106,NOP,LAL
Shot Chart Detail,0022500514,182,2544,LeBron James,1610612747,Los Angeles Lakers,2,10,7,Made Shot,Running Dunk Shot,2PT Field Goal,Restricted Area,Center(C),Less Than 8 ft.,0,5,3,1,1,20260106,NOP,LAL
Shot Chart Detail,0022500514,296,2544,LeBron James,1610612747,Los Angeles Lakers,2,3,5,Missed Shot,Running Pull-Up Jump Shot,3PT Field Goal,Above the Break 3,Right Side Center(RC),24+ ft.,25,146,210,1,0,20260106,NOP,LAL
Shot Chart Detail,0022500514,319,2544,LeBron James,1610612747,Los Angeles Lakers,2,1,38,Made Shot,Alley Oop Dunk Shot,2PT Field Goal,Restricted Area,Center(C),Less Than 8 ft.,1,5,9,1,1,20260106,NOP,LAL
Shot Chart Detail,0022500514,362,2544,LeBron James,1610612747,Los Angeles Lakers,3,10,29,Missed Shot,Fadeaway Jump Shot,2PT Field Goal,In The Paint (Non-RA),Center(C),Less Than 8 ft.,6,-61,22,1,0,20260106,NOP,LAL
Shot Chart Detail,0022500514,474,2544,LeBron James,1610612747,Los Angeles Lakers,3,1,26,Missed Shot,Driving Layup Shot,2PT Field Goal,In The Paint (Non-RA),Center(C),Less Than 8 ft.,4,28,41,1,0,20260106,NOP,LAL
Shot Chart Detail,0022500514,494,2544,LeBron James,1610612747,Los Angeles Lakers,3,0,41,Made Shot,Running Dunk Shot,2PT Field Goal,Restricted Area,Center(C),Less Than 8 ft.,2,7,22,1,1,20260106,NOP,LAL
Shot Chart Detail,0022500514,516,2544,LeBron James,1610612747,Los Angeles Lakers,4,11,41,Made Shot,Jump Shot,3PT Field Goal,Above the Break 3,Left Side Center(LC),24+ ft.,25,-222,133,1,1,20260106,NOP,LAL
Shot Chart Detail,0022500514,529,2544,LeBron James,1610612747,Los Angeles Lakers,4,10,4,Made Shot,Step Back Jump shot,3PT Field Goal,Above the Break 3,Left Side Center(LC),24+ ft.,27,-146,238,1,1,20260106,NOP,LAL
Shot Chart Detail,0022500514,538,2544,LeBron James,1610612747,Los Angeles Lakers,4,9,30,Missed Shot,Jump Shot,3PT Field Goal,Left Corner 3,Left Side(L),24+ ft.,23,-233,-17,1,0,20260106,NOP,LAL
Shot Chart Detail,0022500514,617,2544,LeBron James,1610612747,Los Angeles Lakers,4,4,47,Missed Shot,Step Back Jump shot,2PT Field Goal,Mid-Range,Left Side(L),16-24 ft.,16,-165,-9,1,0,20260106,NOP,LAL
Shot Chart Detail,0022500514,639,2544,LeBron James,1610612747,Los Angeles Lakers,4,2,42,Made Shot,Driving Reverse Layup Shot,2PT Field Goal,Restricted Area,Center(C),Less Than 8 ft.,2,2,27,1,1,20260106,NOP,LAL
Shot Chart Detail,0022500514,652,2544,LeBron James,1610612747,Los Angeles Lakers,4,1,24,Made Shot,Reverse Layup Shot,2PT Field Goal,Restricted Area,Center(C),Less Than 8 ft.,1,-17,6,1,1,20260106,NOP,LAL
Shot Chart Detail,0022500541,12,2544,LeBron James,1610612747,Los Angeles Lakers,1,11,10,Made Shot,Running Layup Shot,2PT Field Goal,Restricted Area,Center(C),Less Than 8 ft.,2,-6,26,1,1,20260109,LAL,MIL
Shot Chart Detail,0022500541,31,2544,LeBron James,1610612747,Los Angeles Lakers,1,9,0,Missed Shot,Driving Layup Shot,2PT Field Goal,In The Paint (Non-RA),Center(C),Less Than 8 ft.,4,32,36,1,0,20260109,LAL,MIL
Shot Chart Detail,0022500541,42,2544,LeBron James,1610612747,Los Angeles Lakers,1,8,9,Missed Shot,Pullup Jump shot,2PT Field Goal,Mid-Range,Center(C),16-24 ft.,17,12,179,1,0,20260109,LAL,MIL
Shot Chart Detail,0022500541,46,2544,LeBron James,1610612747,Los Angeles Lakers,1,7,53,Made Shot,Running Alley Oop Dunk Shot,2PT Field Goal,Restricted Area,Center(C),Less Than 8 ft.,0,-5,-6,1,1,20260109,LAL,MIL
Shot Chart Detail,0022500541,158,2544,LeBron James,1610612747,Los Angeles Lakers,1,0,1,Missed Shot,Fadeaway Jump Shot,2PT Field Goal,In The Paint (Non-RA),Left Side(L),8-16 ft.,10,-64,79,1,0,20260109,LAL,MIL
Shot Chart Detail,0022500541,174,2544,LeBron James,1610612747,Los Angeles Lakers,2,10,47,Missed Shot,Jump Shot,3PT Field Goal,Above the Break 3,Right Side Center(RC),24+ ft.,26,150,216,1,0,20260109,LAL,MIL
Shot Chart Detail,0022500541,176,2544,LeBron James,1610612747,Los Angeles Lakers,2,10,42,Made Shot,Driving Dunk Shot,2PT Field Goal,Restricted Area,Center(C),Less Than 8 ft.,1,1,13,1,1,20260109,LAL,MIL
Shot Chart Detail,0022500541,219,2544,LeBron James,1610612747,Los Angeles Lakers,2,7,14,Missed Shot,Running Layup Shot,2PT Field Goal,In The Paint (Non-RA),Center(C),Less Than 8 ft.,4,-34,25,1,0,20260109,LAL,MIL
Shot Chart Detail,0022500541,294,2544,LeBron James,1610612747,Los Angeles Lakers,2,1,4,Made Shot,Jump Shot,3PT Field Goal,Above the Break 3,Center(C),24+ ft.,28,61,276,1,1,20260109,LAL,MIL
Shot Chart Detail,0022500541,298,2544,LeBron James,1610612747,Los Angeles Lakers,2,0,38,Made Shot,Running Dunk Shot,2PT Field Goal,Restricted Area,Center(C),Less Than 8 ft.,1,-6,8,1,1,20260109,LAL,MIL
Shot Chart Detail,0022500541,378,2544,LeBron James,1610612747,Los Angeles Lakers,3,6,2,Missed Shot,Jump Shot,3PT Field Goal,Above the Break 3,Left Side Center(LC),24+ ft.,26,-151,216,1,0,20260109,LAL,MIL
Shot Chart Detail,0022500541,496,2544,LeBron James,1610612747,Los Angeles Lakers,4,9,54,Made Shot,Step Back Jump shot,3PT Field Goal,Above the Break 3,Right Side Center(RC),24+ ft.,26,138,222,1,1,20260109,LAL,MIL
Shot Chart Detail,0022500541,499,2544,LeBron James,1610612747,Los Angeles Lakers,4,9,33,Missed Shot,Running Pull-Up Jump Shot,3PT Field Goal,Above the Break 3,Right Side Center(RC),24+ ft.,25,103,231,1,0,20260109,LAL,MIL
Shot Chart Detail,0022500541,508,2544,LeBron James,1610612747,Los Angeles Lakers,4,8,55,Made Shot,Driving Finger Roll Layup Shot,2PT Field Goal,Restricted Area,Center(C),Less Than 8 ft.,0,9,4,1,1,20260109,LAL,MIL
Shot Chart Detail,0022500541,533,2544,LeBron James,1610612747,Los Angeles Lakers,4,6,50,Made Shot,Step Back Jump shot,2PT Field Goal,Mid-Range,Center(C),8-16 ft.,14,15,144,1,1,20260109,LAL,MIL
Shot Chart Detail,0022500541,538,2544,LeBron James,1610612747,Los Angeles Lakers,4,6,12,Missed Shot,Turnaround Fadeaway shot,2PT Field Goal,In The Paint (Non-RA),Center(C),8-16 ft.,14,45,136,1,0,20260109,LAL,MIL
Shot Chart Detail,0022500541,544,2544,LeBron James,1610612747,Los Angeles Lakers,4,6,2,Made Shot,Driving Layup Shot,2PT Field Goal,Restricted Area,Center(C),Less Than 8 ft.,1,-7,11,1,1,20260109,LAL,MIL
Shot Chart Detail,0022500541,582,2544,LeBron James,1610612747,Los Angeles Lakers,4,3,4,Made Shot,Putback Layup Shot,2PT Field Goal,Restricted Area,Center(C),Less Than 8 ft.,0,0,0,1,1,20260109,LAL,MIL
Shot Chart Detail,0022500541,585,2544,LeBron James,1610612747,Los Angeles Lakers,4,2,40,Missed Shot,Running Pull-Up Jump Shot,3PT Field Goal,Above the Break 3,Left Side Center(LC),24+ ft.,26,-194,178,1,0,20260109,LAL,MIL
Shot Chart Detail,0022500541,591,2544,LeBron James,1610612747,Los Angeles Lakers,4,2,24,Missed Shot,Jump Shot,3PT Field Goal,Above the Break 3,Left Side Center(LC),24+ ft.,25,-142,217,1,0,20260109,LAL,MIL
Shot Chart Detail,0022500541,608,2544,LeBron James,1610612747,Los Angeles Lakers,4,0,39,Missed Shot,Driving Layup Shot,2PT Field Goal,Restricted Area,Center(C),Less Than 8 ft.,3,37,11,1,0,20260109,LAL,MIL
Shot Chart Detail,0022500562,7,2544,LeBron James,1610612747,Los Angeles Lakers,1,11,47,Made Shot,Alley Oop Dunk Shot,2PT Field Goal,Restricted Area,Center(C),Less Than 8 ft.,2,1,21,1,1,20260112,SAC,LAL
Shot Chart Detail,0022500562,21,2544,LeBron James,1610612747,Los Angeles Lakers,1,10,31,Made Shot,Running Layup Shot,2PT Field Goal,In The Paint (Non-RA),Center(C),Less Than 8 ft.,4,36,32,1,1,20260112,SAC,LAL
Shot Chart Detail,0022500562,25,2544,LeBron James,1610612747,Los Angeles Lakers,1,10,7,Made Shot,Running Layup Shot,2PT Field Goal,In The Paint (Non-RA),Center(C),Less Than 8 ft.,4,34,26,1,1,20260112,SAC,LAL
Shot Chart Detail,0022500562,39,2544,LeBron James,1610612747,Los Angeles Lakers,1,8,59,Made Shot,Running Layup Shot,2PT Field Goal,Restricted Area,Center(C),Less Than 8 ft.,3,29,27,1,1,20260112,SAC,LAL
Shot Chart Detail,0022500562,42,2544,LeBron James,1610612747,Los Angeles Lakers,1,8,32,Missed Shot,Jump Shot,3PT Field Goal,Above the Break 3,Right Side Center(RC),24+ ft.,25,153,210,1,0,20260112,SAC,LAL
Shot Chart Detail,0022500562,132,2544,LeBron James,1610612747,Los Angeles Lakers,1,1,42,Missed Shot,Driving Layup Shot,2PT Field Goal,In The Paint (Non-RA),Center(C),Less Than 8 ft.,6,-20,65,1,0,20260112,SAC,LAL
Shot Chart Detail,0022500562,137,2544,LeBron James,1610612747,Los Angeles Lakers,1,1,6,Missed Shot,Fadeaway Jump Shot,2PT Field Goal,In The Paint (Non-RA),Center(C),Less Than 8 ft.,7,-69,20,1,0,20260112,SAC,LAL
Shot Chart Detail,0022500562,142,2544,LeBron James,1610612747,Los Angeles Lakers,1,0,32,Made Shot,Driving Floating Jump Shot,2PT Field Goal,In The Paint (Non-RA),Center(C),8-16 ft.,11,-40,105,1,1,20260112,SAC,LAL
Shot Chart Detail,0022500562,189,2544,LeBron James,1610612747,Los Angeles Lakers,2,10,24,Missed Shot,Pullup Jump shot,2PT Field Goal,Mid-Range,Right Side(R),8-16 ft.,11,92,65,1,0,20260112,SAC,LAL
Shot Chart Detail,0022500562,192,2544,LeBron James,1610612747,Los Angeles Lakers,2,9,55,Missed Shot,Turnaround Fadeaway shot,2PT Field Goal,Mid-Range,Right Side Center(RC),16-24 ft.,16,82,147,1,0,20260112,SAC,LAL
Shot Chart Detail,0022500562,201,2544,LeBron James,1610612747,Los Angeles Lakers,2,8,53,Missed Shot,Jump Shot,3PT Field Goal,Right Corner 3,Right Side(R),24+ ft.,23,235,18,1,0,20260112,SAC,LAL
Shot Chart Detail,0022500562,227,2544,LeBron James,1610612747,Los Angeles Lakers,2,7,0,Missed Shot,Pullup Jump shot,3PT Field Goal,Left Corner 3,Left Side(L),24+ ft.,22,-229,11,1,0,20260112,SAC,LAL
Shot Chart Detail,0022500562,365,2544,LeBron James,1610612747,Los Angeles Lakers,3,7,19,Missed Shot,Jump Shot,3PT Field Goal,Above the Break 3,Right Side Center(RC),24+ ft.,24,172,178,1,0,20260112,SAC,LAL
Shot Chart Detail,0022500562,378,2544,LeBron James,1610612747,Los Angeles Lakers,3,5,39,Made Shot,Driving Reverse Layup Shot,2PT Field Goal,Restricted Area,Center(C),Less Than 8 ft.,3,-9,31,1,1,20260112,SAC,LAL
Shot Chart Detail,0022500562,381,2544,LeBron James,1610612747,Los Angeles Lakers,3,5,16,Missed Shot,Pullup Jump shot,3PT Field Goal,Above the Break 3,Center(C),24+ ft.,24,-17,246,1,0,20260112,SAC,LAL
Shot Chart Detail,0022500562,386,2544,LeBron James,1610612747,Los Angeles Lakers,3,4,46,Made Shot,Running Layup Shot,2PT Field Goal,Restricted Area,Center(C),Less Than 8 ft.,3,37,11,1,1,20260112,SAC,LAL
Shot Chart Detail,0022500562,449,2544,LeBron James,1610612747,Los Angeles Lakers,3,0,36,Made Shot,Driving Layup Shot,2PT Field Goal,Restricted Area,Center(C),Less Than 8 ft.,3,-27,24,1,1,20260112,SAC,LAL
Shot Chart Detail,0022500569,16,2544,LeBron James,1610612747,Los Angeles Lakers,1,11,3,Made Shot,Driving Layup Shot,2PT Field Goal,Restricted Area,Center(C),Less Than 8 ft.,2,17,24,1,1,20260113,LAL,ATL
Shot Chart Detail,0022500569,25,2544,LeBron James,1610612747,Los Angeles Lakers,1,10,12,Missed Shot,Running Layup Shot,2PT Field Goal,In The Paint (Non-RA),Center(C),Less Than 8 ft.,4,-34,27,1,0,20260113,LAL,ATL
Shot Chart Detail,0022500569,39,2544,LeBron James,1610612747,Los Angeles Lakers,1,9,5,Made Shot,Running Dunk Shot,2PT Field Goal,Restricted Area,Center(C),Less Than 8 ft.,1,-5,15,1,1,20260113,LAL,ATL
Shot Chart Detail,0022500569,60,2544,LeBron James,1610612747,Los Angeles Lakers,1,7,19,Missed Shot,Driving Layup Shot,2PT Field Goal,In The Paint (Non-RA),Center(C),Less Than 8 ft.,4,23,36,1,0,20260113,LAL,ATL
Shot Chart Detail,0022500569,74,2544,LeBron James,1610612747,Los Angeles Lakers,1,6,30,Missed Shot,Jump Shot,3PT Field Goal,Above the Break 3,Left Side Center(LC),24+ ft.,28,-165,237,1,0,20260113,LAL,ATL
Shot Chart Detail,0022500569,162,2544,LeBron James,1610612747,Los Angeles Lakers,1,0,54,Made Shot,Driving Layup Shot,2PT Field Goal,In The Paint (Non-RA),Center(C),Less Than 8 ft.,4,-22,38,1,1,20260113,LAL,ATL
Shot Chart Detail,0022500569,202,2544,LeBron James,1610612747,Los Angeles Lakers,2,9,51,Missed Shot,Turnaround Fadeaway shot,2PT Field Goal,Mid-Range,Right Side(R),16-24 ft.,17,146,104,1,0,20260113,LAL,ATL
Shot Chart Detail,0022500569,321,2544,LeBron James,1610612747,Los Angeles Lakers,2,1,50,Made Shot,Running Layup Shot,2PT Field Goal,Restricted Area,Center(C),Less Than 8 ft.,1,9,14,1,1,20260113,LAL,ATL
Shot Chart Detail,0022500569,334,2544,LeBron James,1610612747,Los Angeles Lakers,2,0,47,Made Shot,Running Reverse Layup Shot,2PT Field Goal,Restricted Area,Center(C),Less Than 8 ft.,1,-17,3,1,1,20260113,LAL,ATL
Shot Chart Detail,0022500569,370,2544,LeBron James,1610612747,Los Angeles Lakers,3,10,30,Made Shot,Running Layup Shot,2PT Field Goal,Restricted Area,Center(C),Less Than 8 ft.,1,6,8,1,1,20260113,LAL,ATL
Shot Chart Detail,0022500569,391,2544,LeBron James,1610612747,Los Angeles Lakers,3,8,37,Made Shot,Cutting Layup Shot,2PT Field Goal,Restricted Area,Center(C),Less Than 8 ft.,0,2,4,1,1,20260113,LAL,ATL
Shot Chart Detail,0022500569,400,2544,LeBron James,1610612747,Los Angeles Lakers,3,8,0,Made Shot,Jump Shot,3PT Field Goal,Above the Break 3,Left Side Center(LC),24+ ft.,27,-224,153,1,1,20260113,LAL,ATL
Shot Chart Detail,0022500569,486,2544,LeBron James,1610612747,Los Angeles Lakers,3,2,49,Missed Shot,Turnaround Fadeaway shot,2PT Field Goal,Mid-Range,Center(C),8-16 ft.,14,18,148,1,0,20260113,LAL,ATL
Shot Chart Detail,0022500569,497,2544,LeBron James,1610612747,Los Angeles Lakers,3,1,45,Missed Shot,Driving Layup Shot,2PT Field Goal,In The Paint (Non-RA),Center(C),Less Than 8 ft.,4,-33,27,1,0,20260113,LAL,ATL
Shot Chart Detail,0022500569,511,2544,LeBron James,1610612747,Los Angeles Lakers,3,0,47,Missed Shot,Driving Layup Shot,2PT Field Goal,In The Paint (Non-RA),Center(C),Less Than 8 ft.,4,-25,34,1,0,20260113,LAL,ATL
Shot Chart Detail,0022500569,530,2544,LeBron James,1610612747,Los Angeles Lakers,4,11,44,Made Shot,Pullup Jump shot,2PT Field Goal,In The Paint (Non-RA),Left Side(L),8-16 ft.,8,-74,34,1,1,20260113,LAL,ATL
Shot Chart Detail,0022500569,536,2544,LeBron James,1610612747,Los Angeles Lakers,4,10,56,Missed Shot,Fadeaway Jump Shot,3PT Field Goal,Above the Break 3,Right Side Center(RC),24+ ft.,27,163,218,1,0,20260113,LAL,ATL
Shot Chart Detail,0022500569,563,2544,LeBron James,1610612747,Los Angeles Lakers,4,8,46,Made Shot,Jump Shot,3PT Field Goal,Right Corner 3,Right Side(R),24+ ft.,23,229,31,1,1,20260113,LAL,ATL
Shot Chart Detail,0022500569,598,2544,LeBron James,1610612747,Los Angeles Lakers,4,6,49,Made Shot,Running Dunk Shot,2PT Field Goal,Restricted Area,Center(C),Less Than 8 ft.,1,-10,10,1,1,20260113,LAL,ATL
Shot Chart Detail,0022500569,628,2544,LeBron James,1610612747,Los Angeles Lakers,4,4,2,Made Shot,Driving Layup Shot,2PT Field Goal,Restricted Area,Center(C),Less Than 8 ft.,0,-6,7,1,1,20260113,LAL,ATL
Shot Chart Detail,0022500586,11,2544,LeBron James,1610612747,Los Angeles Lakers,1,11,0,Made Shot,Jump Shot,3PT Field Goal,Above the Break 3,Right Side Center(RC),24+ ft.,25,223,117,1,1,20260115,LAL,CHA
Shot Chart Detail,0022500586,55,2544,LeBron James,1610612747,Los Angeles Lakers,1,7,11,Missed Shot,Running Jump Shot,3PT Field Goal,Above the Break 3,Right Side Center(RC),24+ ft.,26,134,230,1,0,20260115,LAL,CHA
Shot Chart Detail,0022500586,76,2544,LeBron James,1610612747,Los Angeles Lakers,1,5,3,Made Shot,Turnaround Fadeaway shot,2PT Field Goal,Mid-Range,Left Side(L),16-24 ft.,17,-169,52,1,1,20260115,LAL,CHA
Shot Chart Detail,0022500586,190,2544,LeBron James,1610612747,Los Angeles Lakers,2,10,2,Missed Shot,Running Layup Shot,2PT Field Goal,Restricted Area,Center(C),Less Than 8 ft.,3,16,32,1,0,20260115,LAL,CHA
Shot Chart Detail,0022500586,203,2544,LeBron James,1610612747,Los Angeles Lakers,2,9,23,Missed Shot,Fadeaway Jump Shot,2PT Field Goal,Mid-Range,Left Side(L),8-16 ft.,15,-156,8,1,0,20260115,LAL,CHA
Shot Chart Detail,0022500586,215,2544,LeBron James,1610612747,Los Angeles Lakers,2,8,15,Missed Shot,Turnaround Fadeaway shot,2PT Field Goal,Mid-Range,Left Side(L),8-16 ft.,15,-131,81,1,0,20260115,LAL,CHA
Shot Chart Detail,0022500586,314,2544,LeBron James,1610612747,Los Angeles Lakers,2,0,44,Made Shot,Pullup Jump shot,3PT Field Goal,Above the Break 3,Center(C),24+ ft.,27,13,273,1,1,20260115,LAL,CHA
Shot Chart Detail,0022500586,322,2544,LeBron James,1610612747,Los Angeles Lakers,2,0,14,Missed Shot,Jump Shot,3PT Field Goal,Above the Break 3,Center(C),24+ ft.,27,51,269,1,0,20260115,LAL,CHA
Shot Chart Detail,0022500586,336,2544,LeBron James,1610612747,Los Angeles Lakers,3,11,40,Missed Shot,Running Reverse Layup Shot,2PT Field Goal,Restricted Area,Center(C),Less Than 8 ft.,2,-6,25,1,0,20260115,LAL,CHA
Shot Chart Detail,0022500586,338,2544,LeBron James,1610612747,Los Angeles Lakers,3,11,34,Made Shot,Jump Shot,3PT Field Goal,Above the Break 3,Left Side Center(LC),24+ ft.,26,-234,126,1,1,20260115,LAL,CHA
Shot Chart Detail,0022500586,373,2544,LeBron James,1610612747,Los Angeles Lakers,3,8,13,Made Shot,Running Layup Shot,2PT Field Goal,Restricted Area,Center(C),Less Than 8 ft.,2,7,20,1,1,20260115,LAL,CHA
Shot Chart Detail,0022500586,475,2544,LeBron James,1610612747,Los Angeles Lakers,3,1,57,Made Shot,Driving Floating Jump Shot,2PT Field Goal,Restricted Area,Center(C),Less Than 8 ft.,3,-2,37,1,1,20260115,LAL,CHA
Shot Chart Detail,0022500586,499,2544,LeBron James,1610612747,Los Angeles Lakers,3,0,15,Missed Shot,Driving Floating Jump Shot,2PT Field Goal,In The Paint (Non-RA),Center(C),Less Than 8 ft.,6,0,63,1,0,20260115,LAL,CHA
Shot Chart Detail,0022500586,511,2544,LeBron James,1610612747,Los Angeles Lakers,4,11,41,Missed Shot,Driving Layup Shot,2PT Field Goal,In The Paint (Non-RA),Center(C),8-16 ft.,9,25,87,1,0,20260115,LAL,CHA
Shot Chart Detail,0022500586,549,2544,LeBron James,1610612747,Los Angeles Lakers,4,9,6,Made Shot,Running Layup Shot,2PT Field Goal,Restricted Area,Center(C),Less Than 8 ft.,2,-4,26,1,1,20260115,LAL,CHA
Shot Chart Detail,0022500586,622,2544,LeBron James,1610612747,Los Angeles Lakers,4,4,17,Made Shot,Driving Layup Shot,2PT Field Goal,In The Paint (Non-RA),Center(C),Less Than 8 ft.,4,-42,21,1,1,20260115,LAL,CHA
Shot Chart Detail,0022500586,633,2544,LeBron James,1610612747,Los Angeles Lakers,4,3,20,Made Shot,Running Layup Shot,2PT Field Goal,Restricted Area,Center(C),Less Than 8 ft.,3,5,35,1,1,20260115,LAL,CHA
Shot Chart Detail,0022500586,645,2544,LeBron James,1610612747,Los Angeles Lakers,4,2,30,Made Shot,Running Pull-Up Jump Shot,2PT Field Goal,In The Paint (Non-RA),Center(C),Less Than 8 ft.,5,-26,51,1,1,20260115,LAL,CHA
Shot Chart Detail,0022500586,650,2544,LeBron James,1610612747,Los Angeles Lakers,4,1,51,Missed Shot,Pullup Jump shot,3PT Field Goal,Above the Break 3,Center(C),24+ ft.,27,25,278,1,0,20260115,LAL,CHA
Shot Chart Detail,0022500601,13,2544,LeBron James,1610612747,Los Angeles Lakers,1,11,14,Missed Shot,Running Reverse Layup Shot,2PT Field Goal,Restricted Area,Center(C),Less Than 8 ft.,2,-20,9,1,0,20260117,POR,LAL
Shot Chart Detail,0022500601,35,2544,LeBron James,1610612747,Los Angeles Lakers,1,9,26,Missed Shot,Driving Dunk Shot,2PT Field Goal,In The Paint (Non-RA),Center(C),Less Than 8 ft.,5,-6,50,1,0,20260117,POR,LAL
Shot Chart Detail,0022500601,87,2544,LeBron James,1610612747,Los Angeles Lakers,1,6,15,Missed Shot,Fadeaway Jump Shot,2PT Field Goal,Mid-Range,Left Side(L),8-16 ft.,11,-115,32,1,0,20260117,POR,LAL
Shot Chart Detail,0022500601,184,2544,LeBron James,1610612747,Los Angeles Lakers,1,1,15,Missed Shot,Turnaround Fadeaway shot,2PT Field Goal,Mid-Range,Left Side Center(LC),16-24 ft.,19,-86,180,1,0,20260117,POR,LAL
Shot Chart Detail,0022500601,191,2544,LeBron James,1610612747,Los Angeles Lakers,1,0,56,Missed Shot,Pullup Jump shot,2PT Field Goal,In The Paint (Non-RA),Center(C),Less Than 8 ft.,5,44,27,1,0,20260117,POR,LAL
Shot Chart Detail,0022500601,196,2544,LeBron James,1610612747,Los Angeles Lakers,1,0,28,Made Shot,Driving Layup Shot,2PT Field Goal,Restricted Area,Center(C),Less Than 8 ft.,0,-7,5,1,1,20260117,POR,LAL
Shot Chart Detail,0022500601,198,2544,LeBron James,1610612747,Los Angeles Lakers,1,0,0,Missed Shot,Pullup Jump shot,2PT Field Goal,Mid-Range,Center(C),16-24 ft.,22,2,220,1,0,20260117,POR,LAL
Shot Chart Detail,0022500601,213,2544,LeBron James,1610612747,Los Angeles Lakers,2,10,47,Missed Shot,Jump Shot,3PT Field Goal,Above the Break 3,Left Side Center(LC),24+ ft.,26,-132,225,1,0,20260117,POR,LAL
Shot Chart Detail,0022500601,280,2544,LeBron James,1610612747,Los Angeles Lakers,2,5,51,Made Shot,Driving Layup Shot,2PT Field Goal,Restricted Area,Center(C),Less Than 8 ft.,0,7,-1,1,1,20260117,POR,LAL
Shot Chart Detail,0022500601,294,2544,LeBron James,1610612747,Los Angeles Lakers,2,5,5,Made Shot,Driving Dunk Shot,2PT Field Goal,Restricted Area,Center(C),Less Than 8 ft.,0,-5,-4,1,1,20260117,POR,LAL
Shot Chart Detail,0022500601,366,2544,LeBron James,1610612747,Los Angeles Lakers,2,0,37,Missed Shot,Fadeaway Jump Shot,2PT Field Goal,Mid-Range,Left Side(L),8-16 ft.,15,-86,132,1,0,20260117,POR,LAL
Shot Chart Detail,0022500601,371,2544,LeBron James,1610612747,Los Angeles Lakers,2,0,7,Missed Shot,Driving Layup Shot,2PT Field Goal,Restricted Area,Center(C),Less Than 8 ft.,0,-7,-1,1,0,20260117,POR,LAL
Shot Chart Detail,0022500601,463,2544,LeBron James,1610612747,Los Angeles Lakers,3,6,16,Made Shot,Fadeaway Jump Shot,2PT Field Goal,Mid-Range,Left Side(L),8-16 ft.,12,-120,39,1,1,20260117,POR,LAL
Shot Chart Detail,0022500601,466,2544,LeBron James,1610612747,Los Angeles Lakers,3,5,48,Missed Shot,Pullup Jump shot,3PT Field Goal,Above the Break 3,Left Side Center(LC),24+ ft.,33,-126,309,1,0,20260117,POR,LAL
Shot Chart Detail,0022500601,549,2544,LeBron James,1610612747,Los Angeles Lakers,3,0,2,Made Shot,Driving Finger Roll Layup Shot,2PT Field Goal,Restricted Area,Center(C),Less Than 8 ft.,1,-4,17,1,1,20260117,POR,LAL
Shot Chart Detail,0022500601,567,2544,LeBron James,1610612747,Los Angeles Lakers,4,11,41,Made Shot,Jump Shot,3PT Field Goal,Above the Break 3,Left Side Center(LC),24+ ft.,26,-156,214,1,1,20260117,POR,LAL
Shot Chart Detail,0022500607,70,2544,LeBron James,1610612747,Los Angeles Lakers,1,7,0,Made Shot,Jump Shot,2PT Field Goal,Mid-Range,Left Side(L),16-24 ft.,22,-192,123,1,1,20260118,LAL,TOR
Shot Chart Detail,0022500607,80,2544,LeBron James,1610612747,Los Angeles Lakers,1,6,20,Missed Shot,Jump Shot,2PT Field Goal,Mid-Range,Left Side Center(LC),16-24 ft.,21,-103,189,1,0,20260118,LAL,TOR
Shot Chart Detail,0022500607,152,2544,LeBron James,1610612747,Los Angeles Lakers,1,0,37,Missed Shot,Pullup Jump shot,3PT Field Goal,Above the Break 3,Left Side Center(LC),24+ ft.,26,-138,231,1,0,20260118,LAL,TOR
Shot Chart Detail,0022500607,179,2544,LeBron James,1610612747,Los Angeles Lakers,2,11,8,Made Shot,Jump Shot,3PT Field Goal,Above the Break 3,Right Side Center(RC),24+ ft.,26,145,217,1,1,20260118,LAL,TOR
Shot Chart Detail,0022500607,191,2544,LeBron James,1610612747,Los Angeles Lakers,2,9,51,Made Shot,Turnaround Fadeaway shot,2PT Field Goal,Mid-Range,Left Side(L),8-16 ft.,11,-110,35,1,1,20260118,LAL,TOR
Shot Chart Detail,0022500607,197,2544,LeBron James,1610612747,Los Angeles Lakers,2,9,17,Missed Shot,Pullup Jump shot,3PT Field Goal,Above the Break 3,Right Side Center(RC),24+ ft.,26,115,244,1,0,20260118,LAL,TOR
Shot Chart Detail,0022500607,210,2544,LeBron James,1610612747,Los Angeles Lakers,2,8,30,Made Shot,Driving Floating Jump Shot,2PT Field Goal,Restricted Area,Center(C),Less Than 8 ft.,1,-10,4,1,1,20260118,LAL,TOR
Shot Chart Detail,0022500607,228,2544,LeBron James,1610612747,Los Angeles Lakers,2,7,6,Missed Shot,Driving Reverse Layup Shot,2PT Field Goal,Restricted Area,Center(C),Less Than 8 ft.,2,5,27,1,0,20260118,LAL,TOR
Shot Chart Detail,0022500607,310,2544,LeBron James,1610612747,Los Angeles Lakers,2,1,30,Made Shot,Driving Finger Roll Layup Shot,2PT Field Goal,Restricted Area,Center(C),Less Than 8 ft.,3,6,36,1,1,20260118,LAL,TOR
Shot Chart Detail,0022500607,385,2544,LeBron James,1610612747,Los Angeles Lakers,3,6,55,Made Shot,Running Layup Shot,2PT Field Goal,In The Paint (Non-RA),Center(C),Less Than 8 ft.,4,9,42,1,1,20260118,LAL,TOR
Shot Chart Detail,0022500607,484,2544,LeBron James,1610612747,Los Angeles Lakers,3,1,24,Made Shot,Pullup Jump shot,3PT Field Goal,Above the Break 3,Right Side Center(RC),24+ ft.,24,121,216,1,1,20260118,LAL,TOR
Shot Chart Detail,0022500607,520,2544,LeBron James,1610612747,Los Angeles Lakers,4,11,38,Made Shot,Driving Reverse Layup Shot,2PT Field Goal,Restricted Area,Center(C),Less Than 8 ft.,2,-26,14,1,1,20260118,LAL,TOR
Shot Chart Detail,0022500607,526,2544,LeBron James,1610612747,Los Angeles Lakers,4,10,44,Made Shot,Pullup Jump shot,2PT Field Goal,In The Paint (Non-RA),Center(C),8-16 ft.,10,-48,93,1,1,20260118,LAL,TOR
Shot Chart Detail,0022500607,529,2544,LeBron James,1610612747,Los Angeles Lakers,4,10,6,Missed Shot,Turnaround Fadeaway shot,2PT Field Goal,Mid-Range,Left Side(L),16-24 ft.,16,-158,41,1,0,20260118,LAL,TOR
Shot Chart Detail,0022500607,553,2544,LeBron James,1610612747,Los Angeles Lakers,4,8,13,Missed Shot,Driving Floating Jump Shot,2PT Field Goal,In The Paint (Non-RA),Center(C),8-16 ft.,10,36,96,1,0,20260118,LAL,TOR
Shot Chart Detail,0022500607,556,2544,LeBron James,1610612747,Los Angeles Lakers,4,8,11,Missed Shot,Fadeaway Jump Shot,2PT Field Goal,Mid-Range,Center(C),8-16 ft.,14,-10,143,1,0,20260118,LAL,TOR
Shot Chart Detail,0022500607,604,2544,LeBron James,1610612747,Los Angeles Lakers,4,4,46,Missed Shot,Driving Floating Bank Jump Shot,2PT Field Goal,In The Paint (Non-RA),Right Side(R),8-16 ft.,11,76,87,1,0,20260118,LAL,TOR
Shot Chart Detail,0022500617,12,2544,LeBron James,1610612747,Los Angeles Lakers,1,10,45,Missed Shot,Turnaround Fadeaway shot,2PT Field Goal,Mid-Range,Left Side(L),8-16 ft.,14,-148,19,1,0,20260120,DEN,LAL
Shot Chart Detail,0022500617,127,2544,LeBron James,1610612747,Los Angeles Lakers,1,1,35,Missed Shot,Driving Finger Roll Layup Shot,2PT Field Goal,Restricted Area,Center(C),Less Than 8 ft.,1,-4,13,1,0,20260120,DEN,LAL
Shot Chart Detail,0022500617,149,2544,LeBron James,1610612747,Los Angeles Lakers,1,0,0,Made Shot,Fadeaway Jump Shot,2PT Field Goal,Mid-Range,Right Side(R),8-16 ft.,14,137,32,1,1,20260120,DEN,LAL
Shot Chart Detail,0022500617,170,2544,LeBron James,1610612747,Los Angeles Lakers,2,10,42,Made Shot,Turnaround Fadeaway shot,2PT Field Goal,Mid-Range,Left Side(L),8-16 ft.,13,-129,37,1,1,20260120,DEN,LAL
Shot Chart Detail,0022500617,239,2544,LeBron James,1610612747,Los Angeles Lakers,2,6,21,Made Shot,Running Dunk Shot,2PT Field Goal,Restricted Area,Center(C),Less Than 8 ft.,0,2,0,1,1,20260120,DEN,LAL
Shot Chart Detail,0022500617,346,2544,LeBron James,1610612747,Los Angeles Lakers,3,11,48,Missed Shot,Driving Layup Shot,2PT Field Goal,Restricted Area,Center(C),Less Than 8 ft.,3,-18,32,1,0,20260120,DEN,LAL
Shot Chart Detail,0022500617,351,2544,LeBron James,1610612747,Los Angeles Lakers,3,11,31,Made Shot,Running Layup Shot,2PT Field Goal,Restricted Area,Center(C),Less Than 8 ft.,1,1,12,1,1,20260120,DEN,LAL
Shot Chart Detail,0022500617,370,2544,LeBron James,1610612747,Los Angeles Lakers,3,8,54,Made Shot,Running Layup Shot,2PT Field Goal,Restricted Area,Center(C),Less Than 8 ft.,2,-21,-1,1,1,20260120,DEN,LAL
Shot Chart Detail,0022500617,450,2544,LeBron James,1610612747,Los Angeles Lakers,3,2,9,Missed Shot,Jump Shot,2PT Field Goal,Mid-Range,Center(C),16-24 ft.,19,47,189,1,0,20260120,DEN,LAL
Shot Chart Detail,0022500617,454,2544,LeBron James,1610612747,Los Angeles Lakers,3,1,52,Made Shot,Running Pull-Up Jump Shot,3PT Field Goal,Above the Break 3,Center(C),24+ ft.,26,-69,251,1,1,20260120,DEN,LAL
Shot Chart Detail,0022500617,463,2544,LeBron James,1610612747,Los Angeles Lakers,3,1,0,Made Shot,Driving Finger Roll Layup Shot,2PT Field Goal,Restricted Area,Center(C),Less Than 8 ft.,1,-16,10,1,1,20260120,DEN,LAL
Shot Chart Detail,0022500617,488,2544,LeBron James,1610612747,Los Angeles Lakers,4,10,39,Missed Shot,Turnaround Fadeaway shot,2PT Field Goal,Mid-Range,Right Side(R),8-16 ft.,14,116,84,1,0,20260120,DEN,LAL
Shot Chart Detail,0022500617,521,2544,LeBron James,1610612747,Los Angeles Lakers,4,8,35,Missed Shot,Driving Layup Shot,2PT Field Goal,In The Paint (Non-RA),Center(C),Less Than 8 ft.,6,17,59,1,0,20260120,DEN,LAL
Shot Chart Detail,0022500617,599,2544,LeBron James,1610612747,Los Angeles Lakers,4,3,54,Missed Shot,Cutting Layup Shot,2PT Field Goal,Restricted Area,Center(C),Less Than 8 ft.,1,-7,18,1,0,20260120,DEN,LAL
Shot Chart Detail,0022500617,620,2544,LeBron James,1610612747,Los Angeles Lakers,4,1,48,Made Shot,Cutting Dunk Shot,2PT Field Goal,Restricted Area,Center(C),Less Than 8 ft.,1,0,11,1,1,20260120,DEN,LAL
Shot Chart Detail,0022500633,22,2544,LeBron James,1610612747,Los Angeles Lakers,1,10,2,Missed Shot,Fadeaway Jump Shot,2PT Field Goal,In The Paint (Non-RA),Left Side(L),8-16 ft.,9,-61,79,1,0,20260122,LAC,LAL
Shot Chart Detail,0022500633,52,2544,LeBron James,1610612747,Los Angeles Lakers,1,6,26,Made Shot,Pullup Jump shot,2PT Field Goal,In The Paint (Non-RA),Center(C),8-16 ft.,12,44,122,1,1,20260122,LAC,LAL
Shot Chart Detail,0022500633,79,2544,LeBron James,1610612747,Los Angeles Lakers,1,5,24,Missed Shot,Jump Shot,3PT Field Goal,Above the Break 3,Left Side Center(LC),24+ ft.,26,-86,255,1,0,20260122,LAC,LAL
Shot Chart Detail,0022500633,84,2544,LeBron James,1610612747,Los Angeles Lakers,1,4,59,Missed Shot,Pullup Jump shot,2PT Field Goal,In The Paint (Non-RA),Center(C),Less Than 8 ft.,5,-11,57,1,0,20260122,LAC,LAL
Shot Chart Detail,0022500633,153,2544,LeBron James,1610612747,Los Angeles Lakers,2,10,50,Made Shot,Fadeaway Jump Shot,2PT Field Goal,In The Paint (Non-RA),Right Side(R),8-16 ft.,11,77,79,1,1,20260122,LAC,LAL
Shot Chart Detail,0022500633,157,2544,LeBron James,1610612747,Los Angeles Lakers,2,10,20,Missed Shot,Fadeaway Jump Shot,2PT Field Goal,In The Paint (Non-RA),Center(C),8-16 ft.,10,-26,103,1,0,20260122,LAC,LAL
Shot Chart Detail,0022500633,180,2544,LeBron James,1610612747,Los Angeles Lakers,2,8,30,Made Shot,Driving Layup Shot,2PT Field Goal,Restricted Area,Center(C),Less Than 8 ft.,3,-9,32,1,1,20260122,LAC,LAL
Shot Chart Detail,0022500633,349,2544,LeBron James,1610612747,Los Angeles Lakers,3,8,44,Missed Shot,Running Pull-Up Jump Shot,3PT Field Goal,Above the Break 3,Center(C),24+ ft.,26,6,268,1,0,20260122,LAC,LAL
Shot Chart Detail,0022500633,356,2544,LeBron James,1610612747,Los Angeles Lakers,3,8,7,Missed Shot,Driving Hook Shot,2PT Field Goal,In The Paint (Non-RA),Center(C),Less Than 8 ft.,4,33,29,1,0,20260122,LAC,LAL
Shot Chart Detail,0022500633,360,2544,LeBron James,1610612747,Los Angeles Lakers,3,7,56,Missed Shot,Floating Jump shot,2PT Field Goal,In The Paint (Non-RA),Center(C),8-16 ft.,11,-10,116,1,0,20260122,LAC,LAL
Shot Chart Detail,0022500633,369,2544,LeBron James,1610612747,Los Angeles Lakers,3,7,4,Missed Shot,Fadeaway Jump Shot,2PT Field Goal,Mid-Range,Center(C),16-24 ft.,20,53,194,1,0,20260122,LAC,LAL
Shot Chart Detail,0022500633,392,2544,LeBron James,1610612747,Los Angeles Lakers,3,5,36,Made Shot,Jump Shot,3PT Field Goal,Above the Break 3,Center(C),24+ ft.,25,11,256,1,1,20260122,LAC,LAL
Shot Chart Detail,0022500633,460,2544,LeBron James,1610612747,Los Angeles Lakers,3,0,27,Missed Shot,Step Back Jump shot,3PT Field Goal,Above the Break 3,Left Side Center(LC),24+ ft.,27,-129,244,1,0,20260122,LAC,LAL
Shot Chart Detail,0022500633,466,2544,LeBron James,1610612747,Los Angeles Lakers,3,0,3,Made Shot,Running Dunk Shot,2PT Field Goal,Restricted Area,Center(C),Less Than 8 ft.,1,-5,18,1,1,20260122,LAC,LAL
Shot Chart Detail,0022500633,486,2544,LeBron James,1610612747,Los Angeles Lakers,4,11,7,Made Shot,Driving Layup Shot,2PT Field Goal,Restricted Area,Center(C),Less Than 8 ft.,2,-20,20,1,1,20260122,LAC,LAL
Shot Chart Detail,0022500633,521,2544,LeBron James,1610612747,Los Angeles Lakers,4,8,6,Made Shot,Running Finger Roll Layup Shot,2PT Field Goal,Restricted Area,Center(C),Less Than 8 ft.,2,0,29,1,1,20260122,LAC,LAL
Shot Chart Detail,0022500633,563,2544,LeBron James,1610612747,Los Angeles Lakers,4,4,35,Missed Shot,Jump Shot,2PT Field Goal,Mid-Range,Right Side Center(RC),16-24 ft.,22,170,144,1,0,20260122,LAC,LAL
Shot Chart Detail,0022500633,607,2544,LeBron James,1610612747,Los Angeles Lakers,4,2,40,Made Shot,Driving Dunk Shot,2PT Field Goal,Restricted Area,Center(C),Less Than 8 ft.,2,2,28,1,1,20260122,LAC,LAL
Shot Chart Detail,0022500633,630,2544,LeBron James,1610612747,Los Angeles Lakers,4,1,28,Made Shot,Driving Layup Shot,2PT Field Goal,Restricted Area,Center(C),Less Than 8 ft.,3,-27,21,1,1,20260122,LAC,LAL
Shot Chart Detail,0022500648,7,2544,LeBron James,1610612747,Los Angeles Lakers,1,11,40,Made Shot,Fadeaway Jump Shot,2PT Field Goal,In The Paint (Non-RA),Left Side(L),8-16 ft.,9,-75,51,1,1,20260124,DAL,LAL
Shot Chart Detail,0022500648,10,2544,LeBron James,1610612747,Los Angeles Lakers,1,11,13,Missed Shot,Turnaround Fadeaway shot,2PT Field Goal,Mid-Range,Left Side(L),8-16 ft.,13,-125,59,1,0,20260124,DAL,LAL
Shot Chart Detail,0022500648,253,2544,LeBron James,1610612747,Los Angeles Lakers,2,7,33,Missed Shot,Jump Shot,3PT Field Goal,Above the Break 3,Right Side Center(RC),24+ ft.,27,151,232,1,0,20260124,DAL,LAL
Shot Chart Detail,0022500648,255,2544,LeBron James,1610612747,Los Angeles Lakers,2,7,30,Missed Shot,Alley Oop Dunk Shot,2PT Field Goal,Restricted Area,Center(C),Less Than 8 ft.,1,10,15,1,0,20260124,DAL,LAL
Shot Chart Detail,0022500648,257,2544,LeBron James,1610612747,Los Angeles Lakers,2,7,26,Made Shot,Putback Layup Shot,2PT Field Goal,Restricted Area,Center(C),Less Than 8 ft.,0,0,0,1,1,20260124,DAL,LAL
Shot Chart Detail,0022500648,371,2544,LeBron James,1610612747,Los Angeles Lakers,3,11,26,Made Shot,Pullup Jump shot,2PT Field Goal,Mid-Range,Left Side Center(LC),16-24 ft.,19,-81,173,1,1,20260124,DAL,LAL
Shot Chart Detail,0022500648,479,2544,LeBron James,1610612747,Los Angeles Lakers,3,6,50,Missed Shot,Driving Layup Shot,2PT Field Goal,In The Paint (Non-RA),Center(C),Less Than 8 ft.,5,56,17,1,0,20260124,DAL,LAL
Shot Chart Detail,0022500648,473,2544,LeBron James,1610612747,Los Angeles Lakers,3,3,0,Missed Shot,Running Pull-Up Jump Shot,2PT Field Goal,In The Paint (Non-RA),Center(C),Less Than 8 ft.,7,34,62,1,0,20260124,DAL,LAL
Shot Chart Detail,0022500648,516,2544,LeBron James,1610612747,Los Angeles Lakers,3,0,10,Missed Shot,Pullup Jump shot,3PT Field Goal,Above the Break 3,Center(C),24+ ft.,25,45,251,1,0,20260124,DAL,LAL
Shot Chart Detail,0022500648,554,2544,LeBron James,1610612747,Los Angeles Lakers,4,10,59,Missed Shot,Running Layup Shot,2PT Field Goal,Restricted Area,Center(C),Less Than 8 ft.,1,-13,15,1,0,20260124,DAL,LAL
Shot Chart Detail,0022500648,561,2544,LeBron James,1610612747,Los Angeles Lakers,4,10,32,Missed Shot,Driving Layup Shot,2PT Field Goal,Restricted Area,Center(C),Less Than 8 ft.,2,7,22,1,0,20260124,DAL,LAL
Shot Chart Detail,0022500648,589,2544,LeBron James,1610612747,Los Angeles Lakers,4,9,0,Made Shot,Jump Shot,3PT Field Goal,Right Corner 3,Right Side(R),24+ ft.,22,229,17,1,1,20260124,DAL,LAL
Shot Chart Detail,0022500648,622,2544,LeBron James,1610612747,Los Angeles Lakers,4,6,44,Made Shot,Driving Finger Roll Layup Shot,2PT Field Goal,Restricted Area,Center(C),Less Than 8 ft.,1,15,7,1,1,20260124,DAL,LAL
Shot Chart Detail,0022500648,633,2544,LeBron James,1610612747,Los Angeles Lakers,4,5,57,Made Shot,Running Dunk Shot,2PT Field Goal,Restricted Area,Center(C),Less Than 8 ft.,1,9,13,1,1,20260124,DAL,LAL
Shot Chart Detail,0022500648,666,2544,LeBron James,1610612747,Los Angeles Lakers,4,3,38,Made Shot,Cutting Layup Shot,2PT Field Goal,Restricted Area,Center(C),Less Than 8 ft.,2,-15,18,1,1,20260124,DAL,LAL
Shot Chart Detail,0022500648,703,2544,LeBron James,1610612747,Los Angeles Lakers,4,1,30,Made Shot,Tip Layup Shot,2PT Field Goal,Restricted Area,Center(C),Less Than 8 ft.,0,0,0,1,1,20260124,DAL,LAL
Shot Chart Detail,0022500661,9,2544,LeBron James,1610612747,Los Angeles Lakers,1,11,36,Made Shot,Fadeaway Jump Shot,2PT Field Goal,In The Paint (Non-RA),Center(C),Less Than 8 ft.,6,67,-6,1,1,20260126,CHI,LAL
Shot Chart Detail,0022500661,13,2544,LeBron James,1610612747,Los Angeles Lakers,1,11,9,Missed Shot,Fadeaway Jump Shot,2PT Field Goal,Mid-Range,Right Side(R),16-24 ft.,19,188,43,1,0,20260126,CHI,LAL
Shot Chart Detail,0022500661,25,2544,LeBron James,1610612747,Los Angeles Lakers,1,9,40,Made Shot,Running Layup Shot,2PT Field Goal,Restricted Area,Center(C),Less Than 8 ft.,1,17,0,1,1,20260126,CHI,LAL
Shot Chart Detail,0022500661,38,2544,LeBron James,1610612747,Los Angeles Lakers,1,8,27,Made Shot,Running Dunk Shot,2PT Field Goal,Restricted Area,Center(C),Less Than 8 ft.,1,6,12,1,1,20260126,CHI,LAL
Shot Chart Detail,0022500661,45,2544,LeBron James,1610612747,Los Angeles Lakers,1,7,29,Missed Shot,Pullup Jump shot,2PT Field Goal,Mid-Range,Left Side Center(LC),16-24 ft.,19,-108,168,1,0,20260126,CHI,LAL
Shot Chart Detail,0022500661,58,2544,LeBron James,1610612747,Los Angeles Lakers,1,6,33,Made Shot,Driving Layup Shot,2PT Field Goal,Restricted Area,Center(C),Less Than 8 ft.,0,0,6,1,1,20260126,CHI,LAL
Shot Chart Detail,0022500661,155,2544,LeBron James,1610612747,Los Angeles Lakers,2,11,27,Made Shot,Jump Shot,3PT Field Goal,Above the Break 3,Left Side Center(LC),24+ ft.,25,-140,210,1,1,20260126,CHI,LAL
Shot Chart Detail,0022500661,161,2544,LeBron James,1610612747,Los Angeles Lakers,2,11,3,Made Shot,Running Layup Shot,2PT Field Goal,Restricted Area,Center(C),Less Than 8 ft.,1,12,10,1,1,20260126,CHI,LAL
Shot Chart Detail,0022500661,164,2544,LeBron James,1610612747,Los Angeles Lakers,2,10,42,Made Shot,Pullup Jump shot,2PT Field Goal,Mid-Range,Center(C),8-16 ft.,15,47,152,1,1,20260126,CHI,LAL
Shot Chart Detail,0022500661,171,2544,LeBron James,1610612747,Los Angeles Lakers,2,10,6,Missed Shot,Running Pull-Up Jump Shot,3PT Field Goal,Above the Break 3,Left Side Center(LC),24+ ft.,25,-183,181,1,0,20260126,CHI,LAL
Shot Chart Detail,0022500661,199,2544,LeBron James,1610612747,Los Angeles Lakers,2,9,23,Missed Shot,Turnaround Hook Shot,2PT Field Goal,In The Paint (Non-RA),Center(C),8-16 ft.,9,-38,90,1,0,20260126,CHI,LAL
Shot Chart Detail,0022500661,202,2544,LeBron James,1610612747,Los Angeles Lakers,2,9,0,Made Shot,Driving Layup Shot,2PT Field Goal,Restricted Area,Center(C),Less Than 8 ft.,1,18,2,1,1,20260126,CHI,LAL
Shot Chart Detail,0022500661,221,2544,LeBron James,1610612747,Los Angeles Lakers,2,7,19,Made Shot,Running Dunk Shot,2PT Field Goal,Restricted Area,Center(C),Less Than 8 ft.,2,20,0,1,1,20260126,CHI,LAL
Shot Chart Detail,0022500661,230,2544,LeBron James,1610612747,Los Angeles Lakers,2,6,29,Missed Shot,Turnaround Fadeaway shot,2PT Field Goal,Mid-Range,Right Side(R),8-16 ft.,15,154,36,1,0,20260126,CHI,LAL
Shot Chart Detail,0022500661,292,2544,LeBron James,1610612747,Los Angeles Lakers,2,0,49,Missed Shot,Pullup Jump shot,3PT Field Goal,Above the Break 3,Center(C),24+ ft.,27,-72,263,1,0,20260126,CHI,LAL
Shot Chart Detail,0022500661,320,2544,LeBron James,1610612747,Los Angeles Lakers,3,10,12,Missed Shot,Step Back Jump shot,3PT Field Goal,Left Corner 3,Left Side(L),24+ ft.,25,-237,85,1,0,20260126,CHI,LAL
Shot Chart Detail,0022500661,467,2544,LeBron James,1610612747,Los Angeles Lakers,4,11,40,Missed Shot,Turnaround Fadeaway shot,2PT Field Goal,Mid-Range,Left Side(L),8-16 ft.,13,-137,1,1,0,20260126,CHI,LAL
Shot Chart Detail,0022500661,515,2544,LeBron James,1610612747,Los Angeles Lakers,4,8,34,Missed Shot,Driving Layup Shot,2PT Field Goal,Restricted Area,Center(C),Less Than 8 ft.,0,4,9,1,0,20260126,CHI,LAL
Shot Chart Detail,0022500661,554,2544,LeBron James,1610612747,Los Angeles Lakers,4,5,46,Missed Shot,Fadeaway Jump Shot,2PT Field Goal,In The Paint (Non-RA),Center(C),8-16 ft.,8,-31,82,1,0,20260126,CHI,LAL
Shot Chart Detail,0022500671,21,2544,LeBron James,1610612747,Los Angeles Lakers,1,9,51,Missed Shot,Driving Finger Roll Layup Shot,2PT Field Goal,Restricted Area,Center(C),Less Than 8 ft.,0,2,9,1,0,20260128,CLE,LAL
Shot Chart Detail,0022500671,34,2544,LeBron James,1610612747,Los Angeles Lakers,1,8,48,Made Shot,Running Dunk Shot,2PT Field Goal,Restricted Area,Center(C),Less Than 8 ft.,2,23,19,1,1,20260128,CLE,LAL
Shot Chart Detail,0022500671,40,2544,LeBron James,1610612747,Los Angeles Lakers,1,8,17,Made Shot,Running Layup Shot,2PT Field Goal,Restricted Area,Center(C),Less Than 8 ft.,1,13,9,1,1,20260128,CLE,LAL
Shot Chart Detail,0022500671,180,2544,LeBron James,1610612747,Los Angeles Lakers,2,11,3,Missed Shot,Jump Shot,3PT Field Goal,Right Corner 3,Right Side(R),24+ ft.,22,225,-6,1,0,20260128,CLE,LAL
Shot Chart Detail,0022500671,303,2544,LeBron James,1610612747,Los Angeles Lakers,2,2,44,Missed Shot,Jump Shot,3PT Field Goal,Left Corner 3,Left Side(L),24+ ft.,23,-227,56,1,0,20260128,CLE,LAL
Shot Chart Detail,0022500671,425,2544,LeBron James,1610612747,Los Angeles Lakers,3,6,1,Missed Shot,Turnaround Fadeaway shot,2PT Field Goal,In The Paint (Non-RA),Right Side(R),8-16 ft.,9,62,67,1,0,20260128,CLE,LAL
Shot Chart Detail,0022500671,437,2544,LeBron James,1610612747,Los Angeles Lakers,3,4,48,Missed Shot,Running Pull-Up Jump Shot,2PT Field Goal,In The Paint (Non-RA),Left Side(L),8-16 ft.,12,-75,105,1,0,20260128,CLE,LAL
Shot Chart Detail,0022500671,441,2544,LeBron James,1610612747,Los Angeles Lakers,3,4,30,Made Shot,Running Layup Shot,2PT Field Goal,Restricted Area,Center(C),Less Than 8 ft.,1,5,11,1,1,20260128,CLE,LAL
Shot Chart Detail,0022500671,523,2544,LeBron James,1610612747,Los Angeles Lakers,4,9,50,Missed Shot,Jump Shot,3PT Field Goal,Above the Break 3,Left Side Center(LC),24+ ft.,26,-208,160,1,0,20260128,CLE,LAL
Shot Chart Detail,0022500671,527,2544,LeBron James,1610612747,Los Angeles Lakers,4,9,24,Missed Shot,Driving Layup Shot,2PT Field Goal,In The Paint (Non-RA),Center(C),Less Than 8 ft.,7,-40,67,1,0,20260128,CLE,LAL
Shot Chart Detail,0022500688,21,2544,LeBron James,1610612747,Los Angeles Lakers,1,9,55,Missed Shot,Driving Layup Shot,2PT Field Goal,Restricted Area,Center(C),Less Than 8 ft.,2,-28,10,1,0,20260130,WAS,LAL
Shot Chart Detail,0022500688,39,2544,LeBron James,1610612747,Los Angeles Lakers,1,8,40,Missed Shot,Running Reverse Layup Shot,2PT Field Goal,Restricted Area,Center(C),Less Than 8 ft.,1,-15,-11,1,0,20260130,WAS,LAL
Shot Chart Detail,0022500688,43,2544,LeBron James,1610612747,Los Angeles Lakers,1,8,20,Made Shot,Pullup Jump shot,3PT Field Goal,Above the Break 3,Left Side Center(LC),24+ ft.,26,-186,187,1,1,20260130,WAS,LAL
Shot Chart Detail,0022500688,81,2544,LeBron James,1610612747,Los Angeles Lakers,1,5,50,Made Shot,Running Layup Shot,2PT Field Goal,Restricted Area,Center(C),Less Than 8 ft.,1,-11,5,1,1,20260130,WAS,LAL
Shot Chart Detail,0022500688,175,2544,LeBron James,1610612747,Los Angeles Lakers,2,11,34,Missed Shot,Driving Layup Shot,2PT Field Goal,In The Paint (Non-RA),Center(C),Less Than 8 ft.,5,55,6,1,0,20260130,WAS,LAL
Shot Chart Detail,0022500688,179,2544,LeBron James,1610612747,Los Angeles Lakers,2,11,23,Made Shot,Fadeaway Jump Shot,2PT Field Goal,Mid-Range,Right Side(R),16-24 ft.,17,151,94,1,1,20260130,WAS,LAL
Shot Chart Detail,0022500688,185,2544,LeBron James,1610612747,Los Angeles Lakers,2,10,55,Made Shot,Jump Shot,3PT Field Goal,Above the Break 3,Right Side Center(RC),24+ ft.,25,154,197,1,1,20260130,WAS,LAL
Shot Chart Detail,0022500688,192,2544,LeBron James,1610612747,Los Angeles Lakers,2,10,21,Missed Shot,Driving Layup Shot,2PT Field Goal,Restricted Area,Center(C),Less Than 8 ft.,3,31,-10,1,0,20260130,WAS,LAL
Shot Chart Detail,0022500688,216,2544,LeBron James,1610612747,Los Angeles Lakers,2,8,50,Made Shot,Fadeaway Jump Shot,2PT Field Goal,Mid-Range,Left Side(L),8-16 ft.,12,-113,41,1,1,20260130,WAS,LAL
Shot Chart Detail,0022500688,245,2544,LeBron James,1610612747,Los Angeles Lakers,2,6,48,Made Shot,Alley Oop Dunk Shot,2PT Field Goal,Restricted Area,Center(C),Less Than 8 ft.,1,-17,9,1,1,20260130,WAS,LAL
Shot Chart Detail,0022500688,321,2544,LeBron James,1610612747,Los Angeles Lakers,2,1,35,Missed Shot,Running Finger Roll Layup Shot,2PT Field Goal,Restricted Area,Center(C),Less Than 8 ft.,1,-13,8,1,0,20260130,WAS,LAL
Shot Chart Detail,0022500688,358,2544,LeBron James,1610612747,Los Angeles Lakers,3,10,40,Missed Shot,Driving Finger Roll Layup Shot,2PT Field Goal,Restricted Area,Center(C),Less Than 8 ft.,2,13,16,1,0,20260130,WAS,LAL
Shot Chart Detail,0022500688,367,2544,LeBron James,1610612747,Los Angeles Lakers,3,10,18,Made Shot,Alley Oop Dunk Shot,2PT Field Goal,Restricted Area,Center(C),Less Than 8 ft.,1,12,13,1,1,20260130,WAS,LAL
Shot Chart Detail,0022500688,581,2544,LeBron James,1610612747,Los Angeles Lakers,4,8,25,Missed Shot,Turnaround Fadeaway shot,2PT Field Goal,Mid-Range,Left Side(L),8-16 ft.,14,-138,43,1,0,20260130,WAS,LAL
Shot Chart Detail,0022500688,595,2544,LeBron James,1610612747,Los Angeles Lakers,4,6,38,Made Shot,Driving Dunk Shot,2PT Field Goal,Restricted Area,Center(C),Less Than 8 ft.,1,-7,17,1,1,20260130,WAS,LAL
Shot Chart Detail,0022500688,597,2544,LeBron James,1610612747,Los Angeles Lakers,4,5,56,Missed Shot,Jump Shot,3PT Field Goal,Above the Break 3,Left Side Center(LC),24+ ft.,30,-125,275,1,0,20260130,WAS,LAL
Shot Chart Detail,0022500708,25,2544,LeBron James,1610612747,Los Angeles Lakers,1,9,32,Made Shot,Jump Shot,3PT Field Goal,Above the Break 3,Right Side Center(RC),24+ ft.,26,96,252,1,1,20260201,NYK,LAL
Shot Chart Detail,0022500708,30,2544,LeBron James,1610612747,Los Angeles Lakers,1,9,6,Missed Shot,Fadeaway Jump Shot,2PT Field Goal,Mid-Range,Left Side(L),8-16 ft.,10,-92,46,1,0,20260201,NYK,LAL
Shot Chart Detail,0022500708,38,2544,LeBron James,1610612747,Los Angeles Lakers,1,8,23,Made Shot,Cutting Finger Roll Layup Shot,2PT Field Goal,Restricted Area,Center(C),Less Than 8 ft.,0,1,6,1,1,20260201,NYK,LAL
Shot Chart Detail,0022500708,64,2544,LeBron James,1610612747,Los Angeles Lakers,1,5,59,Missed Shot,Jump Shot,3PT Field Goal,Right Corner 3,Right Side(R),24+ ft.,23,237,37,1,0,20260201,NYK,LAL
Shot Chart Detail,0022500708,233,2544,LeBron James,1610612747,Los Angeles Lakers,2,7,30,Made Shot,Fadeaway Jump Shot,2PT Field Goal,Mid-Range,Center(C),8-16 ft.,15,-7,153,1,1,20260201,NYK,LAL
Shot Chart Detail,0022500708,314,2544,LeBron James,1610612747,Los Angeles Lakers,2,2,2,Made Shot,Fadeaway Jump Shot,2PT Field Goal,Mid-Range,Right Side Center(RC),16-24 ft.,18,130,129,1,1,20260201,NYK,LAL
Shot Chart Detail,0022500708,357,2544,LeBron James,1610612747,Los Angeles Lakers,3,10,48,Missed Shot,Jump Shot,3PT Field Goal,Left Corner 3,Left Side(L),24+ ft.,22,-228,-8,1,0,20260201,NYK,LAL
Shot Chart Detail,0022500708,364,2544,LeBron James,1610612747,Los Angeles Lakers,3,10,15,Made Shot,Running Alley Oop Dunk Shot,2PT Field Goal,Restricted Area,Center(C),Less Than 8 ft.,0,-2,1,1,1,20260201,NYK,LAL
Shot Chart Detail,0022500708,399,2544,LeBron James,1610612747,Los Angeles Lakers,3,6,39,Missed Shot,Driving Floating Bank Jump Shot,2PT Field Goal,Restricted Area,Center(C),Less Than 8 ft.,2,-4,26,1,0,20260201,NYK,LAL
Shot Chart Detail,0022500708,467,2544,LeBron James,1610612747,Los Angeles Lakers,3,1,27,Made Shot,Driving Floating Bank Jump Shot,2PT Field Goal,Mid-Range,Left Side(L),8-16 ft.,12,-102,69,1,1,20260201,NYK,LAL
Shot Chart Detail,0022500708,474,2544,LeBron James,1610612747,Los Angeles Lakers,3,0,26,Made Shot,Step Back Jump shot,3PT Field Goal,Above the Break 3,Left Side Center(LC),24+ ft.,26,-152,215,1,1,20260201,NYK,LAL
Shot Chart Detail,0022500708,477,2544,LeBron James,1610612747,Los Angeles Lakers,3,0,0,Missed Shot,Pullup Jump shot,3PT Field Goal,Above the Break 3,Center(C),24+ ft.,31,-37,310,1,0,20260201,NYK,LAL
Shot Chart Detail,0022500708,490,2544,LeBron James,1610612747,Los Angeles Lakers,4,11,31,Made Shot,Driving Floating Jump Shot,2PT Field Goal,In The Paint (Non-RA),Center(C),Less Than 8 ft.,5,-23,54,1,1,20260201,NYK,LAL
Shot Chart Detail,0022500708,532,2544,LeBron James,1610612747,Los Angeles Lakers,4,7,25,Missed Shot,Running Pull-Up Jump Shot,3PT Field Goal,Above the Break 3,Right Side Center(RC),24+ ft.,24,188,157,1,0,20260201,NYK,LAL
Shot Chart Detail,0022500708,612,2544,LeBron James,1610612747,Los Angeles Lakers,4,1,20,Made Shot,Driving Dunk Shot,2PT Field Goal,Restricted Area,Center(C),Less Than 8 ft.,0,2,7,1,1,20260201,NYK,LAL
Shot Chart Detail,0022500719,22,2544,LeBron James,1610612747,Los Angeles Lakers,1,10,9,Made Shot,Turnaround Fadeaway shot,2PT Field Goal,Mid-Range,Left Side(L),8-16 ft.,14,-123,73,1,1,20260203,BKN,LAL
Shot Chart Detail,0022500719,73,2544,LeBron James,1610612747,Los Angeles Lakers,1,6,12,Made Shot,Turnaround Jump Shot,2PT Field Goal,In The Paint (Non-RA),Center(C),Less Than 8 ft.,4,16,43,1,1,20260203,BKN,LAL
Shot Chart Detail,0022500719,82,2544,LeBron James,1610612747,Los Angeles Lakers,1,5,50,Missed Shot,Running Pull-Up Jump Shot,3PT Field Goal,Above the Break 3,Center(C),24+ ft.,34,-1,341,1,0,20260203,BKN,LAL
Shot Chart Detail,0022500719,155,2544,LeBron James,1610612747,Los Angeles Lakers,1,1,52,Missed Shot,Running Layup Shot,2PT Field Goal,Restricted Area,Center(C),Less Than 8 ft.,1,-16,-1,1,0,20260203,BKN,LAL
Shot Chart Detail,0022500719,191,2544,LeBron James,1610612747,Los Angeles Lakers,2,11,55,Made Shot,Driving Layup Shot,2PT Field Goal,Restricted Area,Center(C),Less Than 8 ft.,1,6,8,1,1,20260203,BKN,LAL
Shot Chart Detail,0022500719,204,2544,LeBron James,1610612747,Los Angeles Lakers,2,10,54,Made Shot,Running Dunk Shot,2PT Field Goal,Restricted Area,Center(C),Less Than 8 ft.,0,-6,3,1,1,20260203,BKN,LAL
Shot Chart Detail,0022500719,244,2544,LeBron James,1610612747,Los Angeles Lakers,2,8,18,Made Shot,Running Dunk Shot,2PT Field Goal,Restricted Area,Center(C),Less Than 8 ft.,1,5,10,1,1,20260203,BKN,LAL
Shot Chart Detail,0022500719,256,2544,LeBron James,1610612747,Los Angeles Lakers,2,7,59,Missed Shot,Running Alley Oop Dunk Shot,2PT Field Goal,Restricted Area,Center(C),Less Than 8 ft.,0,1,1,1,0,20260203,BKN,LAL
Shot Chart Detail,0022500719,258,2544,LeBron James,1610612747,Los Angeles Lakers,2,7,53,Made Shot,Turnaround Fadeaway shot,2PT Field Goal,Mid-Range,Right Side(R),8-16 ft.,9,92,-7,1,1,20260203,BKN,LAL
Shot Chart Detail,0022500719,267,2544,LeBron James,1610612747,Los Angeles Lakers,2,6,50,Missed Shot,Step Back Jump shot,3PT Field Goal,Above the Break 3,Right Side Center(RC),24+ ft.,27,127,240,1,0,20260203,BKN,LAL
Shot Chart Detail,0022500719,376,2544,LeBron James,1610612747,Los Angeles Lakers,2,0,6,Missed Shot,Driving Layup Shot,2PT Field Goal,Restricted Area,Center(C),Less Than 8 ft.,3,-31,6,1,0,20260203,BKN,LAL
Shot Chart Detail,0022500719,386,2544,LeBron James,1610612747,Los Angeles Lakers,3,11,43,Missed Shot,Jump Shot,3PT Field Goal,Above the Break 3,Center(C),24+ ft.,25,21,259,1,0,20260203,BKN,LAL
Shot Chart Detail,0022500719,394,2544,LeBron James,1610612747,Los Angeles Lakers,3,11,8,Made Shot,Driving Layup Shot,2PT Field Goal,Restricted Area,Center(C),Less Than 8 ft.,1,13,8,1,1,20260203,BKN,LAL
Shot Chart Detail,0022500719,399,2544,LeBron James,1610612747,Los Angeles Lakers,3,10,48,Made Shot,Running Dunk Shot,2PT Field Goal,Restricted Area,Center(C),Less Than 8 ft.,2,11,22,1,1,20260203,BKN,LAL
Shot Chart Detail,0022500719,424,2544,LeBron James,1610612747,Los Angeles Lakers,3,8,30,Made Shot,Driving Layup Shot,2PT Field Goal,Restricted Area,Center(C),Less Than 8 ft.,1,-12,2,1,1,20260203,BKN,LAL
Shot Chart Detail,0022500719,450,2544,LeBron James,1610612747,Los Angeles Lakers,3,6,11,Made Shot,Running Layup Shot,2PT Field Goal,Restricted Area,Center(C),Less Than 8 ft.,0,2,-3,1,1,20260203,BKN,LAL
Shot Chart Detail,0022500740,26,2544,LeBron James,1610612747,Los Angeles Lakers,1,10,5,Missed Shot,Step Back Jump shot,2PT Field Goal,Mid-Range,Right Side Center(RC),16-24 ft.,22,141,171,1,0,20260205,LAL,PHI
Shot Chart Detail,0022500740,30,2544,LeBron James,1610612747,Los Angeles Lakers,1,9,39,Missed Shot,Pullup Jump shot,3PT Field Goal,Above the Break 3,Left Side Center(LC),24+ ft.,26,-145,221,1,0,20260205,LAL,PHI
Shot Chart Detail,0022500740,150,2544,LeBron James,1610612747,Los Angeles Lakers,1,0,3,Missed Shot,Fadeaway Jump Shot,3PT Field Goal,Left Corner 3,Left Side(L),24+ ft.,22,-229,-5,1,0,20260205,LAL,PHI
Shot Chart Detail,0022500740,168,2544,LeBron James,1610612747,Los Angeles Lakers,2,10,12,Missed Shot,Driving Floating Bank Jump Shot,2PT Field Goal,Restricted Area,Center(C),Less Than 8 ft.,2,1,25,1,0,20260205,LAL,PHI
Shot Chart Detail,0022500740,185,2544,LeBron James,1610612747,Los Angeles Lakers,2,9,36,Made Shot,Running Dunk Shot,2PT Field Goal,Restricted Area,Center(C),Less Than 8 ft.,2,-7,19,1,1,20260205,LAL,PHI
Shot Chart Detail,0022500740,210,2544,LeBron James,1610612747,Los Angeles Lakers,2,7,20,Missed Shot,Driving Layup Shot,2PT Field Goal,Restricted Area,Center(C),Less Than 8 ft.,3,-6,31,1,0,20260205,LAL,PHI
Shot Chart Detail,0022500740,342,2544,LeBron James,1610612747,Los Angeles Lakers,3,10,59,Missed Shot,Pullup Jump shot,3PT Field Goal,Above the Break 3,Center(C),24+ ft.,29,-62,285,1,0,20260205,LAL,PHI
Shot Chart Detail,0022500740,377,2544,LeBron James,1610612747,Los Angeles Lakers,3,8,11,Missed Shot,Fadeaway Jump Shot,2PT Field Goal,Mid-Range,Left Side Center(LC),16-24 ft.,16,-109,126,1,0,20260205,LAL,PHI
Shot Chart Detail,0022500740,413,2544,LeBron James,1610612747,Los Angeles Lakers,3,5,37,Made Shot,Running Layup Shot,2PT Field Goal,Restricted Area,Center(C),Less Than 8 ft.,2,15,25,1,1,20260205,LAL,PHI
Shot Chart Detail,0022500740,528,2544,LeBron James,1610612747,Los Angeles Lakers,4,9,46,Missed Shot,Fadeaway Jump Shot,2PT Field Goal,In The Paint (Non-RA),Center(C),8-16 ft.,13,-27,130,1,0,20260205,LAL,PHI
Shot Chart Detail,0022500740,565,2544,LeBron James,1610612747,Los Angeles Lakers,4,7,36,Made Shot,Finger Roll Layup Shot,2PT Field Goal,Restricted Area,Center(C),Less Than 8 ft.,2,-6,25,1,1,20260205,LAL,PHI
Shot Chart Detail,0022500740,603,2544,LeBron James,1610612747,Los Angeles Lakers,4,4,48,Missed Shot,Fadeaway Jump Shot,2PT Field Goal,Mid-Range,Right Side(R),16-24 ft.,16,146,76,1,0,20260205,LAL,PHI
Shot Chart Detail,0022500740,612,2544,LeBron James,1610612747,Los Angeles Lakers,4,4,26,Made Shot,Cutting Layup Shot,2PT Field Goal,Restricted Area,Center(C),Less Than 8 ft.,2,-11,27,1,1,20260205,LAL,PHI
Shot Chart Detail,0022500740,616,2544,LeBron James,1610612747,Los Angeles Lakers,4,4,4,Made Shot,Running Layup Shot,2PT Field Goal,Restricted Area,Center(C),Less Than 8 ft.,1,5,16,1,1,20260205,LAL,PHI
Shot Chart Detail,0022500740,628,2544,LeBron James,1610612747,Los Angeles Lakers,4,2,57,Missed Shot,Fadeaway Jump Shot,2PT Field Goal,In The Paint (Non-RA),Center(C),Less Than 8 ft.,7,-70,27,1,0,20260205,LAL,PHI
Shot Chart Detail,0022500740,647,2544,LeBron James,1610612747,Los Angeles Lakers,4,1,36,Made Shot,Alley Oop Dunk Shot,2PT Field Goal,Restricted Area,Center(C),Less Than 8 ft.,3,-15,26,1,1,20260205,LAL,PHI
Shot Chart Detail,0022500740,657,2544,LeBron James,1610612747,Los Angeles Lakers,4,0,45,Made Shot,Driving Dunk Shot,2PT Field Goal,Restricted Area,Center(C),Less Than 8 ft.,3,-13,32,1,1,20260205,LAL,PHI
Shot Chart Detail,0022500753,34,2544,LeBron James,1610612747,Los Angeles Lakers,1,9,0,Missed Shot,Jump Shot,3PT Field Goal,Above the Break 3,Center(C),24+ ft.,25,12,259,1,0,20260207,LAL,GSW
Shot Chart Detail,0022500753,73,2544,LeBron James,1610612747,Los Angeles Lakers,1,6,3,Made Shot,Driving Layup Shot,2PT Field Goal,Restricted Area,Center(C),Less Than 8 ft.,2,-16,12,1,1,20260207,LAL,GSW
Shot Chart Detail,0022500753,77,2544,LeBron James,1610612747,Los Angeles Lakers,1,5,46,Missed Shot,Running Pull-Up Jump Shot,2PT Field Goal,Mid-Range,Right Side Center(RC),16-24 ft.,20,98,179,1,0,20260207,LAL,GSW
Shot Chart Detail,0022500753,179,2544,LeBron James,1610612747,Los Angeles Lakers,2,9,45,Made Shot,Turnaround Fadeaway Bank Jump Shot,2PT Field Goal,Mid-Range,Right Side(R),8-16 ft.,11,107,46,1,1,20260207,LAL,GSW
Shot Chart Detail,0022500753,198,2544,LeBron James,1610612747,Los Angeles Lakers,2,9,7,Missed Shot,Fadeaway Jump Shot,2PT Field Goal,Mid-Range,Right Side Center(RC),16-24 ft.,16,81,149,1,0,20260207,LAL,GSW
Shot Chart Detail,0022500753,203,2544,LeBron James,1610612747,Los Angeles Lakers,2,8,46,Missed Shot,Running Pull-Up Jump Shot,3PT Field Goal,Above the Break 3,Center(C),24+ ft.,27,12,272,1,0,20260207,LAL,GSW
Shot Chart Detail,0022500753,310,2544,LeBron James,1610612747,Los Angeles Lakers,2,2,22,Missed Shot,Pullup Jump shot,2PT Field Goal,Mid-Range,Left Side(L),8-16 ft.,11,-116,12,1,0,20260207,LAL,GSW
Shot Chart Detail,0022500753,339,2544,LeBron James,1610612747,Los Angeles Lakers,2,0,35,Missed Shot,Step Back Jump shot,2PT Field Goal,Mid-Range,Left Side Center(LC),16-24 ft.,19,-102,170,1,0,20260207,LAL,GSW
Shot Chart Detail,0022500753,363,2544,LeBron James,1610612747,Los Angeles Lakers,3,11,45,Made Shot,Jump Shot,3PT Field Goal,Above the Break 3,Center(C),24+ ft.,26,78,252,1,1,20260207,LAL,GSW
Shot Chart Detail,0022500753,370,2544,LeBron James,1610612747,Los Angeles Lakers,3,11,24,Made Shot,Driving Layup Shot,2PT Field Goal,Restricted Area,Center(C),Less Than 8 ft.,2,-7,20,1,1,20260207,LAL,GSW
Shot Chart Detail,0022500753,381,2544,LeBron James,1610612747,Los Angeles Lakers,3,10,25,Made Shot,Running Pull-Up Jump Shot,2PT Field Goal,In The Paint (Non-RA),Center(C),Less Than 8 ft.,4,-22,42,1,1,20260207,LAL,GSW
Shot Chart Detail,0022500753,398,2544,LeBron James,1610612747,Los Angeles Lakers,3,9,5,Made Shot,Jump Shot,3PT Field Goal,Above the Break 3,Left Side Center(LC),24+ ft.,28,-120,257,1,1,20260207,LAL,GSW
Shot Chart Detail,0022500753,411,2544,LeBron James,1610612747,Los Angeles Lakers,3,8,0,Missed Shot,Jump Shot,3PT Field Goal,Above the Break 3,Right Side Center(RC),24+ ft.,26,153,215,1,0,20260207,LAL,GSW
Shot Chart Detail,0022500753,451,2544,LeBron James,1610612747,Los Angeles Lakers,3,5,34,Missed Shot,Jump Shot,3PT Field Goal,Right Corner 3,Right Side(R),24+ ft.,24,241,13,1,0,20260207,LAL,GSW
Shot Chart Detail,0022500753,544,2544,LeBron James,1610612747,Los Angeles Lakers,4,10,41,Missed Shot,Turnaround Fadeaway shot,2PT Field Goal,Mid-Range,Left Side Center(LC),16-24 ft.,19,-132,147,1,0,20260207,LAL,GSW
Shot Chart Detail,0022500753,567,2544,LeBron James,1610612747,Los Angeles Lakers,4,8,38,Missed Shot,Turnaround Jump Shot,2PT Field Goal,In The Paint (Non-RA),Center(C),8-16 ft.,14,49,137,1,0,20260207,LAL,GSW
Shot Chart Detail,0022500753,601,2544,LeBron James,1610612747,Los Angeles Lakers,4,6,18,Missed Shot,Pullup Jump shot,3PT Field Goal,Above the Break 3,Center(C),24+ ft.,26,62,260,1,0,20260207,LAL,GSW
Shot Chart Detail,0022500769,22,2544,LeBron James,1610612747,Los Angeles Lakers,1,9,40,Made Shot,Driving Floating Jump Shot,2PT Field Goal,In The Paint (Non-RA),Left Side(L),8-16 ft.,10,-72,76,1,1,20260209,LAL,OKC
Shot Chart Detail,0022500769,161,2544,LeBron James,1610612747,Los Angeles Lakers,2,11,18,Made Shot,Fadeaway Jump Shot,2PT Field Goal,Mid-Range,Left Side(L),16-24 ft.,16,-158,57,1,1,20260209,LAL,OKC
Shot Chart Detail,0022500769,194,2544,LeBron James,1610612747,Los Angeles Lakers,2,9,6,Made Shot,Pullup Jump shot,2PT Field Goal,Mid-Range,Right Side Center(RC),16-24 ft.,16,87,141,1,1,20260209,LAL,OKC
Shot Chart Detail,0022500769,201,2544,LeBron James,1610612747,Los Angeles Lakers,2,8,11,Missed Shot,Pullup Jump shot,3PT Field Goal,Above the Break 3,Left Side Center(LC),24+ ft.,25,-130,220,1,0,20260209,LAL,OKC
Shot Chart Detail,0022500769,216,2544,LeBron James,1610612747,Los Angeles Lakers,2,7,21,Missed Shot,Jump Shot,3PT Field Goal,Above the Break 3,Left Side Center(LC),24+ ft.,25,-185,172,1,0,20260209,LAL,OKC
Shot Chart Detail,0022500769,302,2544,LeBron James,1610612747,Los Angeles Lakers,2,2,36,Made Shot,Running Dunk Shot,2PT Field Goal,Restricted Area,Center(C),Less Than 8 ft.,1,-11,1,1,1,20260209,LAL,OKC
Shot Chart Detail,0022500769,305,2544,LeBron James,1610612747,Los Angeles Lakers,2,2,11,Missed Shot,Driving Bank Hook Shot,2PT Field Goal,In The Paint (Non-RA),Left Side(L),8-16 ft.,8,-64,50,1,0,20260209,LAL,OKC
Shot Chart Detail,0022500769,380,2544,LeBron James,1610612747,Los Angeles Lakers,3,8,51,Made Shot,Driving Layup Shot,2PT Field Goal,Restricted Area,Center(C),Less Than 8 ft.,1,-11,6,1,1,20260209,LAL,OKC
Shot Chart Detail,0022500769,392,2544,LeBron James,1610612747,Los Angeles Lakers,3,7,44,Made Shot,Driving Layup Shot,2PT Field Goal,Restricted Area,Center(C),Less Than 8 ft.,3,-31,6,1,1,20260209,LAL,OKC
Shot Chart Detail,0022500769,418,2544,LeBron James,1610612747,Los Angeles Lakers,3,6,19,Missed Shot,Jump Bank Shot,2PT Field Goal,Mid-Range,Right Side(R),16-24 ft.,17,148,84,1,0,20260209,LAL,OKC
Shot Chart Detail,0022500769,435,2544,LeBron James,1610612747,Los Angeles Lakers,3,5,9,Made Shot,Turnaround Fadeaway shot,2PT Field Goal,Mid-Range,Right Side(R),8-16 ft.,13,113,70,1,1,20260209,LAL,OKC
Shot Chart Detail,0022500769,539,2544,LeBron James,1610612747,Los Angeles Lakers,4,10,51,Missed Shot,Pullup Jump shot,2PT Field Goal,Mid-Range,Center(C),8-16 ft.,15,-40,151,1,0,20260209,LAL,OKC
Shot Chart Detail,0022500769,564,2544,LeBron James,1610612747,Los Angeles Lakers,4,8,45,Missed Shot,Jump Shot,3PT Field Goal,Above the Break 3,Right Side Center(RC),24+ ft.,24,105,226,1,0,20260209,LAL,OKC
Shot Chart Detail,0022500769,586,2544,LeBron James,1610612747,Los Angeles Lakers,4,8,19,Missed Shot,Driving Layup Shot,2PT Field Goal,In The Paint (Non-RA),Center(C),Less Than 8 ft.,4,-40,21,1,0,20260209,LAL,OKC
Shot Chart Detail,0022500769,651,2544,LeBron James,1610612747,Los Angeles Lakers,4,3,56,Made Shot,Layup Shot,2PT Field Goal,Restricted Area,Center(C),Less Than 8 ft.,1,-15,10,1,1,20260209,LAL,OKC
Shot Chart Detail,0022500769,684,2544,LeBron James,1610612747,Los Angeles Lakers,4,1,43,Made Shot,Cutting Dunk Shot,2PT Field Goal,Restricted Area,Center(C),Less Than 8 ft.,0,1,0,1,1,20260209,LAL,OKC
Shot Chart Detail,0022500769,696,2544,LeBron James,1610612747,Los Angeles Lakers,4,0,40,Missed Shot,Jump Shot,3PT Field Goal,Right Corner 3,Right Side(R),24+ ft.,23,233,37,1,0,20260209,LAL,OKC
Shot Chart Detail,0022500791,12,2544,LeBron James,1610612747,Los Angeles Lakers,1,10,57,Made Shot,Fadeaway Bank shot,2PT Field Goal,Mid-Range,Right Side(R),8-16 ft.,14,119,85,1,1,20260212,LAL,DAL
Shot Chart Detail,0022500791,34,2544,LeBron James,1610612747,Los Angeles Lakers,1,9,12,Made Shot,Jump Shot,3PT Field Goal,Above the Break 3,Left Side Center(LC),24+ ft.,27,-148,236,1,1,20260212,LAL,DAL
Shot Chart Detail,0022500791,38,2544,LeBron James,1610612747,Los Angeles Lakers,1,8,50,Made Shot,Running Pull-Up Jump Shot,3PT Field Goal,Above the Break 3,Center(C),24+ ft.,29,-85,285,1,1,20260212,LAL,DAL
Shot Chart Detail,0022500791,48,2544,LeBron James,1610612747,Los Angeles Lakers,1,7,53,Missed Shot,Jump Shot,3PT Field Goal,Above the Break 3,Right Side Center(RC),24+ ft.,27,172,211,1,0,20260212,LAL,DAL
Shot Chart Detail,0022500791,84,2544,LeBron James,1610612747,Los Angeles Lakers,1,5,1,Made Shot,Running Layup Shot,2PT Field Goal,In The Paint (Non-RA),Center(C),Less Than 8 ft.,6,60,11,1,1,20260212,LAL,DAL
Shot Chart Detail,0022500791,157,2544,LeBron James,1610612747,Los Angeles Lakers,1,0,35,Made Shot,Running Layup Shot,2PT Field Goal,Restricted Area,Center(C),Less Than 8 ft.,1,-5,13,1,1,20260212,LAL,DAL
Shot Chart Detail,0022500791,161,2544,LeBron James,1610612747,Los Angeles Lakers,1,0,3,Missed Shot,Jump Shot,3PT Field Goal,Left Corner 3,Left Side(L),24+ ft.,23,-232,21,1,0,20260212,LAL,DAL
Shot Chart Detail,0022500791,184,2544,LeBron James,1610612747,Los Angeles Lakers,2,10,30,Made Shot,Driving Layup Shot,2PT Field Goal,In The Paint (Non-RA),Center(C),Less Than 8 ft.,4,-29,30,1,1,20260212,LAL,DAL
Shot Chart Detail,0022500791,194,2544,LeBron James,1610612747,Los Angeles Lakers,2,10,4,Missed Shot,Jump Shot,3PT Field Goal,Right Corner 3,Right Side(R),24+ ft.,24,239,67,1,0,20260212,LAL,DAL
Shot Chart Detail,0022500791,196,2544,LeBron James,1610612747,Los Angeles Lakers,2,9,57,Missed Shot,Alley Oop Layup shot,2PT Field Goal,In The Paint (Non-RA),Center(C),Less Than 8 ft.,4,34,22,1,0,20260212,LAL,DAL
Shot Chart Detail,0022500791,202,2544,LeBron James,1610612747,Los Angeles Lakers,2,9,38,Missed Shot,Turnaround Hook Shot,2PT Field Goal,In The Paint (Non-RA),Center(C),8-16 ft.,10,10,100,1,0,20260212,LAL,DAL
Shot Chart Detail,0022500791,374,2544,LeBron James,1610612747,Los Angeles Lakers,3,10,0,Made Shot,Running Layup Shot,2PT Field Goal,Restricted Area,Center(C),Less Than 8 ft.,2,15,16,1,1,20260212,LAL,DAL
Shot Chart Detail,0022500791,383,2544,LeBron James,1610612747,Los Angeles Lakers,3,8,45,Missed Shot,Running Layup Shot,2PT Field Goal,Restricted Area,Center(C),Less Than 8 ft.,2,-11,18,1,0,20260212,LAL,DAL
Shot Chart Detail,0022500791,393,2544,LeBron James,1610612747,Los Angeles Lakers,3,6,59,Made Shot,Driving Layup Shot,2PT Field Goal,In The Paint (Non-RA),Center(C),Less Than 8 ft.,5,31,41,1,1,20260212,LAL,DAL
Shot Chart Detail,0022500791,469,2544,LeBron James,1610612747,Los Angeles Lakers,3,1,43,Missed Shot,Turnaround Fadeaway shot,2PT Field Goal,In The Paint (Non-RA),Right Side(R),8-16 ft.,9,71,65,1,0,20260212,LAL,DAL
Shot Chart Detail,0022500791,503,2544,LeBron James,1610612747,Los Angeles Lakers,4,10,51,Made Shot,Driving Layup Shot,2PT Field Goal,Restricted Area,Center(C),Less Than 8 ft.,3,26,16,1,1,20260212,LAL,DAL
Shot Chart Detail,0022500791,521,2544,LeBron James,1610612747,Los Angeles Lakers,4,9,41,Missed Shot,Step Back Jump shot,3PT Field Goal,Above the Break 3,Left Side Center(LC),24+ ft.,26,-140,228,1,0,20260212,LAL,DAL
Shot Chart Detail,0022500791,561,2544,LeBron James,1610612747,Los Angeles Lakers,4,6,58,Missed Shot,Driving Floating Jump Shot,2PT Field Goal,In The Paint (Non-RA),Center(C),Less Than 8 ft.,5,-23,53,1,0,20260212,LAL,DAL
Shot Chart Detail,0022500791,587,2544,LeBron James,1610612747,Los Angeles Lakers,4,5,22,Missed Shot,Jump Shot,3PT Field Goal,Above the Break 3,Left Side Center(LC),24+ ft.,26,-214,162,1,0,20260212,LAL,DAL
Shot Chart Detail,0022500791,617,2544,LeBron James,1610612747,Los Angeles Lakers,4,2,57,Made Shot,Driving Layup Shot,2PT Field Goal,Restricted Area,Center(C),Less Than 8 ft.,1,-10,16,1,1,20260212,LAL,DAL
Shot Chart Detail,0022500809,37,2544,LeBron James,1610612747,Los Angeles Lakers,1,8,10,Made Shot,Running Layup Shot,2PT Field Goal,Restricted Area,Center(C),Less Than 8 ft.,1,7,8,1,1,20260220,LAL,LAC
Shot Chart Detail,0022500809,41,2544,LeBron James,1610612747,Los Angeles Lakers,1,7,23,Made Shot,Fadeaway Jump Shot,2PT Field Goal,In The Paint (Non-RA),Left Side(L),8-16 ft.,11,-70,91,1,1,20260220,LAL,LAC
Shot Chart Detail,0022500809,47,2544,LeBron James,1610612747,Los Angeles Lakers,1,6,45,Made Shot,Jump Shot,3PT Field Goal,Above the Break 3,Left Side Center(LC),24+ ft.,27,-134,238,1,1,20260220,LAL,LAC
Shot Chart Detail,0022500809,171,2544,LeBron James,1610612747,Los Angeles Lakers,2,9,18,Missed Shot,Jump Shot,3PT Field Goal,Above the Break 3,Right Side Center(RC),24+ ft.,25,162,202,1,0,20260220,LAL,LAC
Shot Chart Detail,0022500809,190,2544,LeBron James,1610612747,Los Angeles Lakers,2,7,47,Made Shot,Fadeaway Jump Shot,2PT Field Goal,In The Paint (Non-RA),Center(C),8-16 ft.,12,-13,122,1,1,20260220,LAL,LAC
Shot Chart Detail,0022500809,206,2544,LeBron James,1610612747,Los Angeles Lakers,2,7,16,Missed Shot,Jump Shot,3PT Field Goal,Above the Break 3,Right Side Center(RC),24+ ft.,26,107,242,1,0,20260220,LAL,LAC
Shot Chart Detail,0022500809,275,2544,LeBron James,1610612747,Los Angeles Lakers,2,2,47,Missed Shot,Turnaround Fadeaway shot,2PT Field Goal,In The Paint (Non-RA),Center(C),8-16 ft.,12,37,122,1,0,20260220,LAL,LAC
Shot Chart Detail,0022500809,285,2544,LeBron James,1610612747,Los Angeles Lakers,2,1,45,Missed Shot,Driving Floating Jump Shot,2PT Field Goal,In The Paint (Non-RA),Center(C),8-16 ft.,11,-4,112,1,0,20260220,LAL,LAC
Shot Chart Detail,0022500809,310,2544,LeBron James,1610612747,Los Angeles Lakers,2,0,26,Missed Shot,Running Layup Shot,2PT Field Goal,Restricted Area,Center(C),Less Than 8 ft.,1,-7,18,1,0,20260220,LAL,LAC
Shot Chart Detail,0022500809,340,2544,LeBron James,1610612747,Los Angeles Lakers,3,10,37,Made Shot,Fadeaway Jump Shot,2PT Field Goal,In The Paint (Non-RA),Center(C),8-16 ft.,14,-67,130,1,1,20260220,LAL,LAC
Shot Chart Detail,0022500809,392,2544,LeBron James,1610612747,Los Angeles Lakers,3,6,32,Missed Shot,Fadeaway Jump Shot,2PT Field Goal,Mid-Range,Left Side Center(LC),16-24 ft.,16,-102,132,1,0,20260220,LAL,LAC
Shot Chart Detail,0022500809,514,2544,LeBron James,1610612747,Los Angeles Lakers,4,10,50,Missed Shot,Driving Hook Shot,2PT Field Goal,In The Paint (Non-RA),Center(C),Less Than 8 ft.,4,4,40,1,0,20260220,LAL,LAC
Shot Chart Detail,0022500809,621,2544,LeBron James,1610612747,Los Angeles Lakers,4,2,46,Missed Shot,Driving Layup Shot,2PT Field Goal,In The Paint (Non-RA),Center(C),Less Than 8 ft.,4,5,40,1,0,20260220,LAL,LAC
Shot Chart Detail,0022500823,11,2544,LeBron James,1610612747,Los Angeles Lakers,1,11,33,Made Shot,Running Dunk Shot,2PT Field Goal,Restricted Area,Center(C),Less Than 8 ft.,1,-7,11,1,1,20260222,LAL,BOS
Shot Chart Detail,0022500823,15,2544,LeBron James,1610612747,Los Angeles Lakers,1,10,57,Made Shot,Driving Hook Shot,2PT Field Goal,In The Paint (Non-RA),Center(C),8-16 ft.,8,10,87,1,1,20260222,LAL,BOS
Shot Chart Detail,0022500823,44,2544,LeBron James,1610612747,Los Angeles Lakers,1,7,34,Made Shot,Pullup Jump shot,2PT Field Goal,Mid-Range,Center(C),8-16 ft.,15,29,154,1,1,20260222,LAL,BOS
Shot Chart Detail,0022500823,48,2544,LeBron James,1610612747,Los Angeles Lakers,1,7,5,Missed Shot,Pullup Jump shot,2PT Field Goal,Mid-Range,Left Side Center(LC),16-24 ft.,19,-83,171,1,0,20260222,LAL,BOS
Shot Chart Detail,0022500823,147,2544,LeBron James,1610612747,Los Angeles Lakers,1,0,27,Missed Shot,Driving Layup Shot,2PT Field Goal,Restricted Area,Center(C),Less Than 8 ft.,3,-21,29,1,0,20260222,LAL,BOS
Shot Chart Detail,0022500823,180,2544,LeBron James,1610612747,Los Angeles Lakers,2,10,53,Missed Shot,Jump Shot,3PT Field Goal,Above the Break 3,Left Side Center(LC),24+ ft.,26,-169,203,1,0,20260222,LAL,BOS
Shot Chart Detail,0022500823,202,2544,LeBron James,1610612747,Los Angeles Lakers,2,8,56,Missed Shot,Running Layup Shot,2PT Field Goal,Restricted Area,Center(C),Less Than 8 ft.,3,-25,19,1,0,20260222,LAL,BOS
Shot Chart Detail,0022500823,303,2544,LeBron James,1610612747,Los Angeles Lakers,2,1,59,Missed Shot,Layup Shot,2PT Field Goal,Restricted Area,Center(C),Less Than 8 ft.,2,11,24,1,0,20260222,LAL,BOS
Shot Chart Detail,0022500823,356,2544,LeBron James,1610612747,Los Angeles Lakers,3,11,2,Missed Shot,Jump Shot,3PT Field Goal,Above the Break 3,Right Side Center(RC),24+ ft.,26,92,247,1,0,20260222,LAL,BOS
Shot Chart Detail,0022500823,365,2544,LeBron James,1610612747,Los Angeles Lakers,3,10,16,Made Shot,Jump Shot,3PT Field Goal,Above the Break 3,Left Side Center(LC),24+ ft.,26,-230,123,1,1,20260222,LAL,BOS
Shot Chart Detail,0022500823,373,2544,LeBron James,1610612747,Los Angeles Lakers,3,8,54,Missed Shot,Turnaround Jump Shot,2PT Field Goal,In The Paint (Non-RA),Center(C),8-16 ft.,9,-40,88,1,0,20260222,LAL,BOS
Shot Chart Detail,0022500823,383,2544,LeBron James,1610612747,Los Angeles Lakers,3,7,59,Made Shot,Running Layup Shot,2PT Field Goal,In The Paint (Non-RA),Center(C),Less Than 8 ft.,4,-13,42,1,1,20260222,LAL,BOS
Shot Chart Detail,0022500823,387,2544,LeBron James,1610612747,Los Angeles Lakers,3,7,34,Missed Shot,Running Layup Shot,2PT Field Goal,Restricted Area,Center(C),Less Than 8 ft.,1,-15,12,1,0,20260222,LAL,BOS
Shot Chart Detail,0022500823,414,2544,LeBron James,1610612747,Los Angeles Lakers,3,6,38,Made Shot,Driving Layup Shot,2PT Field Goal,In The Paint (Non-RA),Center(C),Less Than 8 ft.,4,-40,28,1,1,20260222,LAL,BOS
Shot Chart Detail,0022500823,421,2544,LeBron James,1610612747,Los Angeles Lakers,3,5,34,Made Shot,Driving Layup Shot,2PT Field Goal,Restricted Area,Center(C),Less Than 8 ft.,2,-4,26,1,1,20260222,LAL,BOS
Shot Chart Detail,0022500823,428,2544,LeBron James,1610612747,Los Angeles Lakers,3,4,55,Missed Shot,Jump Shot,3PT Field Goal,Above the Break 3,Right Side Center(RC),24+ ft.,27,99,258,1,0,20260222,LAL,BOS
Shot Chart Detail,0022500823,503,2544,LeBron James,1610612747,Los Angeles Lakers,3,0,12,Missed Shot,Pullup Jump shot,3PT Field Goal,Above the Break 3,Left Side Center(LC),24+ ft.,28,-159,235,1,0,20260222,LAL,BOS
Shot Chart Detail,0022500823,535,2544,LeBron James,1610612747,Los Angeles Lakers,4,10,20,Made Shot,Running Layup Shot,2PT Field Goal,Restricted Area,Center(C),Less Than 8 ft.,1,2,15,1,1,20260222,LAL,BOS
Shot Chart Detail,0022500823,567,2544,LeBron James,1610612747,Los Angeles Lakers,4,7,24,Missed Shot,Driving Layup Shot,2PT Field Goal,Restricted Area,Center(C),Less Than 8 ft.,3,-17,28,1,0,20260222,LAL,BOS
Shot Chart Detail,0022500823,569,2544,LeBron James,1610612747,Los Angeles Lakers,4,7,23,Made Shot,Putback Layup Shot,2PT Field Goal,Restricted Area,Center(C),Less Than 8 ft.,1,-6,18,1,1,20260222,LAL,BOS
Shot Chart Detail,0022500823,607,2544,LeBron James,1610612747,Los Angeles Lakers,4,4,36,Missed Shot,Driving Floating Jump Shot,2PT Field Goal,In The Paint (Non-RA),Left Side(L),8-16 ft.,10,-65,85,1,0,20260222,LAL,BOS
Shot Chart Detail,0022500840,18,2544,LeBron James,1610612747,Los Angeles Lakers,1,10,35,Made Shot,Jump Shot,3PT Field Goal,Above the Break 3,Left Side Center(LC),24+ ft.,25,-114,231,1,1,20260224,LAL,ORL
Shot Chart Detail,0022500840,22,2544,LeBron James,1610612747,Los Angeles Lakers,1,10,17,Missed Shot,Running Pull-Up Jump Shot,3PT Field Goal,Above the Break 3,Center(C),24+ ft.,25,-31,257,1,0,20260224,LAL,ORL
Shot Chart Detail,0022500840,35,2544,LeBron James,1610612747,Los Angeles Lakers,1,8,54,Made Shot,Fadeaway Jump Shot,2PT Field Goal,In The Paint (Non-RA),Right Side(R),8-16 ft.,10,66,87,1,1,20260224,LAL,ORL
Shot Chart Detail,0022500840,54,2544,LeBron James,1610612747,Los Angeles Lakers,1,7,30,Made Shot,Driving Layup Shot,2PT Field Goal,Restricted Area,Center(C),Less Than 8 ft.,3,-32,9,1,1,20260224,LAL,ORL
Shot Chart Detail,0022500840,61,2544,LeBron James,1610612747,Los Angeles Lakers,1,6,54,Made Shot,Jump Shot,3PT Field Goal,Right Corner 3,Right Side(R),24+ ft.,23,235,20,1,1,20260224,LAL,ORL
Shot Chart Detail,0022500840,365,2544,LeBron James,1610612747,Los Angeles Lakers,3,10,53,Made Shot,Running Alley Oop Dunk Shot,2PT Field Goal,Restricted Area,Center(C),Less Than 8 ft.,2,21,15,1,1,20260224,LAL,ORL
Shot Chart Detail,0022500840,545,2544,LeBron James,1610612747,Los Angeles Lakers,4,11,16,Missed Shot,Jump Shot,3PT Field Goal,Above the Break 3,Left Side Center(LC),24+ ft.,25,-199,158,1,0,20260224,LAL,ORL
Shot Chart Detail,0022500840,548,2544,LeBron James,1610612747,Los Angeles Lakers,4,10,45,Made Shot,Step Back Jump shot,2PT Field Goal,Mid-Range,Right Side Center(RC),16-24 ft.,18,76,174,1,1,20260224,LAL,ORL
Shot Chart Detail,0022500840,563,2544,LeBron James,1610612747,Los Angeles Lakers,4,8,53,Made Shot,Cutting Layup Shot,2PT Field Goal,Restricted Area,Center(C),Less Than 8 ft.,1,15,12,1,1,20260224,LAL,ORL
Shot Chart Detail,0022500840,566,2544,LeBron James,1610612747,Los Angeles Lakers,4,8,23,Missed Shot,Jump Shot,3PT Field Goal,Above the Break 3,Left Side Center(LC),24+ ft.,27,-107,251,1,0,20260224,LAL,ORL
Shot Chart Detail,0022500840,577,2544,LeBron James,1610612747,Los Angeles Lakers,4,7,32,Missed Shot,Driving Layup Shot,2PT Field Goal,In The Paint (Non-RA),Center(C),Less Than 8 ft.,5,-42,31,1,0,20260224,LAL,ORL
Shot Chart Detail,0022500840,682,2544,LeBron James,1610612747,Los Angeles Lakers,4,0,26,Made Shot,Cutting Dunk Shot,2PT Field Goal,Restricted Area,Center(C),Less Than 8 ft.,1,-6,15,1,1,20260224,LAL,ORL
Shot Chart Detail,0022500840,692,2544,LeBron James,1610612747,Los Angeles Lakers,4,0,2,Missed Shot,Turnaround Fadeaway Bank Jump Shot,3PT Field Goal,Above the Break 3,Left Side Center(LC),24+ ft.,26,-210,168,1,0,20260224,LAL,ORL
Shot Chart Detail,0022500855,11,2544,LeBron James,1610612747,Los Angeles Lakers,1,10,47,Made Shot,Cutting Layup Shot,2PT Field Goal,In The Paint (Non-RA),Center(C),Less Than 8 ft.,4,42,25,1,1,20260226,PHX,LAL
Shot Chart Detail,0022500855,38,2544,LeBron James,1610612747,Los Angeles Lakers,1,8,1,Missed Shot,Jump Shot,3PT Field Goal,Above the Break 3,Left Side Center(LC),24+ ft.,25,-174,180,1,0,20260226,PHX,LAL
Shot Chart Detail,0022500855,67,2544,LeBron James,1610612747,Los Angeles Lakers,1,6,3,Made Shot,Running Layup Shot,2PT Field Goal,Restricted Area,Center(C),Less Than 8 ft.,3,34,3,1,1,20260226,PHX,LAL
Shot Chart Detail,0022500855,159,2544,LeBron James,1610612747,Los Angeles Lakers,2,11,37,Missed Shot,Driving Layup Shot,2PT Field Goal,In The Paint (Non-RA),Center(C),8-16 ft.,9,-42,80,1,0,20260226,PHX,LAL
Shot Chart Detail,0022500855,185,2544,LeBron James,1610612747,Los Angeles Lakers,2,8,55,Missed Shot,Step Back Jump shot,2PT Field Goal,Mid-Range,Left Side(L),16-24 ft.,19,-191,-5,1,0,20260226,PHX,LAL
Shot Chart Detail,0022500855,361,2544,LeBron James,1610612747,Los Angeles Lakers,3,11,2,Missed Shot,Jump Shot,3PT Field Goal,Left Corner 3,Left Side(L),24+ ft.,23,-234,16,1,0,20260226,PHX,LAL
Shot Chart Detail,0022500855,365,2544,LeBron James,1610612747,Los Angeles Lakers,3,10,44,Missed Shot,Running Finger Roll Layup Shot,2PT Field Goal,Restricted Area,Center(C),Less Than 8 ft.,3,-25,29,1,0,20260226,PHX,LAL
Shot Chart Detail,0022500855,378,2544,LeBron James,1610612747,Los Angeles Lakers,3,9,14,Made Shot,Running Layup Shot,2PT Field Goal,In The Paint (Non-RA),Center(C),Less Than 8 ft.,7,-62,34,1,1,20260226,PHX,LAL
Shot Chart Detail,0022500855,403,2544,LeBron James,1610612747,Los Angeles Lakers,3,7,32,Made Shot,Cutting Layup Shot,2PT Field Goal,In The Paint (Non-RA),Center(C),Less Than 8 ft.,5,-48,32,1,1,20260226,PHX,LAL
Shot Chart Detail,0022500855,417,2544,LeBron James,1610612747,Los Angeles Lakers,3,6,32,Missed Shot,Layup Shot,2PT Field Goal,In The Paint (Non-RA),Center(C),Less Than 8 ft.,4,22,39,1,0,20260226,PHX,LAL
Shot Chart Detail,0022500855,420,2544,LeBron James,1610612747,Los Angeles Lakers,3,6,30,Made Shot,Putback Layup Shot,2PT Field Goal,In The Paint (Non-RA),Center(C),Less Than 8 ft.,4,17,42,1,1,20260226,PHX,LAL
Shot Chart Detail,0022500855,431,2544,LeBron James,1610612747,Los Angeles Lakers,3,5,25,Made Shot,Cutting Dunk Shot,2PT Field Goal,In The Paint (Non-RA),Center(C),Less Than 8 ft.,4,-28,33,1,1,20260226,PHX,LAL
Shot Chart Detail,0022500855,537,2544,LeBron James,1610612747,Los Angeles Lakers,4,9,11,Missed Shot,Turnaround Fadeaway shot,2PT Field Goal,Mid-Range,Left Side(L),8-16 ft.,15,-154,38,1,0,20260226,PHX,LAL
Shot Chart Detail,0022500855,575,2544,LeBron James,1610612747,Los Angeles Lakers,4,6,43,Missed Shot,Pullup Jump shot,3PT Field Goal,Above the Break 3,Right Side Center(RC),24+ ft.,26,132,232,1,0,20260226,PHX,LAL
Shot Chart Detail,0022500855,621,2544,LeBron James,1610612747,Los Angeles Lakers,4,2,5,Missed Shot,Driving Layup Shot,2PT Field Goal,In The Paint (Non-RA),Center(C),Less Than 8 ft.,5,-37,38,1,0,20260226,PHX,LAL
Shot Chart Detail,0022500855,641,2544,LeBron James,1610612747,Los Angeles Lakers,4,0,22,Made Shot,Tip Layup Shot,2PT Field Goal,Restricted Area,Center(C),Less Than 8 ft.,0,-1,5,1,1,20260226,PHX,LAL
Shot Chart Detail,0022500866,25,2544,LeBron James,1610612747,Los Angeles Lakers,1,9,38,Made Shot,Jump Shot,3PT Field Goal,Above the Break 3,Center(C),24+ ft.,25,7,256,1,1,20260228,GSW,LAL
Shot Chart Detail,0022500866,29,2544,LeBron James,1610612747,Los Angeles Lakers,1,9,12,Missed Shot,Jump Bank Shot,2PT Field Goal,In The Paint (Non-RA),Center(C),Less Than 8 ft.,4,-27,30,1,0,20260228,GSW,LAL
Shot Chart Detail,0022500866,84,2544,LeBron James,1610612747,Los Angeles Lakers,1,5,6,Made Shot,Jump Shot,3PT Field Goal,Above the Break 3,Left Side Center(LC),24+ ft.,26,-184,184,1,1,20260228,GSW,LAL
Shot Chart Detail,0022500866,146,2544,LeBron James,1610612747,Los Angeles Lakers,1,0,37,Missed Shot,Driving Floating Jump Shot,2PT Field Goal,In The Paint (Non-RA),Center(C),Less Than 8 ft.,6,33,56,1,0,20260228,GSW,LAL
Shot Chart Detail,0022500866,165,2544,LeBron James,1610612747,Los Angeles Lakers,2,11,22,Missed Shot,Pullup Jump shot,2PT Field Goal,In The Paint (Non-RA),Center(C),8-16 ft.,11,11,110,1,0,20260228,GSW,LAL
Shot Chart Detail,0022500866,173,2544,LeBron James,1610612747,Los Angeles Lakers,2,10,45,Made Shot,Step Back Jump shot,3PT Field Goal,Left Corner 3,Left Side(L),24+ ft.,23,-233,35,1,1,20260228,GSW,LAL
Shot Chart Detail,0022500866,178,2544,LeBron James,1610612747,Los Angeles Lakers,2,10,10,Made Shot,Floating Jump shot,2PT Field Goal,Restricted Area,Center(C),Less Than 8 ft.,1,-2,16,1,1,20260228,GSW,LAL
Shot Chart Detail,0022500866,223,2544,LeBron James,1610612747,Los Angeles Lakers,2,7,16,Made Shot,Tip Layup Shot,2PT Field Goal,Restricted Area,Center(C),Less Than 8 ft.,0,1,8,1,1,20260228,GSW,LAL
Shot Chart Detail,0022500866,243,2544,LeBron James,1610612747,Los Angeles Lakers,2,6,6,Made Shot,Running Pull-Up Jump Shot,3PT Field Goal,Right Corner 3,Right Side(R),24+ ft.,23,232,15,1,1,20260228,GSW,LAL
Shot Chart Detail,0022500866,299,2544,LeBron James,1610612747,Los Angeles Lakers,2,1,26,Made Shot,Driving Layup Shot,2PT Field Goal,Restricted Area,Center(C),Less Than 8 ft.,2,23,9,1,1,20260228,GSW,LAL
Shot Chart Detail,0022500866,348,2544,LeBron James,1610612747,Los Angeles Lakers,3,10,1,Missed Shot,Turnaround Fadeaway shot,2PT Field Goal,Mid-Range,Left Side(L),16-24 ft.,16,-164,36,1,0,20260228,GSW,LAL
Shot Chart Detail,0022500866,387,2544,LeBron James,1610612747,Los Angeles Lakers,3,6,56,Missed Shot,Jump Shot,3PT Field Goal,Left Corner 3,Left Side(L),24+ ft.,23,-232,43,1,0,20260228,GSW,LAL
Shot Chart Detail,0022500866,516,2544,LeBron James,1610612747,Los Angeles Lakers,4,9,41,Missed Shot,Running Pull-Up Jump Shot,3PT Field Goal,Above the Break 3,Left Side Center(LC),24+ ft.,26,-137,230,1,0,20260228,GSW,LAL
Shot Chart Detail,0022500878,42,2544,LeBron James,1610612747,Los Angeles Lakers,1,8,54,Made Shot,Pullup Jump shot,2PT Field Goal,Mid-Range,Left Side(L),16-24 ft.,16,-142,75,1,1,20260301,LAL,SAC
Shot Chart Detail,0022500878,45,2544,LeBron James,1610612747,Los Angeles Lakers,1,8,26,Made Shot,Running Alley Oop Dunk Shot,2PT Field Goal,Restricted Area,Center(C),Less Than 8 ft.,2,-15,15,1,1,20260301,LAL,SAC
Shot Chart Detail,0022500878,50,2544,LeBron James,1610612747,Los Angeles Lakers,1,7,54,Missed Shot,Cutting Dunk Shot,2PT Field Goal,Restricted Area,Center(C),Less Than 8 ft.,3,-4,37,1,0,20260301,LAL,SAC
Shot Chart Detail,0022500878,74,2544,LeBron James,1610612747,Los Angeles Lakers,1,5,59,Missed Shot,Turnaround Fadeaway shot,2PT Field Goal,Mid-Range,Left Side(L),16-24 ft.,17,-169,40,1,0,20260301,LAL,SAC
Shot Chart Detail,0022500878,158,2544,LeBron James,1610612747,Los Angeles Lakers,1,0,1,Missed Shot,Turnaround Fadeaway shot,2PT Field Goal,Mid-Range,Center(C),16-24 ft.,16,34,159,1,0,20260301,LAL,SAC
Shot Chart Detail,0022500878,191,2544,LeBron James,1610612747,Los Angeles Lakers,2,10,10,Missed Shot,Layup Shot,2PT Field Goal,Restricted Area,Center(C),Less Than 8 ft.,2,9,19,1,0,20260301,LAL,SAC
Shot Chart Detail,0022500878,231,2544,LeBron James,1610612747,Los Angeles Lakers,2,7,57,Missed Shot,Running Pull-Up Jump Shot,2PT Field Goal,In The Paint (Non-RA),Center(C),Less Than 8 ft.,5,16,57,1,0,20260301,LAL,SAC
Shot Chart Detail,0022500878,369,2544,LeBron James,1610612747,Los Angeles Lakers,3,9,56,Made Shot,Fadeaway Jump Shot,2PT Field Goal,Mid-Range,Center(C),16-24 ft.,16,25,163,1,1,20260301,LAL,SAC
Shot Chart Detail,0022500878,385,2544,LeBron James,1610612747,Los Angeles Lakers,3,8,22,Made Shot,Cutting Dunk Shot,2PT Field Goal,Restricted Area,Center(C),Less Than 8 ft.,2,-23,12,1,1,20260301,LAL,SAC
Shot Chart Detail,0022500878,484,2544,LeBron James,1610612747,Los Angeles Lakers,3,1,13,Missed Shot,Turnaround Fadeaway shot,2PT Field Goal,Mid-Range,Left Side(L),8-16 ft.,12,-98,81,1,0,20260301,LAL,SAC
Shot Chart Detail,0022500878,498,2544,LeBron James,1610612747,Los Angeles Lakers,3,0,0,Made Shot,Pullup Jump shot,3PT Field Goal,Above the Break 3,Center(C),24+ ft.,25,39,251,1,1,20260301,LAL,SAC
Shot Chart Detail,0022500878,530,2544,LeBron James,1610612747,Los Angeles Lakers,4,9,43,Made Shot,Running Dunk Shot,2PT Field Goal,Restricted Area,Center(C),Less Than 8 ft.,2,1,26,1,1,20260301,LAL,SAC
Shot Chart Detail,0022500878,544,2544,LeBron James,1610612747,Los Angeles Lakers,4,8,57,Made Shot,Pullup Jump shot,3PT Field Goal,Above the Break 3,Left Side Center(LC),24+ ft.,24,-172,181,1,1,20260301,LAL,SAC
Shot Chart Detail,0022500878,552,2544,LeBron James,1610612747,Los Angeles Lakers,4,8,2,Made Shot,Step Back Jump shot,3PT Field Goal,Above the Break 3,Left Side Center(LC),24+ ft.,27,-140,233,1,1,20260301,LAL,SAC
Shot Chart Detail,0022500878,554,2544,LeBron James,1610612747,Los Angeles Lakers,4,7,41,Missed Shot,Pullup Jump shot,3PT Field Goal,Above the Break 3,Right Side Center(RC),24+ ft.,27,132,242,1,0,20260301,LAL,SAC
Shot Chart Detail,0022500891,41,2544,LeBron James,1610612747,Los Angeles Lakers,1,8,43,Made Shot,Running Layup Shot,2PT Field Goal,Restricted Area,Center(C),Less Than 8 ft.,1,-1,13,1,1,20260303,LAL,NOP
Shot Chart Detail,0022500891,53,2544,LeBron James,1610612747,Los Angeles Lakers,1,7,47,Made Shot,Jump Shot,3PT Field Goal,Left Corner 3,Left Side(L),24+ ft.,23,-238,8,1,1,20260303,LAL,NOP
Shot Chart Detail,0022500891,72,2544,LeBron James,1610612747,Los Angeles Lakers,1,6,27,Missed Shot,Jump Shot,3PT Field Goal,Above the Break 3,Left Side Center(LC),24+ ft.,25,-135,211,1,0,20260303,LAL,NOP
Shot Chart Detail,0022500891,140,2544,LeBron James,1610612747,Los Angeles Lakers,1,1,43,Missed Shot,Pullup Jump shot,3PT Field Goal,Above the Break 3,Center(C),24+ ft.,26,71,252,1,0,20260303,LAL,NOP
Shot Chart Detail,0022500891,144,2544,LeBron James,1610612747,Los Angeles Lakers,1,1,30,Made Shot,Running Dunk Shot,2PT Field Goal,Restricted Area,Center(C),Less Than 8 ft.,2,-1,24,1,1,20260303,LAL,NOP
Shot Chart Detail,0022500891,179,2544,LeBron James,1610612747,Los Angeles Lakers,2,11,39,Made Shot,Alley Oop Dunk Shot,2PT Field Goal,Restricted Area,Center(C),Less Than 8 ft.,0,7,-5,1,1,20260303,LAL,NOP
Shot Chart Detail,0022500891,191,2544,LeBron James,1610612747,Los Angeles Lakers,2,10,48,Made Shot,Dunk Shot,2PT Field Goal,Restricted Area,Center(C),Less Than 8 ft.,2,5,25,1,1,20260303,LAL,NOP
Shot Chart Detail,0022500891,208,2544,LeBron James,1610612747,Los Angeles Lakers,2,10,8,Made Shot,Running Layup Shot,2PT Field Goal,In The Paint (Non-RA),Center(C),Less Than 8 ft.,4,-20,37,1,1,20260303,LAL,NOP
Shot Chart Detail,0022500891,410,2544,LeBron James,1610612747,Los Angeles Lakers,3,8,1,Made Shot,Running Dunk Shot,2PT Field Goal,Restricted Area,Center(C),Less Than 8 ft.,1,-2,12,1,1,20260303,LAL,NOP
Shot Chart Detail,0022500891,513,2544,LeBron James,1610612747,Los Angeles Lakers,3,0,31,Missed Shot,Pullup Jump shot,3PT Field Goal,Above the Break 3,Left Side Center(LC),24+ ft.,27,-140,231,1,0,20260303,LAL,NOP
Shot Chart Detail,0022500891,540,2544,LeBron James,1610612747,Los Angeles Lakers,4,11,35,Missed Shot,Jump Shot,3PT Field Goal,Above the Break 3,Left Side Center(LC),24+ ft.,27,-195,197,1,0,20260303,LAL,NOP
Shot Chart Detail,0022500891,680,2544,LeBron James,1610612747,Los Angeles Lakers,4,3,13,Made Shot,Running Alley Oop Layup Shot,2PT Field Goal,Restricted Area,Center(C),Less Than 8 ft.,0,4,7,1,1,20260303,LAL,NOP
Shot Chart Detail,0022500906,28,2544,LeBron James,1610612747,Los Angeles Lakers,1,9,22,Missed Shot,Jump Shot,2PT Field Goal,Mid-Range,Left Side(L),16-24 ft.,20,-196,62,1,0,20260305,DEN,LAL
Shot Chart Detail,0022500906,43,2544,LeBron James,1610612747,Los Angeles Lakers,1,8,10,Made Shot,Cutting Layup Shot,2PT Field Goal,Restricted Area,Center(C),Less Than 8 ft.,2,22,14,1,1,20260305,DEN,LAL
Shot Chart Detail,0022500906,70,2544,LeBron James,1610612747,Los Angeles Lakers,1,6,35,Made Shot,Running Alley Oop Dunk Shot,2PT Field Goal,Restricted Area,Center(C),Less Than 8 ft.,1,10,9,1,1,20260305,DEN,LAL
Shot Chart Detail,0022500906,154,2544,LeBron James,1610612747,Los Angeles Lakers,1,0,12,Made Shot,Turnaround Fadeaway shot,2PT Field Goal,Mid-Range,Left Side(L),8-16 ft.,12,-129,-13,1,1,20260305,DEN,LAL
Shot Chart Detail,0022500906,212,2544,LeBron James,1610612747,Los Angeles Lakers,2,8,21,Made Shot,Running Reverse Layup Shot,2PT Field Goal,Restricted Area,Center(C),Less Than 8 ft.,2,-23,15,1,1,20260305,DEN,LAL
Shot Chart Detail,0022500906,304,2544,LeBron James,1610612747,Los Angeles Lakers,2,0,1,Made Shot,Turnaround Jump Shot,2PT Field Goal,Mid-Range,Right Side Center(RC),16-24 ft.,18,131,127,1,1,20260305,DEN,LAL
Shot Chart Detail,0022500906,361,2544,LeBron James,1610612747,Los Angeles Lakers,3,7,59,Missed Shot,Running Layup Shot,2PT Field Goal,Restricted Area,Center(C),Less Than 8 ft.,3,-21,27,1,0,20260305,DEN,LAL
Shot Chart Detail,0022500906,446,2544,LeBron James,1610612747,Los Angeles Lakers,3,1,24,Missed Shot,Jump Shot,3PT Field Goal,Right Corner 3,Right Side(R),24+ ft.,24,238,55,1,0,20260305,DEN,LAL
Shot Chart Detail,0022500906,488,2544,LeBron James,1610612747,Los Angeles Lakers,4,11,4,Missed Shot,Pullup Jump shot,3PT Field Goal,Above the Break 3,Center(C),24+ ft.,26,-43,258,1,0,20260305,DEN,LAL
Shot Chart Detail,0022500906,537,2544,LeBron James,1610612747,Los Angeles Lakers,4,7,29,Made Shot,Running Layup Shot,2PT Field Goal,In The Paint (Non-RA),Center(C),Less Than 8 ft.,4,-29,36,1,1,20260305,DEN,LAL
Shot Chart Detail,0022500906,570,2544,LeBron James,1610612747,Los Angeles Lakers,4,4,5,Made Shot,Driving Layup Shot,2PT Field Goal,Restricted Area,Center(C),Less Than 8 ft.,3,-18,25,1,1,20260305,DEN,LAL
Shot Chart Detail,0022500960,206,2544,LeBron James,1610612747,Los Angeles Lakers,2,10,3,Missed Shot,Running Layup Shot,2PT Field Goal,In The Paint (Non-RA),Center(C),Less Than 8 ft.,6,11,68,1,0,20260312,LAL,CHI
Shot Chart Detail,0022500960,220,2544,LeBron James,1610612747,Los Angeles Lakers,2,9,18,Missed Shot,Pullup Jump shot,2PT Field Goal,Mid-Range,Center(C),16-24 ft.,19,11,191,1,0,20260312,LAL,CHI
Shot Chart Detail,0022500960,322,2544,LeBron James,1610612747,Los Angeles Lakers,2,1,46,Missed Shot,Driving Layup Shot,2PT Field Goal,In The Paint (Non-RA),Center(C),Less Than 8 ft.,4,-10,48,1,0,20260312,LAL,CHI
Shot Chart Detail,0022500960,330,2544,LeBron James,1610612747,Los Angeles Lakers,2,1,12,Missed Shot,Jump Shot,3PT Field Goal,Above the Break 3,Right Side Center(RC),24+ ft.,25,229,113,1,0,20260312,LAL,CHI
Shot Chart Detail,0022500960,336,2544,LeBron James,1610612747,Los Angeles Lakers,2,0,54,Made Shot,Running Pull-Up Jump Shot,2PT Field Goal,In The Paint (Non-RA),Center(C),Less Than 8 ft.,6,-21,57,1,1,20260312,LAL,CHI
Shot Chart Detail,0022500960,357,2544,LeBron James,1610612747,Los Angeles Lakers,3,11,34,Made Shot,Running Dunk Shot,2PT Field Goal,Restricted Area,Center(C),Less Than 8 ft.,2,17,20,1,1,20260312,LAL,CHI
Shot Chart Detail,0022500960,408,2544,LeBron James,1610612747,Los Angeles Lakers,3,8,16,Made Shot,Cutting Finger Roll Layup Shot,2PT Field Goal,Restricted Area,Center(C),Less Than 8 ft.,1,18,-1,1,1,20260312,LAL,CHI
Shot Chart Detail,0022500960,444,2544,LeBron James,1610612747,Los Angeles Lakers,3,5,39,Made Shot,Driving Dunk Shot,2PT Field Goal,Restricted Area,Center(C),Less Than 8 ft.,1,11,5,1,1,20260312,LAL,CHI
Shot Chart Detail,0022500960,449,2544,LeBron James,1610612747,Los Angeles Lakers,3,5,5,Made Shot,Putback Layup Shot,2PT Field Goal,Restricted Area,Center(C),Less Than 8 ft.,0,9,3,1,1,20260312,LAL,CHI
Shot Chart Detail,0022500960,511,2544,LeBron James,1610612747,Los Angeles Lakers,3,1,38,Made Shot,Putback Layup Shot,2PT Field Goal,Restricted Area,Center(C),Less Than 8 ft.,1,15,5,1,1,20260312,LAL,CHI
Shot Chart Detail,0022500960,564,2544,LeBron James,1610612747,Los Angeles Lakers,4,11,14,Made Shot,Turnaround Fadeaway shot,2PT Field Goal,In The Paint (Non-RA),Center(C),Less Than 8 ft.,6,-56,29,1,1,20260312,LAL,CHI
Shot Chart Detail,0022500960,581,2544,LeBron James,1610612747,Los Angeles Lakers,4,10,2,Missed Shot,Turnaround Fadeaway shot,2PT Field Goal,Mid-Range,Left Side(L),8-16 ft.,9,-94,26,1,0,20260312,LAL,CHI
Shot Chart Detail,0022500960,692,2544,LeBron James,1610612747,Los Angeles Lakers,4,1,56,Missed Shot,Jump Shot,3PT Field Goal,Above the Break 3,Left Side Center(LC),24+ ft.,25,-161,198,1,0,20260312,LAL,CHI
Shot Chart Detail,0022500974,58,2544,LeBron James,1610612747,Los Angeles Lakers,1,6,27,Made Shot,Turnaround Fadeaway shot,2PT Field Goal,Mid-Range,Left Side(L),8-16 ft.,12,-118,23,1,1,20260314,LAL,DEN
Shot Chart Detail,0022500974,170,2544,LeBron James,1610612747,Los Angeles Lakers,2,10,39,Made Shot,Running Jump Shot,3PT Field Goal,Above the Break 3,Right Side Center(RC),24+ ft.,26,165,207,1,1,20260314,LAL,DEN
Shot Chart Detail,0022500974,176,2544,LeBron James,1610612747,Los Angeles Lakers,2,9,45,Made Shot,Fadeaway Jump Shot,2PT Field Goal,In The Paint (Non-RA),Center(C),Less Than 8 ft.,4,25,37,1,1,20260314,LAL,DEN
Shot Chart Detail,0022500974,180,2544,LeBron James,1610612747,Los Angeles Lakers,2,9,23,Missed Shot,Running Pull-Up Jump Shot,3PT Field Goal,Above the Break 3,Right Side Center(RC),24+ ft.,26,115,237,1,0,20260314,LAL,DEN
Shot Chart Detail,0022500974,213,2544,LeBron James,1610612747,Los Angeles Lakers,2,7,5,Made Shot,Running Layup Shot,2PT Field Goal,Restricted Area,Center(C),Less Than 8 ft.,3,-1,37,1,1,20260314,LAL,DEN
Shot Chart Detail,0022500974,281,2544,LeBron James,1610612747,Los Angeles Lakers,2,1,53,Made Shot,Running Dunk Shot,2PT Field Goal,Restricted Area,Center(C),Less Than 8 ft.,2,4,27,1,1,20260314,LAL,DEN
Shot Chart Detail,0022500974,361,2544,LeBron James,1610612747,Los Angeles Lakers,3,8,27,Made Shot,Turnaround Jump Shot,2PT Field Goal,In The Paint (Non-RA),Center(C),Less Than 8 ft.,5,-43,26,1,1,20260314,LAL,DEN
Shot Chart Detail,0022500974,377,2544,LeBron James,1610612747,Los Angeles Lakers,3,7,11,Missed Shot,Running Layup Shot,2PT Field Goal,Restricted Area,Center(C),Less Than 8 ft.,3,-6,30,1,0,20260314,LAL,DEN
Shot Chart Detail,0022500974,511,2544,LeBron James,1610612747,Los Angeles Lakers,4,11,16,Missed Shot,Turnaround Jump Shot,2PT Field Goal,Mid-Range,Left Side(L),8-16 ft.,11,-110,-10,1,0,20260314,LAL,DEN
Shot Chart Detail,0022500974,544,2544,LeBron James,1610612747,Los Angeles Lakers,4,8,16,Missed Shot,Running Jump Shot,3PT Field Goal,Above the Break 3,Center(C),24+ ft.,30,6,309,1,0,20260314,LAL,DEN
Shot Chart Detail,0022500974,567,2544,LeBron James,1610612747,Los Angeles Lakers,4,5,50,Missed Shot,Driving Layup Shot,2PT Field Goal,In The Paint (Non-RA),Center(C),Less Than 8 ft.,5,31,50,1,0,20260314,LAL,DEN
Shot Chart Detail,0022500974,576,2544,LeBron James,1610612747,Los Angeles Lakers,4,5,28,Made Shot,Driving Floating Bank Jump Shot,2PT Field Goal,In The Paint (Non-RA),Center(C),Less Than 8 ft.,4,-25,35,1,1,20260314,LAL,DEN
Shot Chart Detail,0022500974,757,2544,LeBron James,1610612747,Los Angeles Lakers,5,2,15,Missed Shot,Cutting Layup Shot,2PT Field Goal,Restricted Area,Center(C),Less Than 8 ft.,2,-29,3,1,0,20260314,LAL,DEN
Shot Chart Detail,0022500989,19,2544,LeBron James,1610612747,Los Angeles Lakers,1,10,39,Made Shot,Running Dunk Shot,2PT Field Goal,Restricted Area,Center(C),Less Than 8 ft.,1,-7,15,1,1,20260316,HOU,LAL
Shot Chart Detail,0022500989,46,2544,LeBron James,1610612747,Los Angeles Lakers,1,6,50,Made Shot,Running Dunk Shot,2PT Field Goal,Restricted Area,Center(C),Less Than 8 ft.,3,-15,27,1,1,20260316,HOU,LAL
Shot Chart Detail,0022500989,133,2544,LeBron James,1610612747,Los Angeles Lakers,2,11,40,Missed Shot,Driving Finger Roll Layup Shot,2PT Field Goal,In The Paint (Non-RA),Center(C),Less Than 8 ft.,4,37,26,1,0,20260316,HOU,LAL
Shot Chart Detail,0022500989,196,2544,LeBron James,1610612747,Los Angeles Lakers,2,7,31,Missed Shot,Turnaround Fadeaway shot,2PT Field Goal,In The Paint (Non-RA),Left Side(L),8-16 ft.,8,-67,56,1,0,20260316,HOU,LAL
Shot Chart Detail,0022500989,319,2544,LeBron James,1610612747,Los Angeles Lakers,3,11,42,Missed Shot,Jump Shot,3PT Field Goal,Above the Break 3,Center(C),24+ ft.,27,-37,270,1,0,20260316,HOU,LAL
Shot Chart Detail,0022500989,343,2544,LeBron James,1610612747,Los Angeles Lakers,3,9,8,Made Shot,Pullup Jump shot,2PT Field Goal,Mid-Range,Right Side Center(RC),16-24 ft.,16,89,136,1,1,20260316,HOU,LAL
Shot Chart Detail,0022500989,356,2544,LeBron James,1610612747,Los Angeles Lakers,3,7,57,Made Shot,Step Back Jump shot,3PT Field Goal,Above the Break 3,Left Side Center(LC),24+ ft.,25,-232,115,1,1,20260316,HOU,LAL
Shot Chart Detail,0022500989,407,2544,LeBron James,1610612747,Los Angeles Lakers,3,4,46,Made Shot,Cutting Layup Shot,2PT Field Goal,Restricted Area,Center(C),Less Than 8 ft.,2,17,16,1,1,20260316,HOU,LAL
Shot Chart Detail,0022500989,492,2544,LeBron James,1610612747,Los Angeles Lakers,4,11,17,Made Shot,Running Alley Oop Dunk Shot,2PT Field Goal,Restricted Area,Center(C),Less Than 8 ft.,2,20,17,1,1,20260316,HOU,LAL
Shot Chart Detail,0022500989,501,2544,LeBron James,1610612747,Los Angeles Lakers,4,10,36,Missed Shot,Jump Shot,3PT Field Goal,Above the Break 3,Left Side Center(LC),24+ ft.,29,-162,249,1,0,20260316,HOU,LAL
Shot Chart Detail,0022500989,519,2544,LeBron James,1610612747,Los Angeles Lakers,4,8,57,Missed Shot,Jump Shot,2PT Field Goal,Mid-Range,Left Side(L),16-24 ft.,19,-175,88,1,0,20260316,HOU,LAL
Shot Chart Detail,0022500989,621,2544,LeBron James,1610612747,Los Angeles Lakers,4,1,16,Missed Shot,Driving Layup Shot,2PT Field Goal,Restricted Area,Center(C),Less Than 8 ft.,3,-29,20,1,0,20260316,HOU,LAL
Shot Chart Detail,0022500989,634,2544,LeBron James,1610612747,Los Angeles Lakers,4,0,39,Made Shot,Running Dunk Shot,2PT Field Goal,Restricted Area,Center(C),Less Than 8 ft.,2,-4,26,1,1,20260316,HOU,LAL
Shot Chart Detail,0022501007,7,2544,LeBron James,1610612747,Los Angeles Lakers,1,11,46,Made Shot,Jump Shot,3PT Field Goal,Left Corner 3,Left Side(L),24+ ft.,22,-223,13,1,1,20260318,HOU,LAL
Shot Chart Detail,0022501007,38,2544,LeBron James,1610612747,Los Angeles Lakers,1,9,14,Made Shot,Pullup Jump shot,3PT Field Goal,Above the Break 3,Center(C),24+ ft.,27,42,269,1,1,20260318,HOU,LAL
Shot Chart Detail,0022501007,81,2544,LeBron James,1610612747,Los Angeles Lakers,1,5,30,Made Shot,Running Dunk Shot,2PT Field Goal,Restricted Area,Center(C),Less Than 8 ft.,0,5,8,1,1,20260318,HOU,LAL
Shot Chart Detail,0022501007,166,2544,LeBron James,1610612747,Los Angeles Lakers,2,10,52,Made Shot,Alley Oop Dunk Shot,2PT Field Goal,Restricted Area,Center(C),Less Than 8 ft.,1,4,14,1,1,20260318,HOU,LAL
Shot Chart Detail,0022501007,183,2544,LeBron James,1610612747,Los Angeles Lakers,2,8,54,Made Shot,Running Dunk Shot,2PT Field Goal,In The Paint (Non-RA),Center(C),Less Than 8 ft.,4,2,41,1,1,20260318,HOU,LAL
Shot Chart Detail,0022501007,198,2544,LeBron James,1610612747,Los Angeles Lakers,2,7,51,Made Shot,Driving Finger Roll Layup Shot,2PT Field Goal,Restricted Area,Center(C),Less Than 8 ft.,0,6,6,1,1,20260318,HOU,LAL
Shot Chart Detail,0022501007,283,2544,LeBron James,1610612747,Los Angeles Lakers,2,1,35,Made Shot,Cutting Finger Roll Layup Shot,2PT Field Goal,Restricted Area,Center(C),Less Than 8 ft.,0,0,9,1,1,20260318,HOU,LAL
Shot Chart Detail,0022501007,289,2544,LeBron James,1610612747,Los Angeles Lakers,2,0,53,Made Shot,Tip Dunk Shot,2PT Field Goal,Restricted Area,Center(C),Less Than 8 ft.,0,0,0,1,1,20260318,HOU,LAL
Shot Chart Detail,0022501007,411,2544,LeBron James,1610612747,Los Angeles Lakers,3,4,17,Made Shot,Alley Oop Dunk Shot,2PT Field Goal,Restricted Area,Center(C),Less Than 8 ft.,1,-6,13,1,1,20260318,HOU,LAL
Shot Chart Detail,0022501007,513,2544,LeBron James,1610612747,Los Angeles Lakers,4,10,39,Missed Shot,Driving Layup Shot,2PT Field Goal,In The Paint (Non-RA),Center(C),Less Than 8 ft.,4,-42,25,1,0,20260318,HOU,LAL
Shot Chart Detail,0022501007,520,2544,LeBron James,1610612747,Los Angeles Lakers,4,9,30,Made Shot,Driving Floating Bank Jump Shot,2PT Field Goal,Restricted Area,Center(C),Less Than 8 ft.,3,-15,27,1,1,20260318,HOU,LAL
Shot Chart Detail,0022501007,523,2544,LeBron James,1610612747,Los Angeles Lakers,4,9,3,Made Shot,Running Finger Roll Layup Shot,2PT Field Goal,Restricted Area,Center(C),Less Than 8 ft.,2,7,29,1,1,20260318,HOU,LAL
Shot Chart Detail,0022501007,558,2544,LeBron James,1610612747,Los Angeles Lakers,4,6,17,Made Shot,Fadeaway Jump Shot,2PT Field Goal,In The Paint (Non-RA),Left Side(L),8-16 ft.,8,-70,54,1,1,20260318,HOU,LAL
Shot Chart Detail,0022501007,616,2544,LeBron James,1610612747,Los Angeles Lakers,4,1,22,Made Shot,Alley Oop Dunk Shot,2PT Field Goal,Restricted Area,Center(C),Less Than 8 ft.,1,0,12,1,1,20260318,HOU,LAL
Shot Chart Detail,0022501010,36,2544,LeBron James,1610612747,Los Angeles Lakers,1,8,59,Made Shot,Cutting Dunk Shot,2PT Field Goal,Restricted Area,Center(C),Less Than 8 ft.,1,9,13,1,1,20260319,MIA,LAL
Shot Chart Detail,0022501010,182,2544,LeBron James,1610612747,Los Angeles Lakers,2,11,36,Made Shot,Turnaround Jump Shot,2PT Field Goal,Mid-Range,Center(C),8-16 ft.,14,-6,149,1,1,20260319,MIA,LAL
Shot Chart Detail,0022501010,185,2544,LeBron James,1610612747,Los Angeles Lakers,2,11,1,Made Shot,Cutting Layup Shot,2PT Field Goal,Restricted Area,Center(C),Less Than 8 ft.,1,12,15,1,1,20260319,MIA,LAL
Shot Chart Detail,0022501010,217,2544,LeBron James,1610612747,Los Angeles Lakers,2,7,54,Made Shot,Turnaround Fadeaway shot,2PT Field Goal,Mid-Range,Right Side(R),8-16 ft.,11,92,64,1,1,20260319,MIA,LAL
Shot Chart Detail,0022501010,263,2544,LeBron James,1610612747,Los Angeles Lakers,2,5,4,Made Shot,Driving Layup Shot,2PT Field Goal,Restricted Area,Center(C),Less Than 8 ft.,1,0,18,1,1,20260319,MIA,LAL
Shot Chart Detail,0022501010,340,2544,LeBron James,1610612747,Los Angeles Lakers,3,11,55,Made Shot,Driving Finger Roll Layup Shot,2PT Field Goal,Restricted Area,Center(C),Less Than 8 ft.,2,29,5,1,1,20260319,MIA,LAL
Shot Chart Detail,0022501010,387,2544,LeBron James,1610612747,Los Angeles Lakers,3,7,4,Made Shot,Layup Shot,2PT Field Goal,Restricted Area,Center(C),Less Than 8 ft.,1,-11,6,1,1,20260319,MIA,LAL
Shot Chart Detail,0022501010,559,2544,LeBron James,1610612747,Los Angeles Lakers,4,10,35,Missed Shot,Running Layup Shot,2PT Field Goal,In The Paint (Non-RA),Center(C),Less Than 8 ft.,4,-32,34,1,0,20260319,MIA,LAL
Shot Chart Detail,0022501010,607,2544,LeBron James,1610612747,Los Angeles Lakers,4,4,53,Missed Shot,Putback Layup Shot,2PT Field Goal,Restricted Area,Center(C),Less Than 8 ft.,1,11,15,1,0,20260319,MIA,LAL
Shot Chart Detail,0022501010,628,2544,LeBron James,1610612747,Los Angeles Lakers,4,3,41,Missed Shot,Running Layup Shot,2PT Field Goal,Restricted Area,Center(C),Less Than 8 ft.,1,16,5,1,0,20260319,MIA,LAL
Shot Chart Detail,0022501010,634,2544,LeBron James,1610612747,Los Angeles Lakers,4,2,58,Missed Shot,Driving Floating Bank Jump Shot,2PT Field Goal,Restricted Area,Center(C),Less Than 8 ft.,3,2,31,1,0,20260319,MIA,LAL
Shot Chart Detail,0022501010,649,2544,LeBron James,1610612747,Los Angeles Lakers,4,1,37,Made Shot,Driving Layup Shot,2PT Field Goal,Restricted Area,Center(C),Less Than 8 ft.,1,-6,14,1,1,20260319,MIA,LAL
Shot Chart Detail,0022501024,11,2544,LeBron James,1610612747,Los Angeles Lakers,1,11,22,Made Shot,Running Dunk Shot,2PT Field Goal,Restricted Area,Center(C),Less Than 8 ft.,0,2,1,1,1,20260321,ORL,LAL
Shot Chart Detail,0022501024,67,2544,LeBron James,1610612747,Los Angeles Lakers,1,6,48,Made Shot,Jump Shot,2PT Field Goal,Mid-Range,Left Side Center(LC),16-24 ft.,22,-99,201,1,1,20260321,ORL,LAL
Shot Chart Detail,0022501024,78,2544,LeBron James,1610612747,Los Angeles Lakers,1,5,31,Missed Shot,Jump Shot,3PT Field Goal,Right Corner 3,Right Side(R),24+ ft.,23,230,57,1,0,20260321,ORL,LAL
Shot Chart Detail,0022501024,208,2544,LeBron James,1610612747,Los Angeles Lakers,2,8,53,Missed Shot,Turnaround Fadeaway Bank Jump Shot,2PT Field Goal,In The Paint (Non-RA),Right Side(R),8-16 ft.,8,78,34,1,0,20260321,ORL,LAL
Shot Chart Detail,0022501024,378,2544,LeBron James,1610612747,Los Angeles Lakers,3,10,21,Missed Shot,Pullup Jump shot,2PT Field Goal,In The Paint (Non-RA),Center(C),8-16 ft.,14,-32,138,1,0,20260321,ORL,LAL
Shot Chart Detail,0022501024,404,2544,LeBron James,1610612747,Los Angeles Lakers,3,7,53,Missed Shot,Jump Shot,2PT Field Goal,Mid-Range,Left Side Center(LC),16-24 ft.,22,-162,159,1,0,20260321,ORL,LAL
Shot Chart Detail,0022501024,428,2544,LeBron James,1610612747,Los Angeles Lakers,3,6,34,Made Shot,Running Alley Oop Layup Shot,2PT Field Goal,Restricted Area,Center(C),Less Than 8 ft.,2,-23,8,1,1,20260321,ORL,LAL
Shot Chart Detail,0022501024,441,2544,LeBron James,1610612747,Los Angeles Lakers,3,6,0,Made Shot,Running Layup Shot,2PT Field Goal,Restricted Area,Center(C),Less Than 8 ft.,3,-12,29,1,1,20260321,ORL,LAL
Shot Chart Detail,0022501024,533,2544,LeBron James,1610612747,Los Angeles Lakers,3,0,0,Missed Shot,Driving Floating Jump Shot,2PT Field Goal,In The Paint (Non-RA),Center(C),Less Than 8 ft.,6,0,63,1,0,20260321,ORL,LAL
Shot Chart Detail,0022501024,548,2544,LeBron James,1610612747,Los Angeles Lakers,4,10,27,Missed Shot,Fadeaway Jump Shot,2PT Field Goal,Mid-Range,Center(C),16-24 ft.,16,15,169,1,0,20260321,ORL,LAL
Shot Chart Detail,0022501024,587,2544,LeBron James,1610612747,Los Angeles Lakers,4,7,43,Missed Shot,Pullup Jump shot,3PT Field Goal,Above the Break 3,Center(C),24+ ft.,25,31,256,1,0,20260321,ORL,LAL
Shot Chart Detail,0022501024,663,2544,LeBron James,1610612747,Los Angeles Lakers,4,2,2,Made Shot,Driving Layup Shot,2PT Field Goal,Restricted Area,Center(C),Less Than 8 ft.,2,-21,20,1,1,20260321,ORL,LAL
Shot Chart Detail,0022501024,706,2544,LeBron James,1610612747,Los Angeles Lakers,4,0,2,Missed Shot,Cutting Layup Shot,2PT Field Goal,Restricted Area,Center(C),Less Than 8 ft.,2,-18,15,1,0,20260321,ORL,LAL
Shot Chart Detail,0022501038,68,2544,LeBron James,1610612747,Los Angeles Lakers,1,6,56,Missed Shot,Jump Shot,2PT Field Goal,Mid-Range,Right Side Center(RC),16-24 ft.,21,152,150,1,0,20260323,DET,LAL
Shot Chart Detail,0022501038,92,2544,LeBron James,1610612747,Los Angeles Lakers,1,5,38,Missed Shot,Driving Layup Shot,2PT Field Goal,In The Paint (Non-RA),Center(C),Less Than 8 ft.,4,-39,29,1,0,20260323,DET,LAL
Shot Chart Detail,0022501038,97,2544,LeBron James,1610612747,Los Angeles Lakers,1,5,5,Missed Shot,Turnaround Fadeaway shot,2PT Field Goal,Mid-Range,Left Side(L),8-16 ft.,8,-85,17,1,0,20260323,DET,LAL
Shot Chart Detail,0022501038,231,2544,LeBron James,1610612747,Los Angeles Lakers,2,8,44,Missed Shot,Turnaround Jump Shot,2PT Field Goal,In The Paint (Non-RA),Center(C),Less Than 8 ft.,6,-62,-5,1,0,20260323,DET,LAL
Shot Chart Detail,0022501038,336,2544,LeBron James,1610612747,Los Angeles Lakers,2,1,53,Missed Shot,Pullup Jump shot,3PT Field Goal,Above the Break 3,Right Side Center(RC),24+ ft.,28,163,239,1,0,20260323,DET,LAL
Shot Chart Detail,0022501038,438,2544,LeBron James,1610612747,Los Angeles Lakers,3,5,54,Made Shot,Jump Shot,3PT Field Goal,Above the Break 3,Left Side Center(LC),24+ ft.,26,-186,185,1,1,20260323,DET,LAL
Shot Chart Detail,0022501038,447,2544,LeBron James,1610612747,Los Angeles Lakers,3,4,48,Made Shot,Running Layup Shot,2PT Field Goal,Restricted Area,Center(C),Less Than 8 ft.,3,22,27,1,1,20260323,DET,LAL
Shot Chart Detail,0022501038,453,2544,LeBron James,1610612747,Los Angeles Lakers,3,4,3,Missed Shot,Turnaround Fadeaway shot,2PT Field Goal,Mid-Range,Left Side(L),8-16 ft.,14,-92,116,1,0,20260323,DET,LAL
Shot Chart Detail,0022501038,536,2544,LeBron James,1610612747,Los Angeles Lakers,4,10,11,Made Shot,Driving Layup Shot,2PT Field Goal,Restricted Area,Center(C),Less Than 8 ft.,3,-34,1,1,1,20260323,DET,LAL
Shot Chart Detail,0022501038,599,2544,LeBron James,1610612747,Los Angeles Lakers,4,5,8,Made Shot,Putback Layup Shot,2PT Field Goal,Restricted Area,Center(C),Less Than 8 ft.,3,33,6,1,1,20260323,DET,LAL
Shot Chart Detail,0022501052,28,2544,LeBron James,1610612747,Los Angeles Lakers,1,10,2,Made Shot,Running Dunk Shot,2PT Field Goal,Restricted Area,Center(C),Less Than 8 ft.,2,-26,-7,1,1,20260325,IND,LAL
Shot Chart Detail,0022501052,32,2544,LeBron James,1610612747,Los Angeles Lakers,1,9,27,Missed Shot,Fadeaway Bank shot,2PT Field Goal,Mid-Range,Left Side(L),8-16 ft.,12,-118,32,1,0,20260325,IND,LAL
Shot Chart Detail,0022501052,50,2544,LeBron James,1610612747,Los Angeles Lakers,1,7,41,Missed Shot,Tip Layup Shot,2PT Field Goal,Restricted Area,Center(C),Less Than 8 ft.,0,0,0,1,0,20260325,IND,LAL
Shot Chart Detail,0022501052,74,2544,LeBron James,1610612747,Los Angeles Lakers,1,5,57,Missed Shot,Cutting Layup Shot,2PT Field Goal,Restricted Area,Center(C),Less Than 8 ft.,1,10,5,1,0,20260325,IND,LAL
Shot Chart Detail,0022501052,81,2544,LeBron James,1610612747,Los Angeles Lakers,1,5,5,Made Shot,Cutting Dunk Shot,2PT Field Goal,Restricted Area,Center(C),Less Than 8 ft.,1,-15,5,1,1,20260325,IND,LAL
Shot Chart Detail,0022501052,182,2544,LeBron James,1610612747,Los Angeles Lakers,2,11,44,Made Shot,Layup Shot,2PT Field Goal,Restricted Area,Center(C),Less Than 8 ft.,1,-5,17,1,1,20260325,IND,LAL
Shot Chart Detail,0022501052,186,2544,LeBron James,1610612747,Los Angeles Lakers,2,11,8,Missed Shot,Driving Layup Shot,2PT Field Goal,Restricted Area,Center(C),Less Than 8 ft.,1,-11,-6,1,0,20260325,IND,LAL
Shot Chart Detail,0022501052,219,2544,LeBron James,1610612747,Los Angeles Lakers,2,9,7,Made Shot,Running Dunk Shot,2PT Field Goal,Restricted Area,Center(C),Less Than 8 ft.,0,-1,4,1,1,20260325,IND,LAL
Shot Chart Detail,0022501052,250,2544,LeBron James,1610612747,Los Angeles Lakers,2,6,54,Missed Shot,Jump Shot,3PT Field Goal,Above the Break 3,Right Side Center(RC),24+ ft.,25,227,121,1,0,20260325,IND,LAL
Shot Chart Detail,0022501052,334,2544,LeBron James,1610612747,Los Angeles Lakers,2,2,3,Made Shot,Running Finger Roll Layup Shot,2PT Field Goal,Restricted Area,Center(C),Less Than 8 ft.,0,0,-4,1,1,20260325,IND,LAL
Shot Chart Detail,0022501052,371,2544,LeBron James,1610612747,Los Angeles Lakers,2,0,8,Made Shot,Running Layup Shot,2PT Field Goal,Restricted Area,Center(C),Less Than 8 ft.,0,0,-6,1,1,20260325,IND,LAL
Shot Chart Detail,0022501052,415,2544,LeBron James,1610612747,Los Angeles Lakers,3,8,32,Missed Shot,Driving Reverse Layup Shot,2PT Field Goal,Restricted Area,Center(C),Less Than 8 ft.,1,-11,10,1,0,20260325,IND,LAL
Shot Chart Detail,0022501052,433,2544,LeBron James,1610612747,Los Angeles Lakers,3,6,53,Made Shot,Running Finger Roll Layup Shot,2PT Field Goal,Restricted Area,Center(C),Less Than 8 ft.,2,-4,20,1,1,20260325,IND,LAL
Shot Chart Detail,0022501052,611,2544,LeBron James,1610612747,Los Angeles Lakers,4,7,9,Made Shot,Pullup Jump shot,2PT Field Goal,Mid-Range,Center(C),16-24 ft.,16,48,157,1,1,20260325,IND,LAL
Shot Chart Detail,0022501052,619,2544,LeBron James,1610612747,Los Angeles Lakers,4,6,27,Missed Shot,Fadeaway Jump Shot,2PT Field Goal,In The Paint (Non-RA),Left Side(L),8-16 ft.,10,-59,84,1,0,20260325,IND,LAL
Shot Chart Detail,0022501052,629,2544,LeBron James,1610612747,Los Angeles Lakers,4,5,53,Made Shot,Turnaround Fadeaway shot,2PT Field Goal,Mid-Range,Left Side(L),8-16 ft.,15,-156,8,1,1,20260325,IND,LAL
Shot Chart Detail,0022501052,693,2544,LeBron James,1610612747,Los Angeles Lakers,4,0,53,Missed Shot,Fadeaway Jump Shot,2PT Field Goal,Mid-Range,Right Side(R),8-16 ft.,10,104,1,1,0,20260325,IND,LAL
Shot Chart Detail,0022501075,27,2544,LeBron James,1610612747,Los Angeles Lakers,1,9,47,Made Shot,Finger Roll Layup Shot,2PT Field Goal,In The Paint (Non-RA),Center(C),Less Than 8 ft.,7,44,62,1,1,20260327,LAL,BKN
Shot Chart Detail,0022501075,34,2544,LeBron James,1610612747,Los Angeles Lakers,1,9,17,Made Shot,Jump Shot,2PT Field Goal,Mid-Range,Center(C),16-24 ft.,18,-28,180,1,1,20260327,LAL,BKN
Shot Chart Detail,0022501075,41,2544,LeBron James,1610612747,Los Angeles Lakers,1,8,20,Missed Shot,Fadeaway Jump Shot,2PT Field Goal,Mid-Range,Right Side(R),8-16 ft.,15,156,26,1,0,20260327,LAL,BKN
Shot Chart Detail,0022501075,43,2544,LeBron James,1610612747,Los Angeles Lakers,1,8,17,Missed Shot,Jump Shot,3PT Field Goal,Right Corner 3,Right Side(R),24+ ft.,23,229,51,1,0,20260327,LAL,BKN
Shot Chart Detail,0022501075,78,2544,LeBron James,1610612747,Los Angeles Lakers,1,5,37,Made Shot,Driving Layup Shot,2PT Field Goal,Restricted Area,Center(C),Less Than 8 ft.,2,-20,10,1,1,20260327,LAL,BKN
Shot Chart Detail,0022501075,92,2544,LeBron James,1610612747,Los Angeles Lakers,1,4,45,Missed Shot,Driving Reverse Layup Shot,2PT Field Goal,Restricted Area,Center(C),Less Than 8 ft.,2,-13,27,1,0,20260327,LAL,BKN
Shot Chart Detail,0022501075,205,2544,LeBron James,1610612747,Los Angeles Lakers,2,9,34,Missed Shot,Fadeaway Jump Shot,2PT Field Goal,In The Paint (Non-RA),Center(C),8-16 ft.,10,-42,100,1,0,20260327,LAL,BKN
Shot Chart Detail,0022501075,214,2544,LeBron James,1610612747,Los Angeles Lakers,2,8,30,Made Shot,Driving Layup Shot,2PT Field Goal,Restricted Area,Center(C),Less Than 8 ft.,1,-11,11,1,1,20260327,LAL,BKN
Shot Chart Detail,0022501075,503,2544,LeBron James,1610612747,Los Angeles Lakers,3,1,3,Missed Shot,Fadeaway Jump Shot,2PT Field Goal,In The Paint (Non-RA),Left Side(L),8-16 ft.,11,-69,89,1,0,20260327,LAL,BKN
Shot Chart Detail,0022501075,632,2544,LeBron James,1610612747,Los Angeles Lakers,4,3,52,Made Shot,Driving Layup Shot,2PT Field Goal,Restricted Area,Center(C),Less Than 8 ft.,3,6,36,1,1,20260327,LAL,BKN
Shot Chart Detail,0022501075,657,2544,LeBron James,1610612747,Los Angeles Lakers,4,1,53,Missed Shot,Turnaround Fadeaway shot,2PT Field Goal,Mid-Range,Left Side Center(LC),16-24 ft.,19,-114,153,1,0,20260327,LAL,BKN
Shot Chart Detail,0022501098,7,2544,LeBron James,1610612747,Los Angeles Lakers,1,11,43,Made Shot,Driving Layup Shot,2PT Field Goal,Restricted Area,Center(C),Less Than 8 ft.,2,-12,26,1,1,20260330,LAL,WAS
Shot Chart Detail,0022501098,19,2544,LeBron James,1610612747,Los Angeles Lakers,1,10,17,Missed Shot,Cutting Layup Shot,2PT Field Goal,In The Paint (Non-RA),Center(C),Less Than 8 ft.,4,-37,19,1,0,20260330,LAL,WAS
Shot Chart Detail,0022501098,26,2544,LeBron James,1610612747,Los Angeles Lakers,1,9,49,Made Shot,Turnaround Fadeaway shot,2PT Field Goal,Mid-Range,Left Side(L),16-24 ft.,17,-174,17,1,1,20260330,LAL,WAS
Shot Chart Detail,0022501098,33,2544,LeBron James,1610612747,Los Angeles Lakers,1,8,53,Missed Shot,Cutting Dunk Shot,2PT Field Goal,Restricted Area,Center(C),Less Than 8 ft.,1,-15,5,1,0,20260330,LAL,WAS
Shot Chart Detail,0022501098,48,2544,LeBron James,1610612747,Los Angeles Lakers,1,7,58,Made Shot,Running Alley Oop Dunk Shot,2PT Field Goal,Restricted Area,Center(C),Less Than 8 ft.,1,10,16,1,1,20260330,LAL,WAS
Shot Chart Detail,0022501098,62,2544,LeBron James,1610612747,Los Angeles Lakers,1,6,18,Made Shot,Alley Oop Dunk Shot,2PT Field Goal,Restricted Area,Center(C),Less Than 8 ft.,1,-9,16,1,1,20260330,LAL,WAS
Shot Chart Detail,0022501098,149,2544,LeBron James,1610612747,Los Angeles Lakers,2,11,20,Missed Shot,Driving Layup Shot,2PT Field Goal,Restricted Area,Center(C),Less Than 8 ft.,1,-13,8,1,0,20260330,LAL,WAS
Shot Chart Detail,0022501098,193,2544,LeBron James,1610612747,Los Angeles Lakers,2,7,59,Missed Shot,Driving Layup Shot,2PT Field Goal,Restricted Area,Center(C),Less Than 8 ft.,1,-10,10,1,0,20260330,LAL,WAS
Shot Chart Detail,0022501098,231,2544,LeBron James,1610612747,Los Angeles Lakers,2,5,30,Made Shot,Running Dunk Shot,2PT Field Goal,Restricted Area,Center(C),Less Than 8 ft.,1,-2,17,1,1,20260330,LAL,WAS
Shot Chart Detail,0022501098,302,2544,LeBron James,1610612747,Los Angeles Lakers,2,1,15,Made Shot,Driving Layup Shot,2PT Field Goal,Restricted Area,Center(C),Less Than 8 ft.,3,6,34,1,1,20260330,LAL,WAS
Shot Chart Detail,0022501098,346,2544,LeBron James,1610612747,Los Angeles Lakers,3,10,18,Missed Shot,Running Layup Shot,2PT Field Goal,Restricted Area,Center(C),Less Than 8 ft.,2,-1,26,1,0,20260330,LAL,WAS
Shot Chart Detail,0022501098,353,2544,LeBron James,1610612747,Los Angeles Lakers,3,9,30,Missed Shot,Running Alley Oop Layup Shot,2PT Field Goal,Restricted Area,Center(C),Less Than 8 ft.,3,11,36,1,0,20260330,LAL,WAS
Shot Chart Detail,0022501098,355,2544,LeBron James,1610612747,Los Angeles Lakers,3,9,19,Missed Shot,Jump Shot,3PT Field Goal,Left Corner 3,Left Side(L),24+ ft.,23,-235,41,1,0,20260330,LAL,WAS
Shot Chart Detail,0022501098,480,2544,LeBron James,1610612747,Los Angeles Lakers,3,0,59,Made Shot,Fadeaway Jump Shot,2PT Field Goal,Mid-Range,Left Side(L),8-16 ft.,10,-89,62,1,1,20260330,LAL,WAS
Shot Chart Detail,0022501098,515,2544,LeBron James,1610612747,Los Angeles Lakers,4,10,18,Made Shot,Running Pull-Up Jump Shot,3PT Field Goal,Above the Break 3,Right Side Center(RC),24+ ft.,29,121,274,1,1,20260330,LAL,WAS
Shot Chart Detail,0022501098,548,2544,LeBron James,1610612747,Los Angeles Lakers,4,7,35,Missed Shot,Jump Shot,3PT Field Goal,Above the Break 3,Center(C),24+ ft.,28,48,277,1,0,20260330,LAL,WAS
Shot Chart Detail,0022501103,35,2544,LeBron James,1610612747,Los Angeles Lakers,1,9,20,Made Shot,Pullup Jump shot,2PT Field Goal,Mid-Range,Right Side Center(RC),16-24 ft.,20,131,160,1,1,20260331,LAL,CLE
Shot Chart Detail,0022501103,43,2544,LeBron James,1610612747,Los Angeles Lakers,1,8,21,Missed Shot,Jump Shot,3PT Field Goal,Left Corner 3,Left Side(L),24+ ft.,23,-230,41,1,0,20260331,LAL,CLE
Shot Chart Detail,0022501103,63,2544,LeBron James,1610612747,Los Angeles Lakers,1,6,36,Made Shot,Running Dunk Shot,2PT Field Goal,Restricted Area,Center(C),Less Than 8 ft.,2,22,12,1,1,20260331,LAL,CLE
Shot Chart Detail,0022501103,139,2544,LeBron James,1610612747,Los Angeles Lakers,1,1,7,Made Shot,Jump Shot,3PT Field Goal,Right Corner 3,Right Side(R),24+ ft.,22,227,32,1,1,20260331,LAL,CLE
Shot Chart Detail,0022501103,184,2544,LeBron James,1610612747,Los Angeles Lakers,2,10,8,Missed Shot,Turnaround Fadeaway shot,2PT Field Goal,Mid-Range,Right Side(R),8-16 ft.,11,110,12,1,0,20260331,LAL,CLE
Shot Chart Detail,0022501103,252,2544,LeBron James,1610612747,Los Angeles Lakers,2,5,47,Missed Shot,Jump Shot,3PT Field Goal,Above the Break 3,Left Side Center(LC),24+ ft.,26,-127,236,1,0,20260331,LAL,CLE
Shot Chart Detail,0022501103,376,2544,LeBron James,1610612747,Los Angeles Lakers,3,7,43,Made Shot,Running Alley Oop Dunk Shot,2PT Field Goal,Restricted Area,Center(C),Less Than 8 ft.,1,4,14,1,1,20260331,LAL,CLE
Shot Chart Detail,0022501103,521,2544,LeBron James,1610612747,Los Angeles Lakers,4,9,48,Missed Shot,Turnaround Jump Shot,2PT Field Goal,Mid-Range,Right Side(R),8-16 ft.,15,125,88,1,0,20260331,LAL,CLE
Shot Chart Detail,0022501116,28,2544,LeBron James,1610612747,Los Angeles Lakers,1,9,54,Missed Shot,Pullup Jump shot,2PT Field Goal,Mid-Range,Center(C),16-24 ft.,19,42,191,1,0,20260402,OKC,LAL
Shot Chart Detail,0022501116,196,2544,LeBron James,1610612747,Los Angeles Lakers,2,9,48,Missed Shot,Pullup Jump shot,3PT Field Goal,Above the Break 3,Left Side Center(LC),24+ ft.,26,-221,142,1,0,20260402,OKC,LAL
Shot Chart Detail,0022501116,322,2544,LeBron James,1610612747,Los Angeles Lakers,2,0,37,Made Shot,Driving Dunk Shot,2PT Field Goal,Restricted Area,Center(C),Less Than 8 ft.,2,9,18,1,1,20260402,OKC,LAL
Shot Chart Detail,0022501116,352,2544,LeBron James,1610612747,Los Angeles Lakers,3,10,45,Made Shot,Jump Shot,3PT Field Goal,Right Corner 3,Right Side(R),24+ ft.,23,230,-8,1,1,20260402,OKC,LAL
Shot Chart Detail,0022501116,364,2544,LeBron James,1610612747,Los Angeles Lakers,3,9,8,Missed Shot,Jump Shot,3PT Field Goal,Right Corner 3,Right Side(R),24+ ft.,22,227,-11,1,0,20260402,OKC,LAL
Shot Chart Detail,0022501116,391,2544,LeBron James,1610612747,Los Angeles Lakers,3,7,20,Made Shot,Running Dunk Shot,2PT Field Goal,Restricted Area,Center(C),Less Than 8 ft.,0,1,0,1,1,20260402,OKC,LAL
Shot Chart Detail,0022501116,419,2544,LeBron James,1610612747,Los Angeles Lakers,3,5,36,Missed Shot,Pullup Jump shot,3PT Field Goal,Above the Break 3,Center(C),24+ ft.,26,1,264,1,0,20260402,OKC,LAL
Shot Chart Detail,0022501140,42,2544,LeBron James,1610612747,Los Angeles Lakers,1,8,18,Made Shot,Driving Layup Shot,2PT Field Goal,Restricted Area,Center(C),Less Than 8 ft.,2,-20,11,1,1,20260405,DAL,LAL
Shot Chart Detail,0022501140,45,2544,LeBron James,1610612747,Los Angeles Lakers,1,8,3,Made Shot,Driving Hook Shot,2PT Field Goal,In The Paint (Non-RA),Center(C),Less Than 8 ft.,5,-21,48,1,1,20260405,DAL,LAL
Shot Chart Detail,0022501140,71,2544,LeBron James,1610612747,Los Angeles Lakers,1,6,8,Made Shot,Step Back Jump shot,2PT Field Goal,Mid-Range,Left Side Center(LC),16-24 ft.,22,-85,208,1,1,20260405,DAL,LAL
Shot Chart Detail,0022501140,138,2544,LeBron James,1610612747,Los Angeles Lakers,1,0,36,Missed Shot,Fadeaway Jump Shot,2PT Field Goal,In The Paint (Non-RA),Left Side(L),8-16 ft.,8,-61,63,1,0,20260405,DAL,LAL
Shot Chart Detail,0022501140,199,2544,LeBron James,1610612747,Los Angeles Lakers,2,9,22,Made Shot,Turnaround Bank shot,2PT Field Goal,In The Paint (Non-RA),Center(C),Less Than 8 ft.,6,-66,12,1,1,20260405,DAL,LAL
Shot Chart Detail,0022501140,223,2544,LeBron James,1610612747,Los Angeles Lakers,2,7,48,Made Shot,Pullup Jump shot,2PT Field Goal,Mid-Range,Center(C),16-24 ft.,19,12,193,1,1,20260405,DAL,LAL
Shot Chart Detail,0022501140,242,2544,LeBron James,1610612747,Los Angeles Lakers,2,6,47,Made Shot,Driving Dunk Shot,2PT Field Goal,Restricted Area,Center(C),Less Than 8 ft.,2,16,24,1,1,20260405,DAL,LAL
Shot Chart Detail,0022501140,246,2544,LeBron James,1610612747,Los Angeles Lakers,2,6,29,Made Shot,Running Dunk Shot,2PT Field Goal,Restricted Area,Center(C),Less Than 8 ft.,3,-21,26,1,1,20260405,DAL,LAL
Shot Chart Detail,0022501140,257,2544,LeBron James,1610612747,Los Angeles Lakers,2,6,1,Made Shot,Jump Shot,3PT Field Goal,Above the Break 3,Left Side Center(LC),24+ ft.,26,-206,159,1,1,20260405,DAL,LAL
Shot Chart Detail,0022501140,322,2544,LeBron James,1610612747,Los Angeles Lakers,2,1,9,Missed Shot,Driving Layup Shot,2PT Field Goal,In The Paint (Non-RA),Center(C),Less Than 8 ft.,5,16,50,1,0,20260405,DAL,LAL
Shot Chart Detail,0022501140,340,2544,LeBron James,1610612747,Los Angeles Lakers,2,0,29,Made Shot,Running Layup Shot,2PT Field Goal,Restricted Area,Center(C),Less Than 8 ft.,2,5,22,1,1,20260405,DAL,LAL
Shot Chart Detail,0022501140,367,2544,LeBron James,1610612747,Los Angeles Lakers,3,10,55,Missed Shot,Jump Shot,3PT Field Goal,Above the Break 3,Left Side Center(LC),24+ ft.,26,-126,236,1,0,20260405,DAL,LAL
Shot Chart Detail,0022501140,386,2544,LeBron James,1610612747,Los Angeles Lakers,3,9,25,Made Shot,Running Alley Oop Dunk Shot,2PT Field Goal,Restricted Area,Center(C),Less Than 8 ft.,1,5,10,1,1,20260405,DAL,LAL
Shot Chart Detail,0022501140,404,2544,LeBron James,1610612747,Los Angeles Lakers,3,7,1,Missed Shot,Pullup Jump shot,3PT Field Goal,Above the Break 3,Center(C),24+ ft.,28,-9,286,1,0,20260405,DAL,LAL
Shot Chart Detail,0022501140,514,2544,LeBron James,1610612747,Los Angeles Lakers,3,0,50,Missed Shot,Driving Floating Jump Shot,2PT Field Goal,In The Paint (Non-RA),Center(C),8-16 ft.,8,-29,84,1,0,20260405,DAL,LAL
Shot Chart Detail,0022501140,552,2544,LeBron James,1610612747,Los Angeles Lakers,4,11,8,Missed Shot,Jump Shot,3PT Field Goal,Above the Break 3,Left Side Center(LC),24+ ft.,25,-178,181,1,0,20260405,DAL,LAL
Shot Chart Detail,0022501140,607,2544,LeBron James,1610612747,Los Angeles Lakers,4,7,12,Missed Shot,Driving Bank Hook Shot,2PT Field Goal,In The Paint (Non-RA),Center(C),Less Than 8 ft.,5,37,36,1,0,20260405,DAL,LAL
Shot Chart Detail,0022501140,622,2544,LeBron James,1610612747,Los Angeles Lakers,4,6,38,Made Shot,Driving Dunk Shot,2PT Field Goal,Restricted Area,Center(C),Less Than 8 ft.,0,4,7,1,1,20260405,DAL,LAL
Shot Chart Detail,0022501140,684,2544,LeBron James,1610612747,Los Angeles Lakers,4,1,59,Made Shot,Driving Layup Shot,2PT Field Goal,Restricted Area,Center(C),Less Than 8 ft.,2,-16,21,1,1,20260405,DAL,LAL
Shot Chart Detail,0022501140,688,2544,LeBron James,1610612747,Los Angeles Lakers,4,1,30,Missed Shot,Pullup Jump shot,3PT Field Goal,Above the Break 3,Center(C),24+ ft.,28,-1,289,1,0,20260405,DAL,LAL
Shot Chart Detail,0022501140,703,2544,LeBron James,1610612747,Los Angeles Lakers,4,0,53,Missed Shot,Layup Shot,2PT Field Goal,Restricted Area,Center(C),Less Than 8 ft.,2,22,11,1,0,20260405,DAL,LAL
Shot Chart Detail,0022501140,728,2544,LeBron James,1610612747,Los Angeles Lakers,4,0,17,Missed Shot,Pullup Jump shot,3PT Field Goal,Above the Break 3,Left Side Center(LC),24+ ft.,27,-173,216,1,0,20260405,DAL,LAL
Shot Chart Detail,0022501170,20,2544,LeBron James,1610612747,Los Angeles Lakers,1,10,13,Made Shot,Driving Layup Shot,2PT Field Goal,In The Paint (Non-RA),Center(C),Less Than 8 ft.,5,-16,55,1,1,20260409,GSW,LAL
Shot Chart Detail,0022501170,24,2544,LeBron James,1610612747,Los Angeles Lakers,1,9,42,Made Shot,Turnaround Bank shot,2PT Field Goal,Mid-Range,Left Side(L),8-16 ft.,11,-109,43,1,1,20260409,GSW,LAL
Shot Chart Detail,0022501170,50,2544,LeBron James,1610612747,Los Angeles Lakers,1,7,35,Missed Shot,Fadeaway Jump Shot,2PT Field Goal,In The Paint (Non-RA),Center(C),8-16 ft.,8,-2,82,1,0,20260409,GSW,LAL
Shot Chart Detail,0022501170,70,2544,LeBron James,1610612747,Los Angeles Lakers,1,6,7,Made Shot,Jump Shot,3PT Field Goal,Above the Break 3,Center(C),24+ ft.,26,-25,260,1,1,20260409,GSW,LAL
Shot Chart Detail,0022501170,127,2544,LeBron James,1610612747,Los Angeles Lakers,1,1,52,Missed Shot,Jump Shot,2PT Field Goal,Mid-Range,Left Side(L),16-24 ft.,17,-172,37,1,0,20260409,GSW,LAL
Shot Chart Detail,0022501170,139,2544,LeBron James,1610612747,Los Angeles Lakers,1,0,48,Made Shot,Running Dunk Shot,2PT Field Goal,Restricted Area,Center(C),Less Than 8 ft.,1,10,16,1,1,20260409,GSW,LAL
Shot Chart Detail,0022501170,143,2544,LeBron James,1610612747,Los Angeles Lakers,1,0,4,Made Shot,Step Back Jump shot,3PT Field Goal,Above the Break 3,Left Side Center(LC),24+ ft.,27,-154,222,1,1,20260409,GSW,LAL
Shot Chart Detail,0022501170,182,2544,LeBron James,1610612747,Los Angeles Lakers,2,9,54,Made Shot,Step Back Jump shot,3PT Field Goal,Above the Break 3,Right Side Center(RC),24+ ft.,26,211,152,1,1,20260409,GSW,LAL
Shot Chart Detail,0022501170,218,2544,LeBron James,1610612747,Los Angeles Lakers,2,6,30,Missed Shot,Jump Shot,3PT Field Goal,Above the Break 3,Left Side Center(LC),24+ ft.,25,-202,162,1,0,20260409,GSW,LAL
Shot Chart Detail,0022501170,279,2544,LeBron James,1610612747,Los Angeles Lakers,2,0,45,Made Shot,Pullup Jump shot,2PT Field Goal,Mid-Range,Left Side(L),16-24 ft.,20,-180,90,1,1,20260409,GSW,LAL
Shot Chart Detail,0022501170,284,2544,LeBron James,1610612747,Los Angeles Lakers,2,0,15,Missed Shot,Pullup Jump shot,2PT Field Goal,Mid-Range,Right Side Center(RC),16-24 ft.,19,78,174,1,0,20260409,GSW,LAL
Shot Chart Detail,0022501170,303,2544,LeBron James,1610612747,Los Angeles Lakers,3,11,22,Made Shot,Driving Floating Bank Jump Shot,2PT Field Goal,In The Paint (Non-RA),Center(C),Less Than 8 ft.,5,43,26,1,1,20260409,GSW,LAL
Shot Chart Detail,0022501170,344,2544,LeBron James,1610612747,Los Angeles Lakers,3,8,9,Missed Shot,Jump Shot,3PT Field Goal,Above the Break 3,Right Side Center(RC),24+ ft.,26,170,204,1,0,20260409,GSW,LAL
Shot Chart Detail,0022501170,440,2544,LeBron James,1610612747,Los Angeles Lakers,3,0,34,Missed Shot,Driving Layup Shot,2PT Field Goal,In The Paint (Non-RA),Center(C),Less Than 8 ft.,5,45,39,1,0,20260409,GSW,LAL
Shot Chart Detail,0022501170,466,2544,LeBron James,1610612747,Los Angeles Lakers,4,11,36,Made Shot,Driving Layup Shot,2PT Field Goal,In The Paint (Non-RA),Center(C),Less Than 8 ft.,7,-60,47,1,1,20260409,GSW,LAL
Shot Chart Detail,0022501170,476,2544,LeBron James,1610612747,Los Angeles Lakers,4,10,28,Made Shot,Running Layup Shot,2PT Field Goal,Restricted Area,Center(C),Less Than 8 ft.,2,0,20,1,1,20260409,GSW,LAL
Shot Chart Detail,0022501170,482,2544,LeBron James,1610612747,Los Angeles Lakers,4,10,6,Made Shot,Running Dunk Shot,2PT Field Goal,Restricted Area,Center(C),Less Than 8 ft.,2,2,26,1,1,20260409,GSW,LAL
Shot Chart Detail,0022501185,13,2544,LeBron James,1610612747,Los Angeles Lakers,1,10,40,Made Shot,Jump Shot,3PT Field Goal,Right Corner 3,Right Side(R),24+ ft.,23,234,38,1,1,20260410,LAL,PHX
Shot Chart Detail,0022501185,37,2544,LeBron James,1610612747,Los Angeles Lakers,1,8,16,Made Shot,Jump Shot,3PT Field Goal,Above the Break 3,Left Side Center(LC),24+ ft.,24,-109,222,1,1,20260410,LAL,PHX
Shot Chart Detail,0022501185,57,2544,LeBron James,1610612747,Los Angeles Lakers,1,6,50,Made Shot,Fadeaway Bank shot,2PT Field Goal,Mid-Range,Left Side(L),8-16 ft.,15,-134,79,1,1,20260410,LAL,PHX
Shot Chart Detail,0022501185,95,2544,LeBron James,1610612747,Los Angeles Lakers,1,4,53,Made Shot,Running Dunk Shot,2PT Field Goal,Restricted Area,Center(C),Less Than 8 ft.,0,-9,3,1,1,20260410,LAL,PHX
Shot Chart Detail,0022501185,188,2544,LeBron James,1610612747,Los Angeles Lakers,2,9,55,Missed Shot,Turnaround Hook Shot,2PT Field Goal,In The Paint (Non-RA),Center(C),8-16 ft.,13,50,126,1,0,20260410,LAL,PHX
Shot Chart Detail,0022501185,228,2544,LeBron James,1610612747,Los Angeles Lakers,2,7,22,Missed Shot,Jump Shot,2PT Field Goal,Mid-Range,Right Side(R),16-24 ft.,22,210,69,1,0,20260410,LAL,PHX
Shot Chart Detail,0022501185,248,2544,LeBron James,1610612747,Los Angeles Lakers,2,5,57,Made Shot,Running Layup Shot,2PT Field Goal,Restricted Area,Center(C),Less Than 8 ft.,3,33,13,1,1,20260410,LAL,PHX
Shot Chart Detail,0022501185,305,2544,LeBron James,1610612747,Los Angeles Lakers,2,1,29,Made Shot,Driving Layup Shot,2PT Field Goal,Restricted Area,Center(C),Less Than 8 ft.,2,-27,-7,1,1,20260410,LAL,PHX
Shot Chart Detail,0022501185,309,2544,LeBron James,1610612747,Los Angeles Lakers,2,0,53,Made Shot,Turnaround Fadeaway shot,2PT Field Goal,Mid-Range,Left Side(L),8-16 ft.,11,-114,13,1,1,20260410,LAL,PHX
Shot Chart Detail,0022501185,319,2544,LeBron James,1610612747,Los Angeles Lakers,2,0,9,Made Shot,Turnaround Fadeaway shot,2PT Field Goal,Mid-Range,Left Side(L),8-16 ft.,12,-119,23,1,1,20260410,LAL,PHX
Shot Chart Detail,0022501185,497,2544,LeBron James,1610612747,Los Angeles Lakers,3,1,33,Made Shot,Cutting Layup Shot,2PT Field Goal,Restricted Area,Center(C),Less Than 8 ft.,3,0,39,1,1,20260410,LAL,PHX
Shot Chart Detail,0022501185,501,2544,LeBron James,1610612747,Los Angeles Lakers,3,1,12,Made Shot,Running Dunk Shot,2PT Field Goal,Restricted Area,Center(C),Less Than 8 ft.,1,2,13,1,1,20260410,LAL,PHX
Shot Chart Detail,0022501185,541,2544,LeBron James,1610612747,Los Angeles Lakers,4,9,51,Missed Shot,Pullup Jump shot,2PT Field Goal,Mid-Range,Center(C),16-24 ft.,20,58,194,1,0,20260410,LAL,PHX
Shot Chart Detail,0022501185,552,2544,LeBron James,1610612747,Los Angeles Lakers,4,9,17,Missed Shot,Running Layup Shot,2PT Field Goal,In The Paint (Non-RA),Left Side(L),8-16 ft.,8,-74,41,1,0,20260410,LAL,PHX
Shot Chart Detail,0022501185,578,2544,LeBron James,1610612747,Los Angeles Lakers,4,7,34,Missed Shot,Pullup Jump shot,2PT Field Goal,Mid-Range,Center(C),16-24 ft.,22,-22,223,1,0,20260410,LAL,PHX
Shot Chart Detail,0022501185,582,2544,LeBron James,1610612747,Los Angeles Lakers,4,6,59,Missed Shot,Turnaround Fadeaway shot,2PT Field Goal,Mid-Range,Left Side(L),16-24 ft.,17,-164,59,1,0,20260410,LAL,PHX
Shot Chart Detail,0022501198,19,2544,LeBron James,1610612747,Los Angeles Lakers,1,11,4,Missed Shot,Pullup Jump shot,2PT Field Goal,Restricted Area,Center(C),Less Than 8 ft.,1,4,17,1,0,20260412,LAL,UTA
Shot Chart Detail,0022501198,29,2544,LeBron James,1610612747,Los Angeles Lakers,1,9,54,Made Shot,Step Back Jump shot,2PT Field Goal,Mid-Range,Left Side Center(LC),16-24 ft.,19,-138,138,1,1,20260412,LAL,UTA
Shot Chart Detail,0022501198,39,2544,LeBron James,1610612747,Los Angeles Lakers,1,8,41,Missed Shot,Running Layup Shot,2PT Field Goal,Restricted Area,Center(C),Less Than 8 ft.,2,-1,23,1,0,20260412,LAL,UTA
Shot Chart Detail,0022501198,65,2544,LeBron James,1610612747,Los Angeles Lakers,1,7,6,Missed Shot,Pullup Jump shot,3PT Field Goal,Above the Break 3,Center(C),24+ ft.,26,-67,253,1,0,20260412,LAL,UTA
Shot Chart Detail,0022501198,69,2544,LeBron James,1610612747,Los Angeles Lakers,1,6,49,Made Shot,Running Layup Shot,2PT Field Goal,Restricted Area,Center(C),Less Than 8 ft.,1,-10,15,1,1,20260412,LAL,UTA
Shot Chart Detail,0022501198,80,2544,LeBron James,1610612747,Los Angeles Lakers,1,6,10,Made Shot,Running Layup Shot,2PT Field Goal,Restricted Area,Center(C),Less Than 8 ft.,1,5,12,1,1,20260412,LAL,UTA
Shot Chart Detail,0022501198,164,2544,LeBron James,1610612747,Los Angeles Lakers,1,0,30,Missed Shot,Fadeaway Jump Shot,2PT Field Goal,In The Paint (Non-RA),Center(C),Less Than 8 ft.,7,29,67,1,0,20260412,LAL,UTA
Shot Chart Detail,0022501198,213,2544,LeBron James,1610612747,Los Angeles Lakers,2,10,8,Missed Shot,Running Layup Shot,2PT Field Goal,In The Paint (Non-RA),Center(C),Less Than 8 ft.,5,32,49,1,0,20260412,LAL,UTA
Shot Chart Detail,0022501198,230,2544,LeBron James,1610612747,Los Angeles Lakers,2,9,27,Missed Shot,Turnaround Fadeaway shot,2PT Field Goal,Mid-Range,Right Side(R),8-16 ft.,12,93,84,1,0,20260412,LAL,UTA
Shot Chart Detail,0022501198,250,2544,LeBron James,1610612747,Los Angeles Lakers,2,8,13,Made Shot,Cutting Layup Shot,2PT Field Goal,Restricted Area,Center(C),Less Than 8 ft.,3,-11,29,1,1,20260412,LAL,UTA
Shot Chart Detail,0022501198,264,2544,LeBron James,1610612747,Los Angeles Lakers,2,7,51,Made Shot,Driving Finger Roll Layup Shot,2PT Field Goal,In The Paint (Non-RA),Center(C),Less Than 8 ft.,6,-38,47,1,1,20260412,LAL,UTA
Shot Chart Detail,0022501198,353,2544,LeBron James,1610612747,Los Angeles Lakers,2,0,39,Missed Shot,Pullup Jump shot,3PT Field Goal,Above the Break 3,Center(C),24+ ft.,30,15,306,1,0,20260412,LAL,UTA
Shot Chart Detail,0022501198,355,2544,LeBron James,1610612747,Los Angeles Lakers,2,0,30,Missed Shot,Cutting Layup Shot,2PT Field Goal,In The Paint (Non-RA),Center(C),Less Than 8 ft.,6,-22,59,1,0,20260412,LAL,UTA
Shot Chart Detail,0022501198,359,2544,LeBron James,1610612747,Los Angeles Lakers,2,0,23,Made Shot,Driving Layup Shot,2PT Field Goal,Restricted Area,Center(C),Less Than 8 ft.,3,-26,16,1,1,20260412,LAL,UTA
Shot Chart Detail,0022501198,363,2544,LeBron James,1610612747,Los Angeles Lakers,2,0,0,Missed Shot,Pullup Jump shot,3PT Field Goal,Above the Break 3,Left Side Center(LC),24+ ft.,35,-126,332,1,0,20260412,LAL,UTA
Shot Chart Detail,0022501204,12,2544,LeBron James,1610612747,Los Angeles Lakers,1,11,11,Made Shot,Fadeaway Jump Shot,2PT Field Goal,Mid-Range,Center(C),8-16 ft.,15,-9,150,1,1,20251210,LAL,SAS
Shot Chart Detail,0022501204,35,2544,LeBron James,1610612747,Los Angeles Lakers,1,8,53,Made Shot,Running Layup Shot,2PT Field Goal,Restricted Area,Center(C),Less Than 8 ft.,3,-31,24,1,1,20251210,LAL,SAS
Shot Chart Detail,0022501204,51,2544,LeBron James,1610612747,Los Angeles Lakers,1,7,18,Missed Shot,Running Pull-Up Jump Shot,3PT Field Goal,Above the Break 3,Right Side Center(RC),24+ ft.,28,135,248,1,0,20251210,LAL,SAS
Shot Chart Detail,0022501204,141,2544,LeBron James,1610612747,Los Angeles Lakers,1,1,34,Made Shot,Cutting Layup Shot,2PT Field Goal,Restricted Area,Center(C),Less Than 8 ft.,2,-13,20,1,1,20251210,LAL,SAS
Shot Chart Detail,0022501204,172,2544,LeBron James,1610612747,Los Angeles Lakers,2,11,36,Missed Shot,Fadeaway Jump Shot,2PT Field Goal,Mid-Range,Center(C),8-16 ft.,14,-15,141,1,0,20251210,LAL,SAS
Shot Chart Detail,0022501204,201,2544,LeBron James,1610612747,Los Angeles Lakers,2,9,51,Missed Shot,Tip Layup Shot,2PT Field Goal,Restricted Area,Center(C),Less Than 8 ft.,0,0,0,1,0,20251210,LAL,SAS
Shot Chart Detail,0022501204,215,2544,LeBron James,1610612747,Los Angeles Lakers,2,8,56,Made Shot,Pullup Jump shot,2PT Field Goal,In The Paint (Non-RA),Center(C),8-16 ft.,15,-76,135,1,1,20251210,LAL,SAS
Shot Chart Detail,0022501204,221,2544,LeBron James,1610612747,Los Angeles Lakers,2,8,25,Missed Shot,Driving Layup Shot,2PT Field Goal,Restricted Area,Center(C),Less Than 8 ft.,2,9,25,1,0,20251210,LAL,SAS
Shot Chart Detail,0022501204,243,2544,LeBron James,1610612747,Los Angeles Lakers,2,7,29,Made Shot,Driving Layup Shot,2PT Field Goal,Restricted Area,Center(C),Less Than 8 ft.,2,-12,25,1,1,20251210,LAL,SAS
Shot Chart Detail,0022501204,343,2544,LeBron James,1610612747,Los Angeles Lakers,2,0,56,Made Shot,Running Dunk Shot,2PT Field Goal,Restricted Area,Center(C),Less Than 8 ft.,3,31,-1,1,1,20251210,LAL,SAS
Shot Chart Detail,0022501204,383,2544,LeBron James,1610612747,Los Angeles Lakers,3,10,24,Missed Shot,Jump Shot,3PT Field Goal,Above the Break 3,Right Side Center(RC),24+ ft.,28,147,246,1,0,20251210,LAL,SAS
Shot Chart Detail,0022501204,406,2544,LeBron James,1610612747,Los Angeles Lakers,3,7,59,Made Shot,Running Layup Shot,2PT Field Goal,Restricted Area,Center(C),Less Than 8 ft.,2,-6,29,1,1,20251210,LAL,SAS
Shot Chart Detail,0022501204,415,2544,LeBron James,1610612747,Los Angeles Lakers,3,7,21,Missed Shot,Driving Layup Shot,2PT Field Goal,Restricted Area,Center(C),Less Than 8 ft.,3,-17,29,1,0,20251210,LAL,SAS
Shot Chart Detail,0022501204,445,2544,LeBron James,1610612747,Los Angeles Lakers,3,6,2,Missed Shot,Jump Shot,3PT Field Goal,Above the Break 3,Left Side Center(LC),24+ ft.,27,-173,210,1,0,20251210,LAL,SAS
Shot Chart Detail,0022501228,22,2544,LeBron James,1610612747,Los Angeles Lakers,1,10,19,Made Shot,Turnaround Fadeaway shot,2PT Field Goal,Mid-Range,Left Side(L),8-16 ft.,11,-110,-17,1,1,20251214,PHX,LAL
Shot Chart Detail,0022501228,129,2544,LeBron James,1610612747,Los Angeles Lakers,1,3,10,Missed Shot,Jump Shot,3PT Field Goal,Left Corner 3,Left Side(L),24+ ft.,22,-223,2,1,0,20251214,PHX,LAL
Shot Chart Detail,0022501228,187,2544,LeBron James,1610612747,Los Angeles Lakers,2,11,11,Missed Shot,Pullup Jump shot,2PT Field Goal,Mid-Range,Left Side(L),8-16 ft.,11,-88,77,1,0,20251214,PHX,LAL
Shot Chart Detail,0022501228,216,2544,LeBron James,1610612747,Los Angeles Lakers,2,8,8,Made Shot,Running Layup Shot,2PT Field Goal,Restricted Area,Center(C),Less Than 8 ft.,1,11,10,1,1,20251214,PHX,LAL
Shot Chart Detail,0022501228,220,2544,LeBron James,1610612747,Los Angeles Lakers,2,7,25,Made Shot,Turnaround Fadeaway shot,2PT Field Goal,Restricted Area,Center(C),Less Than 8 ft.,1,15,8,1,1,20251214,PHX,LAL
Shot Chart Detail,0022501228,234,2544,LeBron James,1610612747,Los Angeles Lakers,2,6,6,Made Shot,Running Layup Shot,2PT Field Goal,Restricted Area,Center(C),Less Than 8 ft.,1,12,15,1,1,20251214,PHX,LAL
Shot Chart Detail,0022501228,399,2544,LeBron James,1610612747,Los Angeles Lakers,3,11,44,Missed Shot,Fadeaway Jump Shot,2PT Field Goal,Mid-Range,Left Side Center(LC),16-24 ft.,19,-81,180,1,0,20251214,PHX,LAL
Shot Chart Detail,0022501228,424,2544,LeBron James,1610612747,Los Angeles Lakers,3,10,34,Missed Shot,Cutting Layup Shot,2PT Field Goal,Restricted Area,Center(C),Less Than 8 ft.,1,15,11,1,0,20251214,PHX,LAL
Shot Chart Detail,0022501228,479,2544,LeBron James,1610612747,Los Angeles Lakers,3,5,36,Missed Shot,Turnaround Fadeaway shot,2PT Field Goal,Mid-Range,Left Side(L),8-16 ft.,14,-142,-17,1,0,20251214,PHX,LAL
Shot Chart Detail,0022501228,569,2544,LeBron James,1610612747,Los Angeles Lakers,3,1,16,Missed Shot,Driving Layup Shot,2PT Field Goal,Restricted Area,Center(C),Less Than 8 ft.,1,-9,11,1,0,20251214,PHX,LAL
Shot Chart Detail,0022501228,571,2544,LeBron James,1610612747,Los Angeles Lakers,3,1,13,Made Shot,Reverse Layup Shot,2PT Field Goal,Restricted Area,Center(C),Less Than 8 ft.,0,6,7,1,1,20251214,PHX,LAL
Shot Chart Detail,0022501228,615,2544,LeBron James,1610612747,Los Angeles Lakers,4,11,38,Made Shot,Running Layup Shot,2PT Field Goal,Restricted Area,Center(C),Less Than 8 ft.,1,-15,-6,1,1,20251214,PHX,LAL
Shot Chart Detail,0022501228,622,2544,LeBron James,1610612747,Los Angeles Lakers,4,10,58,Missed Shot,Pullup Jump shot,3PT Field Goal,Above the Break 3,Left Side Center(LC),24+ ft.,28,-94,270,1,0,20251214,PHX,LAL
Shot Chart Detail,0022501228,626,2544,LeBron James,1610612747,Los Angeles Lakers,4,10,37,Missed Shot,Pullup Jump shot,3PT Field Goal,Above the Break 3,Left Side Center(LC),24+ ft.,25,-143,210,1,0,20251214,PHX,LAL
Shot Chart Detail,0022501228,652,2544,LeBron James,1610612747,Los Angeles Lakers,4,9,30,Made Shot,Pullup Jump shot,3PT Field Goal,Above the Break 3,Right Side Center(RC),24+ ft.,26,173,199,1,1,20251214,PHX,LAL
Shot Chart Detail,0022501228,753,2544,LeBron James,1610612747,Los Angeles Lakers,4,2,43,Missed Shot,Step Back Jump shot,3PT Field Goal,Above the Break 3,Right Side Center(RC),24+ ft.,25,219,125,1,0,20251214,PHX,LAL
Shot Chart Detail,0022501228,774,2544,LeBron James,1610612747,Los Angeles Lakers,4,0,39,Made Shot,Driving Layup Shot,2PT Field Goal,Restricted Area,Center(C),Less Than 8 ft.,2,-2,20,1,1,20251214,PHX,LAL
