GRID_TYPE,GAME_ID,GAME_EVENT_ID,PLAYER_ID,PLAYER_NAME,TEAM_ID,TEAM_NAME,PERIOD,MINUTES_REMAINING,SECONDS_REMAINING,EVENT_TYPE,ACTION_TYPE,SHOT_TYPE,SHOT_ZONE_BASIC,SHOT_ZONE_AREA,SHOT_ZONE_RANGE,SHOT_DISTANCE,LOC_X,LOC_Y,SHOT_ATTEMPTED_FLAG,SHOT_MADE_FLAG,GAME_DATE,HTM,VTM
Shot Chart Detail,0022500027,38,201935,James Harden,1610612746,LA Clippers,1,8,17,Missed Shot,Pullup Jump shot,3PT Field Goal,Above the Break 3,Right Side Center(RC),24+ ft.,27,92,256,1,0,20251031,LAC,NOP
Shot Chart Detail,0022500027,58,201935,James Harden,1610612746,LA Clippers,1,6,55,Made Shot,Running Layup Shot,2PT Field Goal,Restricted Area,Center(C),Less Than 8 ft.,2,-6,27,1,1,20251031,LAC,NOP
Shot Chart Detail,0022500027,76,201935,James Harden,1610612746,LA Clippers,1,5,4,Missed Shot,Step Back Jump shot,3PT Field Goal,Above the Break 3,Left Side Center(LC),24+ ft.,24,-104,224,1,0,20251031,LAC,NOP
Shot Chart Detail,0022500027,166,201935,James Harden,1610612746,LA Clippers,2,11,17,Missed Shot,Driving Layup Shot,2PT Field Goal,Restricted Area,Center(C),Less Than 8 ft.,1,-11,-6,1,0,20251031,LAC,NOP
Shot Chart Detail,0022500027,173,201935,James Harden,1610612746,LA Clippers,2,10,51,Missed Shot,Pullup Jump shot,3PT Field Goal,Above the Break 3,Left Side Center(LC),24+ ft.,26,-107,239,1,0,20251031,LAC,NOP
Shot Chart Detail,0022500027,200,201935,James Harden,1610612746,LA Clippers,2,8,49,Missed Shot,Driving Layup Shot,2PT Field Goal,Restricted Area,Center(C),Less Than 8 ft.,0,-4,-2,1,0,20251031,LAC,NOP
Shot Chart Detail,0022500027,269,201935,James Harden,1610612746,LA Clippers,2,4,10,Made Shot,Pullup Jump shot,3PT Field Goal,Above the Break 3,Center(C),24+ ft.,24,25,246,1,1,20251031,LAC,NOP
Shot Chart Detail,0022500027,290,201935,James Harden,1610612746,LA Clippers,2,3,1,Made Shot,Step Back Jump shot,3PT Field Goal,Above the Break 3,Right Side Center(RC),24+ ft.,26,112,235,1,1,20251031,LAC,NOP
Shot Chart Detail,0022500027,318,201935,James Harden,1610612746,LA Clippers,2,1,8,Made Shot,Driving Layup Shot,2PT Field Goal,Restricted Area,Center(C),Less Than 8 ft.,2,-27,-6,1,1,20251031,LAC,NOP
Shot Chart Detail,0022500027,326,201935,James Harden,1610612746,LA Clippers,2,0,35,Made Shot,Pullup Jump shot,3PT Field Goal,Above the Break 3,Center(C),24+ ft.,29,86,282,1,1,20251031,LAC,NOP
Shot Chart Detail,0022500027,329,201935,James Harden,1610612746,LA Clippers,2,0,1,Missed Shot,Step Back Jump shot,3PT Field Goal,Above the Break 3,Center(C),24+ ft.,27,76,269,1,0,20251031,LAC,NOP
Shot Chart Detail,0022500027,370,201935,James Harden,1610612746,LA Clippers,3,7,56,Missed Shot,Pullup Jump shot,3PT Field Goal,Above the Break 3,Center(C),24+ ft.,30,9,300,1,0,20251031,LAC,NOP
Shot Chart Detail,0022500027,403,201935,James Harden,1610612746,LA Clippers,3,5,37,Missed Shot,Jump Shot,3PT Field Goal,Above the Break 3,Center(C),24+ ft.,27,20,270,1,0,20251031,LAC,NOP
Shot Chart Detail,0022500027,533,201935,James Harden,1610612746,LA Clippers,4,8,33,Made Shot,Driving Layup Shot,2PT Field Goal,Restricted Area,Center(C),Less Than 8 ft.,1,-2,17,1,1,20251031,LAC,NOP
Shot Chart Detail,0022500027,537,201935,James Harden,1610612746,LA Clippers,4,8,9,Made Shot,Running Pull-Up Jump Shot,3PT Field Goal,Above the Break 3,Left Side Center(LC),24+ ft.,31,-121,289,1,1,20251031,LAC,NOP
Shot Chart Detail,0022500027,558,201935,James Harden,1610612746,LA Clippers,4,6,55,Made Shot,Driving Layup Shot,2PT Field Goal,Restricted Area,Center(C),Less Than 8 ft.,2,-23,15,1,1,20251031,LAC,NOP
Shot Chart Detail,0022500027,561,201935,James Harden,1610612746,LA Clippers,4,6,29,Missed Shot,Pullup Jump shot,3PT Field Goal,Above the Break 3,Center(C),24+ ft.,30,28,302,1,0,20251031,LAC,NOP
Shot Chart Detail,0022500027,573,201935,James Harden,1610612746,LA Clippers,4,5,28,Missed Shot,Step Back Jump shot,3PT Field Goal,Above the Break 3,Center(C),24+ ft.,26,-18,260,1,0,20251031,LAC,NOP
Shot Chart Detail,0022500027,634,201935,James Harden,1610612746,LA Clippers,4,0,35,Missed Shot,Pullup Jump shot,3PT Field Goal,Above the Break 3,Right Side Center(RC),24+ ft.,25,134,218,1,0,20251031,LAC,NOP
Shot Chart Detail,0022500046,76,201935,James Harden,1610612746,LA Clippers,1,6,18,Made Shot,Step Back Jump shot,3PT Field Goal,Above the Break 3,Center(C),24+ ft.,25,28,257,1,1,20251114,DAL,LAC
Shot Chart Detail,0022500046,96,201935,James Harden,1610612746,LA Clippers,1,5,16,Missed Shot,Step Back Jump shot,3PT Field Goal,Above the Break 3,Right Side Center(RC),24+ ft.,25,127,226,1,0,20251114,DAL,LAC
Shot Chart Detail,0022500046,102,201935,James Harden,1610612746,LA Clippers,1,4,21,Missed Shot,Driving Floating Jump Shot,2PT Field Goal,In The Paint (Non-RA),Left Side(L),8-16 ft.,8,-58,59,1,0,20251114,DAL,LAC
Shot Chart Detail,0022500046,120,201935,James Harden,1610612746,LA Clippers,1,3,39,Made Shot,Running Layup Shot,2PT Field Goal,Restricted Area,Center(C),Less Than 8 ft.,1,-9,6,1,1,20251114,DAL,LAC
Shot Chart Detail,0022500046,134,201935,James Harden,1610612746,LA Clippers,1,2,39,Missed Shot,Pullup Jump shot,3PT Field Goal,Above the Break 3,Right Side Center(RC),24+ ft.,25,169,189,1,0,20251114,DAL,LAC
Shot Chart Detail,0022500046,164,201935,James Harden,1610612746,LA Clippers,1,0,30,Made Shot,Driving Floating Jump Shot,2PT Field Goal,In The Paint (Non-RA),Center(C),Less Than 8 ft.,6,-4,63,1,1,20251114,DAL,LAC
Shot Chart Detail,0022500046,288,201935,James Harden,1610612746,LA Clippers,2,5,8,Made Shot,Running Finger Roll Layup Shot,2PT Field Goal,Restricted Area,Center(C),Less Than 8 ft.,2,-20,11,1,1,20251114,DAL,LAC
Shot Chart Detail,0022500046,296,201935,James Harden,1610612746,LA Clippers,2,4,35,Made Shot,Pullup Jump shot,3PT Field Goal,Above the Break 3,Left Side Center(LC),24+ ft.,25,-173,188,1,1,20251114,DAL,LAC
Shot Chart Detail,0022500046,317,201935,James Harden,1610612746,LA Clippers,2,3,45,Made Shot,Step Back Jump shot,3PT Field Goal,Right Corner 3,Right Side(R),24+ ft.,22,225,11,1,1,20251114,DAL,LAC
Shot Chart Detail,0022500046,325,201935,James Harden,1610612746,LA Clippers,2,3,5,Made Shot,Pullup Jump shot,3PT Field Goal,Right Corner 3,Right Side(R),24+ ft.,23,225,52,1,1,20251114,DAL,LAC
Shot Chart Detail,0022500046,372,201935,James Harden,1610612746,LA Clippers,2,0,9,Missed Shot,Driving Floating Jump Shot,2PT Field Goal,In The Paint (Non-RA),Center(C),Less Than 8 ft.,4,-28,38,1,0,20251114,DAL,LAC
Shot Chart Detail,0022500046,471,201935,James Harden,1610612746,LA Clippers,3,7,2,Made Shot,Step Back Jump shot,2PT Field Goal,Mid-Range,Right Side(R),8-16 ft.,13,131,29,1,1,20251114,DAL,LAC
Shot Chart Detail,0022500046,479,201935,James Harden,1610612746,LA Clippers,3,6,12,Missed Shot,Driving Finger Roll Layup Shot,2PT Field Goal,Restricted Area,Center(C),Less Than 8 ft.,1,10,13,1,0,20251114,DAL,LAC
Shot Chart Detail,0022500046,576,201935,James Harden,1610612746,LA Clippers,3,0,3,Missed Shot,Pullup Jump shot,3PT Field Goal,Above the Break 3,Right Side Center(RC),24+ ft.,28,158,241,1,0,20251114,DAL,LAC
Shot Chart Detail,0022500046,652,201935,James Harden,1610612746,LA Clippers,4,7,32,Made Shot,Pullup Jump shot,2PT Field Goal,Mid-Range,Right Side(R),8-16 ft.,14,141,32,1,1,20251114,DAL,LAC
Shot Chart Detail,0022500046,697,201935,James Harden,1610612746,LA Clippers,4,3,51,Missed Shot,Pullup Jump shot,3PT Field Goal,Above the Break 3,Left Side Center(LC),24+ ft.,24,-147,198,1,0,20251114,DAL,LAC
Shot Chart Detail,0022500046,713,201935,James Harden,1610612746,LA Clippers,4,2,12,Made Shot,Driving Floating Jump Shot,2PT Field Goal,In The Paint (Non-RA),Center(C),Less Than 8 ft.,4,4,40,1,1,20251114,DAL,LAC
Shot Chart Detail,0022500046,716,201935,James Harden,1610612746,LA Clippers,4,1,38,Missed Shot,Step Back Jump shot,2PT Field Goal,Mid-Range,Left Side(L),8-16 ft.,15,-99,119,1,0,20251114,DAL,LAC
Shot Chart Detail,0022500046,763,201935,James Harden,1610612746,LA Clippers,5,2,2,Missed Shot,Driving Floating Bank Jump Shot,2PT Field Goal,In The Paint (Non-RA),Center(C),Less Than 8 ft.,4,-42,16,1,0,20251114,DAL,LAC
Shot Chart Detail,0022500046,768,201935,James Harden,1610612746,LA Clippers,5,1,31,Made Shot,Step Back Jump shot,3PT Field Goal,Above the Break 3,Center(C),24+ ft.,25,39,253,1,1,20251114,DAL,LAC
Shot Chart Detail,0022500046,776,201935,James Harden,1610612746,LA Clippers,5,0,41,Missed Shot,Pullup Jump shot,3PT Field Goal,Above the Break 3,Left Side Center(LC),24+ ft.,26,-123,234,1,0,20251114,DAL,LAC
Shot Chart Detail,0022500046,785,201935,James Harden,1610612746,LA Clippers,5,0,30,Made Shot,Pullup Jump shot,3PT Field Goal,Above the Break 3,Center(C),24+ ft.,26,-6,269,1,1,20251114,DAL,LAC
Shot Chart Detail,0022500046,808,201935,James Harden,1610612746,LA Clippers,5,0,1,Missed Shot,Driving Floating Jump Shot,2PT Field Goal,In The Paint (Non-RA),Center(C),Less Than 8 ft.,5,50,32,1,0,20251114,DAL,LAC
Shot Chart Detail,0022500046,829,201935,James Harden,1610612746,LA Clippers,6,3,7,Made Shot,Driving Layup Shot,2PT Field Goal,Restricted Area,Center(C),Less Than 8 ft.,2,-21,5,1,1,20251114,DAL,LAC
Shot Chart Detail,0022500046,864,201935,James Harden,1610612746,LA Clippers,6,0,38,Missed Shot,Turnaround Jump Shot,3PT Field Goal,Above the Break 3,Center(C),24+ ft.,24,-38,243,1,0,20251114,DAL,LAC
Shot Chart Detail,0022500059,25,201935,James Harden,1610612746,LA Clippers,1,9,20,Missed Shot,Step Back Jump shot,3PT Field Goal,Above the Break 3,Right Side Center(RC),24+ ft.,25,173,187,1,0,20251125,LAL,LAC
Shot Chart Detail,0022500059,75,201935,James Harden,1610612746,LA Clippers,1,5,11,Made Shot,Driving Floating Jump Shot,2PT Field Goal,In The Paint (Non-RA),Center(C),8-16 ft.,11,-40,110,1,1,20251125,LAL,LAC
Shot Chart Detail,0022500059,81,201935,James Harden,1610612746,LA Clippers,1,4,36,Missed Shot,Pullup Jump shot,3PT Field Goal,Above the Break 3,Right Side Center(RC),24+ ft.,31,99,295,1,0,20251125,LAL,LAC
Shot Chart Detail,0022500059,105,201935,James Harden,1610612746,LA Clippers,1,3,21,Missed Shot,Step Back Jump shot,3PT Field Goal,Above the Break 3,Right Side Center(RC),24+ ft.,26,136,227,1,0,20251125,LAL,LAC
Shot Chart Detail,0022500059,111,201935,James Harden,1610612746,LA Clippers,1,2,38,Made Shot,Driving Layup Shot,2PT Field Goal,Restricted Area,Center(C),Less Than 8 ft.,3,-28,16,1,1,20251125,LAL,LAC
Shot Chart Detail,0022500059,114,201935,James Harden,1610612746,LA Clippers,1,2,15,Missed Shot,Driving Layup Shot,2PT Field Goal,Restricted Area,Center(C),Less Than 8 ft.,2,-21,15,1,0,20251125,LAL,LAC
Shot Chart Detail,0022500059,142,201935,James Harden,1610612746,LA Clippers,1,0,2,Made Shot,Step Back Jump shot,3PT Field Goal,Above the Break 3,Right Side Center(RC),24+ ft.,25,189,174,1,1,20251125,LAL,LAC
Shot Chart Detail,0022500059,243,201935,James Harden,1610612746,LA Clippers,2,4,42,Made Shot,Driving Layup Shot,2PT Field Goal,Restricted Area,Center(C),Less Than 8 ft.,3,-31,14,1,1,20251125,LAL,LAC
Shot Chart Detail,0022500059,250,201935,James Harden,1610612746,LA Clippers,2,3,46,Made Shot,Step Back Jump shot,3PT Field Goal,Above the Break 3,Center(C),24+ ft.,26,81,253,1,1,20251125,LAL,LAC
Shot Chart Detail,0022500059,263,201935,James Harden,1610612746,LA Clippers,2,3,0,Missed Shot,Pullup Jump shot,3PT Field Goal,Above the Break 3,Right Side Center(RC),24+ ft.,32,183,267,1,0,20251125,LAL,LAC
Shot Chart Detail,0022500059,271,201935,James Harden,1610612746,LA Clippers,2,1,49,Missed Shot,Driving Floating Jump Shot,2PT Field Goal,Restricted Area,Center(C),Less Than 8 ft.,3,33,13,1,0,20251125,LAL,LAC
Shot Chart Detail,0022500059,293,201935,James Harden,1610612746,LA Clippers,2,0,29,Missed Shot,Pullup Jump shot,3PT Field Goal,Above the Break 3,Right Side Center(RC),24+ ft.,26,119,236,1,0,20251125,LAL,LAC
Shot Chart Detail,0022500059,332,201935,James Harden,1610612746,LA Clippers,3,9,35,Made Shot,Driving Layup Shot,2PT Field Goal,Restricted Area,Center(C),Less Than 8 ft.,3,-32,10,1,1,20251125,LAL,LAC
Shot Chart Detail,0022500059,341,201935,James Harden,1610612746,LA Clippers,3,8,20,Made Shot,Pullup Jump shot,3PT Field Goal,Above the Break 3,Center(C),24+ ft.,29,49,290,1,1,20251125,LAL,LAC
Shot Chart Detail,0022500059,346,201935,James Harden,1610612746,LA Clippers,3,7,55,Missed Shot,Running Pull-Up Jump Shot,3PT Field Goal,Above the Break 3,Right Side Center(RC),24+ ft.,25,107,231,1,0,20251125,LAL,LAC
Shot Chart Detail,0022500059,355,201935,James Harden,1610612746,LA Clippers,3,7,15,Missed Shot,Driving Floating Jump Shot,2PT Field Goal,In The Paint (Non-RA),Center(C),Less Than 8 ft.,4,-34,28,1,0,20251125,LAL,LAC
Shot Chart Detail,0022500059,363,201935,James Harden,1610612746,LA Clippers,3,6,48,Made Shot,Driving Layup Shot,2PT Field Goal,Restricted Area,Center(C),Less Than 8 ft.,1,-11,12,1,1,20251125,LAL,LAC
Shot Chart Detail,0022500059,410,201935,James Harden,1610612746,LA Clippers,3,3,34,Missed Shot,Pullup Jump shot,3PT Field Goal,Above the Break 3,Left Side Center(LC),24+ ft.,28,-162,233,1,0,20251125,LAL,LAC
Shot Chart Detail,0022500059,574,201935,James Harden,1610612746,LA Clippers,4,5,16,Missed Shot,Pullup Jump shot,3PT Field Goal,Right Corner 3,Right Side(R),24+ ft.,22,227,13,1,0,20251125,LAL,LAC
Shot Chart Detail,0022500059,626,201935,James Harden,1610612746,LA Clippers,4,2,55,Made Shot,Driving Floating Jump Shot,2PT Field Goal,In The Paint (Non-RA),Center(C),Less Than 8 ft.,4,-18,37,1,1,20251125,LAL,LAC
Shot Chart Detail,0022500059,636,201935,James Harden,1610612746,LA Clippers,4,2,32,Missed Shot,Step Back Jump shot,3PT Field Goal,Above the Break 3,Right Side Center(RC),24+ ft.,25,135,211,1,0,20251125,LAL,LAC
Shot Chart Detail,0022500079,23,201935,James Harden,1610612746,LA Clippers,1,10,28,Made Shot,Pullup Jump shot,3PT Field Goal,Above the Break 3,Left Side Center(LC),24+ ft.,26,-92,244,1,1,20251128,LAC,MEM
Shot Chart Detail,0022500079,38,201935,James Harden,1610612746,LA Clippers,1,9,12,Missed Shot,Step Back Jump shot,2PT Field Goal,Mid-Range,Center(C),16-24 ft.,16,51,162,1,0,20251128,LAC,MEM
Shot Chart Detail,0022500079,57,201935,James Harden,1610612746,LA Clippers,1,7,35,Missed Shot,Running Pull-Up Jump Shot,3PT Field Goal,Above the Break 3,Right Side Center(RC),24+ ft.,25,142,209,1,0,20251128,LAC,MEM
Shot Chart Detail,0022500079,139,201935,James Harden,1610612746,LA Clippers,1,2,22,Made Shot,Jump Shot,3PT Field Goal,Above the Break 3,Right Side Center(RC),24+ ft.,26,159,211,1,1,20251128,LAC,MEM
Shot Chart Detail,0022500079,160,201935,James Harden,1610612746,LA Clippers,1,1,31,Made Shot,Pullup Jump shot,3PT Field Goal,Above the Break 3,Right Side Center(RC),24+ ft.,25,120,227,1,1,20251128,LAC,MEM
Shot Chart Detail,0022500079,291,201935,James Harden,1610612746,LA Clippers,2,5,28,Missed Shot,Step Back Jump shot,3PT Field Goal,Above the Break 3,Center(C),24+ ft.,25,-55,254,1,0,20251128,LAC,MEM
Shot Chart Detail,0022500079,325,201935,James Harden,1610612746,LA Clippers,2,3,32,Made Shot,Running Layup Shot,2PT Field Goal,Restricted Area,Center(C),Less Than 8 ft.,3,-29,13,1,1,20251128,LAC,MEM
Shot Chart Detail,0022500079,348,201935,James Harden,1610612746,LA Clippers,2,1,30,Made Shot,Pullup Jump shot,3PT Field Goal,Above the Break 3,Center(C),24+ ft.,26,-32,267,1,1,20251128,LAC,MEM
Shot Chart Detail,0022500079,361,201935,James Harden,1610612746,LA Clippers,2,0,45,Missed Shot,Step Back Jump shot,3PT Field Goal,Above the Break 3,Left Side Center(LC),24+ ft.,25,-145,207,1,0,20251128,LAC,MEM
Shot Chart Detail,0022500079,365,201935,James Harden,1610612746,LA Clippers,2,0,9,Missed Shot,Step Back Jump shot,2PT Field Goal,Mid-Range,Right Side Center(RC),16-24 ft.,17,124,118,1,0,20251128,LAC,MEM
Shot Chart Detail,0022500079,407,201935,James Harden,1610612746,LA Clippers,3,7,35,Missed Shot,Pullup Jump shot,3PT Field Goal,Above the Break 3,Center(C),24+ ft.,25,66,247,1,0,20251128,LAC,MEM
Shot Chart Detail,0022500079,477,201935,James Harden,1610612746,LA Clippers,3,2,39,Missed Shot,Pullup Jump shot,3PT Field Goal,Above the Break 3,Center(C),24+ ft.,24,-43,243,1,0,20251128,LAC,MEM
Shot Chart Detail,0022500079,503,201935,James Harden,1610612746,LA Clippers,3,0,29,Missed Shot,Pullup Jump shot,3PT Field Goal,Above the Break 3,Left Side Center(LC),24+ ft.,26,-123,236,1,0,20251128,LAC,MEM
Shot Chart Detail,0022500079,515,201935,James Harden,1610612746,LA Clippers,3,0,2,Missed Shot,Pullup Jump shot,3PT Field Goal,Above the Break 3,Center(C),24+ ft.,30,-61,300,1,0,20251128,LAC,MEM
Shot Chart Detail,0022500079,595,201935,James Harden,1610612746,LA Clippers,4,6,23,Made Shot,Driving Floating Jump Shot,2PT Field Goal,In The Paint (Non-RA),Center(C),8-16 ft.,13,17,131,1,1,20251128,LAC,MEM
Shot Chart Detail,0022500079,638,201935,James Harden,1610612746,LA Clippers,4,3,5,Missed Shot,Driving Layup Shot,2PT Field Goal,Restricted Area,Center(C),Less Than 8 ft.,3,-29,11,1,0,20251128,LAC,MEM
Shot Chart Detail,0022500079,650,201935,James Harden,1610612746,LA Clippers,4,1,52,Missed Shot,Step Back Jump shot,3PT Field Goal,Above the Break 3,Center(C),24+ ft.,24,-62,232,1,0,20251128,LAC,MEM
Shot Chart Detail,0022500079,690,201935,James Harden,1610612746,LA Clippers,4,0,1,Missed Shot,Jump Shot,3PT Field Goal,Above the Break 3,Center(C),24+ ft.,28,50,283,1,0,20251128,LAC,MEM
Shot Chart Detail,0022500087,33,201935,James Harden,1610612746,LA Clippers,1,9,18,Missed Shot,Step Back Jump shot,3PT Field Goal,Above the Break 3,Center(C),24+ ft.,25,25,249,1,0,20251022,UTA,LAC
Shot Chart Detail,0022500087,36,201935,James Harden,1610612746,LA Clippers,1,8,37,Made Shot,Pullup Jump shot,2PT Field Goal,Mid-Range,Right Side(R),8-16 ft.,9,91,34,1,1,20251022,UTA,LAC
Shot Chart Detail,0022500087,59,201935,James Harden,1610612746,LA Clippers,1,6,39,Made Shot,Pullup Jump shot,3PT Field Goal,Above the Break 3,Center(C),24+ ft.,29,-78,284,1,1,20251022,UTA,LAC
Shot Chart Detail,0022500087,95,201935,James Harden,1610612746,LA Clippers,1,4,19,Made Shot,Step Back Jump shot,2PT Field Goal,In The Paint (Non-RA),Center(C),8-16 ft.,10,-17,101,1,1,20251022,UTA,LAC
Shot Chart Detail,0022500087,231,201935,James Harden,1610612746,LA Clippers,2,7,13,Missed Shot,Jump Shot,3PT Field Goal,Above the Break 3,Center(C),24+ ft.,26,6,267,1,0,20251022,UTA,LAC
Shot Chart Detail,0022500087,252,201935,James Harden,1610612746,LA Clippers,2,6,20,Made Shot,Running Layup Shot,2PT Field Goal,Restricted Area,Center(C),Less Than 8 ft.,3,-34,17,1,1,20251022,UTA,LAC
Shot Chart Detail,0022500087,263,201935,James Harden,1610612746,LA Clippers,2,5,3,Missed Shot,Step Back Jump shot,3PT Field Goal,Above the Break 3,Left Side Center(LC),24+ ft.,25,-123,227,1,0,20251022,UTA,LAC
Shot Chart Detail,0022500087,283,201935,James Harden,1610612746,LA Clippers,2,3,28,Made Shot,Jump Shot,3PT Field Goal,Above the Break 3,Left Side Center(LC),24+ ft.,25,-136,217,1,1,20251022,UTA,LAC
Shot Chart Detail,0022500087,321,201935,James Harden,1610612746,LA Clippers,2,0,29,Missed Shot,Pullup Jump shot,3PT Field Goal,Above the Break 3,Center(C),24+ ft.,26,74,251,1,0,20251022,UTA,LAC
Shot Chart Detail,0022500087,368,201935,James Harden,1610612746,LA Clippers,3,8,23,Missed Shot,Step Back Jump shot,3PT Field Goal,Above the Break 3,Right Side Center(RC),24+ ft.,25,222,116,1,0,20251022,UTA,LAC
Shot Chart Detail,0022500087,407,201935,James Harden,1610612746,LA Clippers,3,5,44,Missed Shot,Jump Shot,3PT Field Goal,Above the Break 3,Left Side Center(LC),24+ ft.,25,-125,219,1,0,20251022,UTA,LAC
Shot Chart Detail,0022500087,497,201935,James Harden,1610612746,LA Clippers,3,0,0,Missed Shot,Jump Shot,3PT Field Goal,Above the Break 3,Left Side Center(LC),24+ ft.,25,-142,209,1,0,20251022,UTA,LAC
Shot Chart Detail,0022500099,27,201935,James Harden,1610612746,LA Clippers,1,9,34,Made Shot,Driving Floating Bank Jump Shot,2PT Field Goal,Restricted Area,Center(C),Less Than 8 ft.,2,-21,20,1,1,20251024,LAC,PHX
Shot Chart Detail,0022500099,34,201935,James Harden,1610612746,LA Clippers,1,9,5,Made Shot,Step Back Jump shot,3PT Field Goal,Above the Break 3,Left Side Center(LC),24+ ft.,26,-179,189,1,1,20251024,LAC,PHX
Shot Chart Detail,0022500099,109,201935,James Harden,1610612746,LA Clippers,1,4,12,Made Shot,Running Layup Shot,2PT Field Goal,Restricted Area,Center(C),Less Than 8 ft.,1,6,18,1,1,20251024,LAC,PHX
Shot Chart Detail,0022500099,124,201935,James Harden,1610612746,LA Clippers,1,3,13,Made Shot,Jump Shot,3PT Field Goal,Above the Break 3,Right Side Center(RC),24+ ft.,26,156,214,1,1,20251024,LAC,PHX
Shot Chart Detail,0022500099,258,201935,James Harden,1610612746,LA Clippers,2,5,11,Missed Shot,Driving Floating Jump Shot,2PT Field Goal,In The Paint (Non-RA),Center(C),Less Than 8 ft.,5,-11,54,1,0,20251024,LAC,PHX
Shot Chart Detail,0022500099,319,201935,James Harden,1610612746,LA Clippers,2,1,7,Made Shot,Jump Shot,3PT Field Goal,Above the Break 3,Right Side Center(RC),24+ ft.,26,143,226,1,1,20251024,LAC,PHX
Shot Chart Detail,0022500099,322,201935,James Harden,1610612746,LA Clippers,2,0,47,Made Shot,Pullup Jump shot,3PT Field Goal,Above the Break 3,Left Side Center(LC),24+ ft.,27,-125,249,1,1,20251024,LAC,PHX
Shot Chart Detail,0022500099,326,201935,James Harden,1610612746,LA Clippers,2,0,30,Made Shot,Running Pull-Up Jump Shot,3PT Field Goal,Above the Break 3,Left Side Center(LC),24+ ft.,26,-181,196,1,1,20251024,LAC,PHX
Shot Chart Detail,0022500099,408,201935,James Harden,1610612746,LA Clippers,3,6,55,Made Shot,Driving Floating Jump Shot,2PT Field Goal,Restricted Area,Center(C),Less Than 8 ft.,2,5,27,1,1,20251024,LAC,PHX
Shot Chart Detail,0022500099,454,201935,James Harden,1610612746,LA Clippers,3,3,46,Missed Shot,Driving Floating Jump Shot,2PT Field Goal,Restricted Area,Center(C),Less Than 8 ft.,3,9,29,1,0,20251024,LAC,PHX
Shot Chart Detail,0022500099,626,201935,James Harden,1610612746,LA Clippers,3,2,37,Missed Shot,Pullup Jump shot,3PT Field Goal,Above the Break 3,Right Side Center(RC),24+ ft.,25,188,173,1,0,20251024,LAC,PHX
Shot Chart Detail,0022500099,479,201935,James Harden,1610612746,LA Clippers,3,1,55,Missed Shot,Step Back Jump shot,3PT Field Goal,Above the Break 3,Right Side Center(RC),24+ ft.,26,172,205,1,0,20251024,LAC,PHX
Shot Chart Detail,0022500112,27,201935,James Harden,1610612746,LA Clippers,1,9,27,Made Shot,Step Back Jump shot,3PT Field Goal,Above the Break 3,Right Side Center(RC),24+ ft.,27,135,235,1,1,20251026,LAC,POR
Shot Chart Detail,0022500112,34,201935,James Harden,1610612746,LA Clippers,1,8,58,Missed Shot,Step Back Jump shot,3PT Field Goal,Left Corner 3,Left Side(L),24+ ft.,23,-234,29,1,0,20251026,LAC,POR
Shot Chart Detail,0022500112,63,201935,James Harden,1610612746,LA Clippers,1,7,13,Missed Shot,Jump Shot,3PT Field Goal,Above the Break 3,Center(C),24+ ft.,30,5,306,1,0,20251026,LAC,POR
Shot Chart Detail,0022500112,72,201935,James Harden,1610612746,LA Clippers,1,6,17,Missed Shot,Driving Floating Jump Shot,2PT Field Goal,In The Paint (Non-RA),Center(C),Less Than 8 ft.,6,33,52,1,0,20251026,LAC,POR
Shot Chart Detail,0022500112,109,201935,James Harden,1610612746,LA Clippers,1,3,47,Made Shot,Driving Layup Shot,2PT Field Goal,Restricted Area,Center(C),Less Than 8 ft.,3,7,37,1,1,20251026,LAC,POR
Shot Chart Detail,0022500112,323,201935,James Harden,1610612746,LA Clippers,2,4,5,Missed Shot,Jump Shot,3PT Field Goal,Above the Break 3,Right Side Center(RC),24+ ft.,27,113,252,1,0,20251026,LAC,POR
Shot Chart Detail,0022500112,327,201935,James Harden,1610612746,LA Clippers,2,3,38,Missed Shot,Pullup Jump shot,3PT Field Goal,Above the Break 3,Left Side Center(LC),24+ ft.,27,-150,226,1,0,20251026,LAC,POR
Shot Chart Detail,0022500112,429,201935,James Harden,1610612746,LA Clippers,3,8,21,Made Shot,Driving Floating Jump Shot,2PT Field Goal,In The Paint (Non-RA),Center(C),Less Than 8 ft.,4,-1,41,1,1,20251026,LAC,POR
Shot Chart Detail,0022500112,482,201935,James Harden,1610612746,LA Clippers,3,4,7,Missed Shot,Running Pull-Up Jump Shot,3PT Field Goal,Above the Break 3,Right Side Center(RC),24+ ft.,26,169,200,1,0,20251026,LAC,POR
Shot Chart Detail,0022500112,507,201935,James Harden,1610612746,LA Clippers,3,2,32,Made Shot,Driving Layup Shot,2PT Field Goal,Restricted Area,Center(C),Less Than 8 ft.,1,-12,9,1,1,20251026,LAC,POR
Shot Chart Detail,0022500112,531,201935,James Harden,1610612746,LA Clippers,3,0,49,Made Shot,Step Back Jump shot,3PT Field Goal,Above the Break 3,Right Side Center(RC),24+ ft.,27,170,213,1,1,20251026,LAC,POR
Shot Chart Detail,0022500112,660,201935,James Harden,1610612746,LA Clippers,4,5,44,Made Shot,Running Layup Shot,2PT Field Goal,In The Paint (Non-RA),Center(C),Less Than 8 ft.,5,-12,55,1,1,20251026,LAC,POR
Shot Chart Detail,0022500127,35,201935,James Harden,1610612746,LA Clippers,1,8,40,Made Shot,Driving Floating Bank Jump Shot,2PT Field Goal,Mid-Range,Left Side(L),8-16 ft.,13,-116,64,1,1,20251028,GSW,LAC
Shot Chart Detail,0022500127,149,201935,James Harden,1610612746,LA Clippers,1,5,37,Missed Shot,Step Back Jump shot,3PT Field Goal,Right Corner 3,Right Side(R),24+ ft.,24,243,38,1,0,20251028,GSW,LAC
Shot Chart Detail,0022500127,85,201935,James Harden,1610612746,LA Clippers,1,5,2,Missed Shot,Driving Layup Shot,2PT Field Goal,Restricted Area,Center(C),Less Than 8 ft.,2,-22,20,1,0,20251028,GSW,LAC
Shot Chart Detail,0022500127,104,201935,James Harden,1610612746,LA Clippers,1,3,36,Made Shot,Running Layup Shot,2PT Field Goal,Restricted Area,Center(C),Less Than 8 ft.,3,-16,26,1,1,20251028,GSW,LAC
Shot Chart Detail,0022500127,134,201935,James Harden,1610612746,LA Clippers,1,1,47,Missed Shot,Pullup Jump shot,3PT Field Goal,Above the Break 3,Right Side Center(RC),24+ ft.,25,158,197,1,0,20251028,GSW,LAC
Shot Chart Detail,0022500127,139,201935,James Harden,1610612746,LA Clippers,1,1,31,Made Shot,Driving Floating Jump Shot,2PT Field Goal,Mid-Range,Center(C),16-24 ft.,16,2,169,1,1,20251028,GSW,LAC
Shot Chart Detail,0022500127,144,201935,James Harden,1610612746,LA Clippers,1,0,51,Made Shot,Driving Layup Shot,2PT Field Goal,In The Paint (Non-RA),Center(C),Less Than 8 ft.,4,-26,41,1,1,20251028,GSW,LAC
Shot Chart Detail,0022500127,290,201935,James Harden,1610612746,LA Clippers,2,3,19,Made Shot,Running Layup Shot,2PT Field Goal,Restricted Area,Center(C),Less Than 8 ft.,3,-21,26,1,1,20251028,GSW,LAC
Shot Chart Detail,0022500127,293,201935,James Harden,1610612746,LA Clippers,2,2,50,Missed Shot,Step Back Jump shot,3PT Field Goal,Above the Break 3,Left Side Center(LC),24+ ft.,26,-89,249,1,0,20251028,GSW,LAC
Shot Chart Detail,0022500127,307,201935,James Harden,1610612746,LA Clippers,2,1,44,Missed Shot,Driving Layup Shot,2PT Field Goal,In The Paint (Non-RA),Center(C),Less Than 8 ft.,4,10,39,1,0,20251028,GSW,LAC
Shot Chart Detail,0022500127,319,201935,James Harden,1610612746,LA Clippers,2,0,41,Made Shot,Running Pull-Up Jump Shot,3PT Field Goal,Above the Break 3,Center(C),24+ ft.,30,-2,300,1,1,20251028,GSW,LAC
Shot Chart Detail,0022500127,324,201935,James Harden,1610612746,LA Clippers,2,0,1,Missed Shot,Step Back Jump shot,3PT Field Goal,Above the Break 3,Right Side Center(RC),24+ ft.,26,158,207,1,0,20251028,GSW,LAC
Shot Chart Detail,0022500127,347,201935,James Harden,1610612746,LA Clippers,3,10,8,Missed Shot,Fadeaway Jump Shot,2PT Field Goal,In The Paint (Non-RA),Center(C),8-16 ft.,13,5,135,1,0,20251028,GSW,LAC
Shot Chart Detail,0022500127,398,201935,James Harden,1610612746,LA Clippers,3,5,17,Missed Shot,Driving Floating Jump Shot,2PT Field Goal,In The Paint (Non-RA),Center(C),8-16 ft.,10,-7,105,1,0,20251028,GSW,LAC
Shot Chart Detail,0022500127,505,201935,James Harden,1610612746,LA Clippers,4,8,32,Missed Shot,Driving Floating Jump Shot,2PT Field Goal,In The Paint (Non-RA),Center(C),Less Than 8 ft.,4,16,46,1,0,20251028,GSW,LAC
Shot Chart Detail,0022500164,34,201935,James Harden,1610612746,LA Clippers,1,8,51,Made Shot,Jump Shot,3PT Field Goal,Above the Break 3,Right Side Center(RC),24+ ft.,28,140,243,1,1,20251103,LAC,MIA
Shot Chart Detail,0022500164,45,201935,James Harden,1610612746,LA Clippers,1,7,54,Made Shot,Step Back Jump shot,3PT Field Goal,Above the Break 3,Right Side Center(RC),24+ ft.,25,157,205,1,1,20251103,LAC,MIA
Shot Chart Detail,0022500164,62,201935,James Harden,1610612746,LA Clippers,1,6,42,Missed Shot,Driving Layup Shot,2PT Field Goal,In The Paint (Non-RA),Center(C),Less Than 8 ft.,4,-11,39,1,0,20251103,LAC,MIA
Shot Chart Detail,0022500164,165,201935,James Harden,1610612746,LA Clippers,2,11,1,Made Shot,Step Back Jump shot,2PT Field Goal,Mid-Range,Right Side(R),8-16 ft.,15,108,105,1,1,20251103,LAC,MIA
Shot Chart Detail,0022500164,220,201935,James Harden,1610612746,LA Clippers,2,6,47,Missed Shot,Pullup Jump shot,3PT Field Goal,Above the Break 3,Center(C),24+ ft.,33,-7,330,1,0,20251103,LAC,MIA
Shot Chart Detail,0022500164,251,201935,James Harden,1610612746,LA Clippers,2,5,11,Made Shot,Pullup Jump shot,3PT Field Goal,Above the Break 3,Center(C),24+ ft.,27,48,272,1,1,20251103,LAC,MIA
Shot Chart Detail,0022500164,286,201935,James Harden,1610612746,LA Clippers,2,3,27,Missed Shot,Step Back Jump shot,3PT Field Goal,Above the Break 3,Center(C),24+ ft.,28,45,281,1,0,20251103,LAC,MIA
Shot Chart Detail,0022500164,307,201935,James Harden,1610612746,LA Clippers,2,1,30,Made Shot,Jump Shot,3PT Field Goal,Above the Break 3,Center(C),24+ ft.,28,87,273,1,1,20251103,LAC,MIA
Shot Chart Detail,0022500164,326,201935,James Harden,1610612746,LA Clippers,2,0,31,Missed Shot,Pullup Jump shot,3PT Field Goal,Above the Break 3,Right Side Center(RC),24+ ft.,30,98,289,1,0,20251103,LAC,MIA
Shot Chart Detail,0022500164,333,201935,James Harden,1610612746,LA Clippers,2,0,3,Missed Shot,Driving Floating Jump Shot,2PT Field Goal,In The Paint (Non-RA),Center(C),Less Than 8 ft.,4,6,41,1,0,20251103,LAC,MIA
Shot Chart Detail,0022500164,400,201935,James Harden,1610612746,LA Clippers,3,7,1,Missed Shot,Driving Floating Jump Shot,2PT Field Goal,In The Paint (Non-RA),Center(C),Less Than 8 ft.,4,7,48,1,0,20251103,LAC,MIA
Shot Chart Detail,0022500164,536,201935,James Harden,1610612746,LA Clippers,4,10,0,Missed Shot,Step Back Jump shot,3PT Field Goal,Above the Break 3,Left Side Center(LC),24+ ft.,26,-174,201,1,0,20251103,LAC,MIA
Shot Chart Detail,0022500164,615,201935,James Harden,1610612746,LA Clippers,4,4,38,Made Shot,Driving Layup Shot,2PT Field Goal,Restricted Area,Center(C),Less Than 8 ft.,1,-10,9,1,1,20251103,LAC,MIA
Shot Chart Detail,0022500164,633,201935,James Harden,1610612746,LA Clippers,4,1,46,Made Shot,Pullup Jump shot,3PT Field Goal,Above the Break 3,Center(C),24+ ft.,29,-38,297,1,1,20251103,LAC,MIA
Shot Chart Detail,0022500164,646,201935,James Harden,1610612746,LA Clippers,4,0,19,Made Shot,Running Pull-Up Jump Shot,3PT Field Goal,Above the Break 3,Right Side Center(RC),24+ ft.,25,190,177,1,1,20251103,LAC,MIA
Shot Chart Detail,0022500170,15,201935,James Harden,1610612746,LA Clippers,1,11,2,Missed Shot,Pullup Jump shot,2PT Field Goal,Mid-Range,Left Side Center(LC),16-24 ft.,17,-71,159,1,0,20251104,LAC,OKC
Shot Chart Detail,0022500170,24,201935,James Harden,1610612746,LA Clippers,1,10,34,Made Shot,Jump Shot,3PT Field Goal,Above the Break 3,Center(C),24+ ft.,29,43,296,1,1,20251104,LAC,OKC
Shot Chart Detail,0022500170,32,201935,James Harden,1610612746,LA Clippers,1,10,10,Made Shot,Jump Shot,3PT Field Goal,Above the Break 3,Right Side Center(RC),24+ ft.,27,143,239,1,1,20251104,LAC,OKC
Shot Chart Detail,0022500170,38,201935,James Harden,1610612746,LA Clippers,1,9,41,Made Shot,Step Back Jump shot,3PT Field Goal,Above the Break 3,Center(C),24+ ft.,27,60,269,1,1,20251104,LAC,OKC
Shot Chart Detail,0022500170,69,201935,James Harden,1610612746,LA Clippers,1,7,38,Missed Shot,Driving Layup Shot,2PT Field Goal,In The Paint (Non-RA),Center(C),Less Than 8 ft.,4,-20,41,1,0,20251104,LAC,OKC
Shot Chart Detail,0022500170,76,201935,James Harden,1610612746,LA Clippers,1,7,6,Missed Shot,Pullup Jump shot,3PT Field Goal,Above the Break 3,Left Side Center(LC),24+ ft.,26,-131,233,1,0,20251104,LAC,OKC
Shot Chart Detail,0022500170,87,201935,James Harden,1610612746,LA Clippers,1,5,57,Made Shot,Driving Floating Bank Jump Shot,2PT Field Goal,In The Paint (Non-RA),Center(C),Less Than 8 ft.,6,54,33,1,1,20251104,LAC,OKC
Shot Chart Detail,0022500170,122,201935,James Harden,1610612746,LA Clippers,1,3,22,Made Shot,Jump Shot,3PT Field Goal,Above the Break 3,Left Side Center(LC),24+ ft.,26,-213,154,1,1,20251104,LAC,OKC
Shot Chart Detail,0022500170,262,201935,James Harden,1610612746,LA Clippers,2,6,7,Missed Shot,Pullup Jump shot,3PT Field Goal,Above the Break 3,Center(C),24+ ft.,30,-12,304,1,0,20251104,LAC,OKC
Shot Chart Detail,0022500170,270,201935,James Harden,1610612746,LA Clippers,2,5,11,Missed Shot,Driving Floating Jump Shot,2PT Field Goal,In The Paint (Non-RA),Center(C),8-16 ft.,9,-26,96,1,0,20251104,LAC,OKC
Shot Chart Detail,0022500170,284,201935,James Harden,1610612746,LA Clippers,2,4,49,Made Shot,Driving Floating Jump Shot,2PT Field Goal,In The Paint (Non-RA),Center(C),Less Than 8 ft.,4,7,49,1,1,20251104,LAC,OKC
Shot Chart Detail,0022500170,304,201935,James Harden,1610612746,LA Clippers,2,2,43,Missed Shot,Driving Layup Shot,2PT Field Goal,In The Paint (Non-RA),Center(C),Less Than 8 ft.,6,-23,58,1,0,20251104,LAC,OKC
Shot Chart Detail,0022500170,310,201935,James Harden,1610612746,LA Clippers,2,2,33,Made Shot,Jump Shot,3PT Field Goal,Above the Break 3,Center(C),24+ ft.,29,-87,285,1,1,20251104,LAC,OKC
Shot Chart Detail,0022500170,332,201935,James Harden,1610612746,LA Clippers,2,0,43,Missed Shot,Pullup Jump shot,3PT Field Goal,Above the Break 3,Right Side Center(RC),24+ ft.,27,104,258,1,0,20251104,LAC,OKC
Shot Chart Detail,0022500170,411,201935,James Harden,1610612746,LA Clippers,3,6,35,Missed Shot,Driving Floating Jump Shot,2PT Field Goal,In The Paint (Non-RA),Center(C),Less Than 8 ft.,4,12,40,1,0,20251104,LAC,OKC
Shot Chart Detail,0022500170,422,201935,James Harden,1610612746,LA Clippers,3,5,56,Missed Shot,Pullup Jump shot,3PT Field Goal,Above the Break 3,Center(C),24+ ft.,28,-87,274,1,0,20251104,LAC,OKC
Shot Chart Detail,0022500170,461,201935,James Harden,1610612746,LA Clippers,3,3,19,Missed Shot,Driving Floating Bank Jump Shot,2PT Field Goal,In The Paint (Non-RA),Center(C),Less Than 8 ft.,7,50,56,1,0,20251104,LAC,OKC
Shot Chart Detail,0022500190,20,201935,James Harden,1610612746,LA Clippers,1,10,21,Missed Shot,Step Back Jump shot,3PT Field Goal,Above the Break 3,Center(C),24+ ft.,29,-59,289,1,0,20251108,LAC,PHX
Shot Chart Detail,0022500190,44,201935,James Harden,1610612746,LA Clippers,1,8,26,Made Shot,Pullup Jump shot,2PT Field Goal,Mid-Range,Right Side(R),8-16 ft.,12,118,29,1,1,20251108,LAC,PHX
Shot Chart Detail,0022500190,56,201935,James Harden,1610612746,LA Clippers,1,7,7,Made Shot,Pullup Jump shot,3PT Field Goal,Above the Break 3,Right Side Center(RC),24+ ft.,25,138,218,1,1,20251108,LAC,PHX
Shot Chart Detail,0022500190,116,201935,James Harden,1610612746,LA Clippers,1,2,32,Made Shot,Driving Layup Shot,2PT Field Goal,Restricted Area,Center(C),Less Than 8 ft.,2,-18,21,1,1,20251108,LAC,PHX
Shot Chart Detail,0022500190,131,201935,James Harden,1610612746,LA Clippers,1,0,58,Missed Shot,Driving Floating Jump Shot,2PT Field Goal,In The Paint (Non-RA),Center(C),Less Than 8 ft.,6,-16,64,1,0,20251108,LAC,PHX
Shot Chart Detail,0022500190,142,201935,James Harden,1610612746,LA Clippers,1,0,0,Missed Shot,Jump Shot,3PT Field Goal,Above the Break 3,Right Side Center(RC),24+ ft.,29,178,236,1,0,20251108,LAC,PHX
Shot Chart Detail,0022500190,256,201935,James Harden,1610612746,LA Clippers,2,4,41,Missed Shot,Jump Shot,3PT Field Goal,Above the Break 3,Right Side Center(RC),24+ ft.,25,153,207,1,0,20251108,LAC,PHX
Shot Chart Detail,0022500190,271,201935,James Harden,1610612746,LA Clippers,2,4,0,Missed Shot,Jump Shot,3PT Field Goal,Above the Break 3,Left Side Center(LC),24+ ft.,25,-103,233,1,0,20251108,LAC,PHX
Shot Chart Detail,0022500190,296,201935,James Harden,1610612746,LA Clippers,2,1,47,Missed Shot,Driving Floating Jump Shot,2PT Field Goal,In The Paint (Non-RA),Center(C),Less Than 8 ft.,6,16,60,1,0,20251108,LAC,PHX
Shot Chart Detail,0022500190,330,201935,James Harden,1610612746,LA Clippers,3,10,50,Made Shot,Running Jump Shot,3PT Field Goal,Above the Break 3,Right Side Center(RC),24+ ft.,25,213,132,1,1,20251108,LAC,PHX
Shot Chart Detail,0022500190,349,201935,James Harden,1610612746,LA Clippers,3,9,7,Missed Shot,Step Back Jump shot,3PT Field Goal,Above the Break 3,Left Side Center(LC),24+ ft.,24,-218,113,1,0,20251108,LAC,PHX
Shot Chart Detail,0022500190,507,201935,James Harden,1610612746,LA Clippers,4,10,46,Missed Shot,Jump Shot,3PT Field Goal,Above the Break 3,Left Side Center(LC),24+ ft.,27,-173,208,1,0,20251108,LAC,PHX
Shot Chart Detail,0022500190,521,201935,James Harden,1610612746,LA Clippers,4,9,49,Missed Shot,Step Back Jump shot,2PT Field Goal,Mid-Range,Center(C),8-16 ft.,15,12,152,1,0,20251108,LAC,PHX
Shot Chart Detail,0022500190,556,201935,James Harden,1610612746,LA Clippers,4,6,21,Missed Shot,Step Back Jump shot,3PT Field Goal,Above the Break 3,Right Side Center(RC),24+ ft.,24,181,162,1,0,20251108,LAC,PHX
Shot Chart Detail,0022500190,603,201935,James Harden,1610612746,LA Clippers,4,2,2,Missed Shot,Pullup Jump shot,3PT Field Goal,Above the Break 3,Center(C),24+ ft.,35,18,351,1,0,20251108,LAC,PHX
Shot Chart Detail,0022500206,44,201935,James Harden,1610612746,LA Clippers,1,7,23,Made Shot,Step Back Jump shot,2PT Field Goal,Mid-Range,Right Side(R),8-16 ft.,15,123,88,1,1,20251110,LAC,ATL
Shot Chart Detail,0022500206,61,201935,James Harden,1610612746,LA Clippers,1,5,52,Missed Shot,Jump Shot,3PT Field Goal,Above the Break 3,Center(C),24+ ft.,27,-59,270,1,0,20251110,LAC,ATL
Shot Chart Detail,0022500206,105,201935,James Harden,1610612746,LA Clippers,1,3,44,Made Shot,Step Back Jump shot,3PT Field Goal,Above the Break 3,Left Side Center(LC),24+ ft.,26,-185,194,1,1,20251110,LAC,ATL
Shot Chart Detail,0022500206,123,201935,James Harden,1610612746,LA Clippers,1,1,45,Missed Shot,Driving Reverse Layup Shot,2PT Field Goal,Restricted Area,Center(C),Less Than 8 ft.,3,2,39,1,0,20251110,LAC,ATL
Shot Chart Detail,0022500206,240,201935,James Harden,1610612746,LA Clippers,2,4,47,Missed Shot,Step Back Jump shot,3PT Field Goal,Above the Break 3,Left Side Center(LC),24+ ft.,27,-126,241,1,0,20251110,LAC,ATL
Shot Chart Detail,0022500206,249,201935,James Harden,1610612746,LA Clippers,2,3,43,Missed Shot,Putback Layup Shot,2PT Field Goal,Restricted Area,Center(C),Less Than 8 ft.,2,-10,20,1,0,20251110,LAC,ATL
Shot Chart Detail,0022500206,276,201935,James Harden,1610612746,LA Clippers,2,1,56,Made Shot,Driving Floating Bank Jump Shot,2PT Field Goal,In The Paint (Non-RA),Right Side(R),8-16 ft.,10,70,77,1,1,20251110,LAC,ATL
Shot Chart Detail,0022500206,288,201935,James Harden,1610612746,LA Clippers,2,1,16,Made Shot,Jump Shot,3PT Field Goal,Above the Break 3,Center(C),24+ ft.,30,85,296,1,1,20251110,LAC,ATL
Shot Chart Detail,0022500206,299,201935,James Harden,1610612746,LA Clippers,2,0,5,Missed Shot,Jump Shot,3PT Field Goal,Above the Break 3,Center(C),24+ ft.,30,80,299,1,0,20251110,LAC,ATL
Shot Chart Detail,0022500206,355,201935,James Harden,1610612746,LA Clippers,3,8,0,Made Shot,Driving Floating Bank Jump Shot,2PT Field Goal,Restricted Area,Center(C),Less Than 8 ft.,2,1,22,1,1,20251110,LAC,ATL
Shot Chart Detail,0022500206,387,201935,James Harden,1610612746,LA Clippers,3,5,24,Missed Shot,Jump Shot,3PT Field Goal,Above the Break 3,Center(C),24+ ft.,25,-74,246,1,0,20251110,LAC,ATL
Shot Chart Detail,0022500206,389,201935,James Harden,1610612746,LA Clippers,3,5,18,Missed Shot,Jump Shot,3PT Field Goal,Above the Break 3,Left Side Center(LC),24+ ft.,27,-109,251,1,0,20251110,LAC,ATL
Shot Chart Detail,0022500206,407,201935,James Harden,1610612746,LA Clippers,3,4,3,Made Shot,Driving Layup Shot,2PT Field Goal,Restricted Area,Center(C),Less Than 8 ft.,2,-22,19,1,1,20251110,LAC,ATL
Shot Chart Detail,0022500206,500,201935,James Harden,1610612746,LA Clippers,4,9,52,Missed Shot,Jump Shot,3PT Field Goal,Above the Break 3,Center(C),24+ ft.,26,-37,262,1,0,20251110,LAC,ATL
Shot Chart Detail,0022500206,515,201935,James Harden,1610612746,LA Clippers,4,8,57,Made Shot,Driving Floating Bank Jump Shot,2PT Field Goal,Restricted Area,Center(C),Less Than 8 ft.,1,-17,5,1,1,20251110,LAC,ATL
Shot Chart Detail,0022500206,523,201935,James Harden,1610612746,LA Clippers,4,8,25,Missed Shot,Step Back Jump shot,3PT Field Goal,Above the Break 3,Right Side Center(RC),24+ ft.,27,141,234,1,0,20251110,LAC,ATL
Shot Chart Detail,0022500206,526,201935,James Harden,1610612746,LA Clippers,4,7,52,Made Shot,Pullup Jump shot,3PT Field Goal,Above the Break 3,Right Side Center(RC),24+ ft.,26,127,230,1,1,20251110,LAC,ATL
Shot Chart Detail,0022500206,544,201935,James Harden,1610612746,LA Clippers,4,6,18,Missed Shot,Pullup Jump shot,2PT Field Goal,In The Paint (Non-RA),Center(C),8-16 ft.,9,-42,84,1,0,20251110,LAC,ATL
Shot Chart Detail,0022500206,557,201935,James Harden,1610612746,LA Clippers,4,5,29,Made Shot,Jump Shot,3PT Field Goal,Above the Break 3,Right Side Center(RC),24+ ft.,28,93,268,1,1,20251110,LAC,ATL
Shot Chart Detail,0022500206,560,201935,James Harden,1610612746,LA Clippers,4,5,1,Made Shot,Pullup Jump shot,3PT Field Goal,Above the Break 3,Right Side Center(RC),24+ ft.,26,205,164,1,1,20251110,LAC,ATL
Shot Chart Detail,0022500206,568,201935,James Harden,1610612746,LA Clippers,4,3,56,Made Shot,Driving Floating Bank Jump Shot,2PT Field Goal,Restricted Area,Center(C),Less Than 8 ft.,2,-22,10,1,1,20251110,LAC,ATL
Shot Chart Detail,0022500206,611,201935,James Harden,1610612746,LA Clippers,4,0,25,Made Shot,Jump Shot,3PT Field Goal,Above the Break 3,Center(C),24+ ft.,26,76,252,1,1,20251110,LAC,ATL
Shot Chart Detail,0022500206,622,201935,James Harden,1610612746,LA Clippers,4,0,11,Missed Shot,Running Pull-Up Jump Shot,3PT Field Goal,Above the Break 3,Center(C),24+ ft.,34,-30,346,1,0,20251110,LAC,ATL
Shot Chart Detail,0022500224,40,201935,James Harden,1610612746,LA Clippers,1,8,24,Made Shot,Driving Layup Shot,2PT Field Goal,In The Paint (Non-RA),Center(C),Less Than 8 ft.,4,-13,38,1,1,20251112,LAC,DEN
Shot Chart Detail,0022500224,42,201935,James Harden,1610612746,LA Clippers,1,8,6,Made Shot,Driving Floating Jump Shot,2PT Field Goal,In The Paint (Non-RA),Center(C),8-16 ft.,12,-50,111,1,1,20251112,LAC,DEN
Shot Chart Detail,0022500224,64,201935,James Harden,1610612746,LA Clippers,1,6,21,Missed Shot,Pullup Jump shot,3PT Field Goal,Above the Break 3,Center(C),24+ ft.,28,-31,279,1,0,20251112,LAC,DEN
Shot Chart Detail,0022500224,122,201935,James Harden,1610612746,LA Clippers,1,2,59,Missed Shot,Driving Layup Shot,2PT Field Goal,In The Paint (Non-RA),Center(C),Less Than 8 ft.,4,-18,39,1,0,20251112,LAC,DEN
Shot Chart Detail,0022500224,135,201935,James Harden,1610612746,LA Clippers,1,1,51,Made Shot,Driving Layup Shot,2PT Field Goal,Restricted Area,Center(C),Less Than 8 ft.,2,-2,25,1,1,20251112,LAC,DEN
Shot Chart Detail,0022500224,137,201935,James Harden,1610612746,LA Clippers,1,1,15,Made Shot,Pullup Jump shot,3PT Field Goal,Above the Break 3,Left Side Center(LC),24+ ft.,26,-136,230,1,1,20251112,LAC,DEN
Shot Chart Detail,0022500224,260,201935,James Harden,1610612746,LA Clippers,2,4,7,Made Shot,Driving Layup Shot,2PT Field Goal,In The Paint (Non-RA),Center(C),Less Than 8 ft.,4,-11,39,1,1,20251112,LAC,DEN
Shot Chart Detail,0022500224,264,201935,James Harden,1610612746,LA Clippers,2,3,36,Missed Shot,Step Back Jump shot,2PT Field Goal,In The Paint (Non-RA),Center(C),8-16 ft.,12,58,116,1,0,20251112,LAC,DEN
Shot Chart Detail,0022500224,268,201935,James Harden,1610612746,LA Clippers,2,3,30,Missed Shot,Jump Shot,3PT Field Goal,Above the Break 3,Right Side Center(RC),24+ ft.,26,132,230,1,0,20251112,LAC,DEN
Shot Chart Detail,0022500224,354,201935,James Harden,1610612746,LA Clippers,3,9,27,Missed Shot,Step Back Jump shot,3PT Field Goal,Above the Break 3,Right Side Center(RC),24+ ft.,27,115,247,1,0,20251112,LAC,DEN
Shot Chart Detail,0022500224,395,201935,James Harden,1610612746,LA Clippers,3,6,55,Missed Shot,Driving Floating Bank Jump Shot,2PT Field Goal,Restricted Area,Center(C),Less Than 8 ft.,3,-29,8,1,0,20251112,LAC,DEN
Shot Chart Detail,0022500224,412,201935,James Harden,1610612746,LA Clippers,3,5,55,Missed Shot,Pullup Jump shot,3PT Field Goal,Above the Break 3,Left Side Center(LC),24+ ft.,26,-174,198,1,0,20251112,LAC,DEN
Shot Chart Detail,0022500224,416,201935,James Harden,1610612746,LA Clippers,3,5,18,Missed Shot,Pullup Jump shot,2PT Field Goal,In The Paint (Non-RA),Center(C),8-16 ft.,9,-2,94,1,0,20251112,LAC,DEN
Shot Chart Detail,0022500224,438,201935,James Harden,1610612746,LA Clippers,3,4,20,Made Shot,Driving Layup Shot,2PT Field Goal,Restricted Area,Center(C),Less Than 8 ft.,1,5,9,1,1,20251112,LAC,DEN
Shot Chart Detail,0022500224,470,201935,James Harden,1610612746,LA Clippers,3,2,12,Missed Shot,Step Back Jump shot,3PT Field Goal,Above the Break 3,Right Side Center(RC),24+ ft.,26,92,246,1,0,20251112,LAC,DEN
Shot Chart Detail,0022500233,12,201935,James Harden,1610612746,LA Clippers,1,10,59,Missed Shot,Driving Layup Shot,2PT Field Goal,In The Paint (Non-RA),Center(C),Less Than 8 ft.,5,-55,-3,1,0,20251116,BOS,LAC
Shot Chart Detail,0022500233,43,201935,James Harden,1610612746,LA Clippers,1,8,2,Made Shot,Pullup Jump shot,3PT Field Goal,Above the Break 3,Right Side Center(RC),24+ ft.,24,85,232,1,1,20251116,BOS,LAC
Shot Chart Detail,0022500233,96,201935,James Harden,1610612746,LA Clippers,1,4,3,Missed Shot,Driving Layup Shot,2PT Field Goal,Restricted Area,Center(C),Less Than 8 ft.,3,-25,20,1,0,20251116,BOS,LAC
Shot Chart Detail,0022500233,126,201935,James Harden,1610612746,LA Clippers,1,1,34,Missed Shot,Driving Layup Shot,2PT Field Goal,In The Paint (Non-RA),Center(C),Less Than 8 ft.,4,42,13,1,0,20251116,BOS,LAC
Shot Chart Detail,0022500233,243,201935,James Harden,1610612746,LA Clippers,2,5,45,Missed Shot,Pullup Jump shot,3PT Field Goal,Above the Break 3,Center(C),24+ ft.,25,53,249,1,0,20251116,BOS,LAC
Shot Chart Detail,0022500233,249,201935,James Harden,1610612746,LA Clippers,2,5,8,Missed Shot,Driving Layup Shot,2PT Field Goal,In The Paint (Non-RA),Center(C),Less Than 8 ft.,4,-47,15,1,0,20251116,BOS,LAC
Shot Chart Detail,0022500233,319,201935,James Harden,1610612746,LA Clippers,2,0,0,Missed Shot,Pullup Jump shot,3PT Field Goal,Above the Break 3,Center(C),24+ ft.,27,-10,274,1,0,20251116,BOS,LAC
Shot Chart Detail,0022500233,364,201935,James Harden,1610612746,LA Clippers,3,8,36,Missed Shot,Pullup Jump shot,3PT Field Goal,Above the Break 3,Center(C),24+ ft.,27,-56,269,1,0,20251116,BOS,LAC
Shot Chart Detail,0022500233,382,201935,James Harden,1610612746,LA Clippers,3,7,36,Missed Shot,Pullup Jump shot,3PT Field Goal,Above the Break 3,Right Side Center(RC),24+ ft.,26,186,194,1,0,20251116,BOS,LAC
Shot Chart Detail,0022500233,415,201935,James Harden,1610612746,LA Clippers,3,4,58,Made Shot,Driving Floating Bank Jump Shot,2PT Field Goal,In The Paint (Non-RA),Center(C),Less Than 8 ft.,4,-49,4,1,1,20251116,BOS,LAC
Shot Chart Detail,0022500233,466,201935,James Harden,1610612746,LA Clippers,3,2,9,Missed Shot,Step Back Jump shot,2PT Field Goal,Mid-Range,Right Side(R),8-16 ft.,15,115,111,1,0,20251116,BOS,LAC
Shot Chart Detail,0022500233,471,201935,James Harden,1610612746,LA Clippers,3,1,30,Made Shot,Driving Hook Shot,2PT Field Goal,Restricted Area,Center(C),Less Than 8 ft.,3,-10,31,1,1,20251116,BOS,LAC
Shot Chart Detail,0022500233,473,201935,James Harden,1610612746,LA Clippers,3,1,5,Missed Shot,Pullup Jump shot,3PT Field Goal,Above the Break 3,Right Side Center(RC),24+ ft.,29,170,246,1,0,20251116,BOS,LAC
Shot Chart Detail,0022500233,487,201935,James Harden,1610612746,LA Clippers,3,0,2,Made Shot,Step Back Jump shot,3PT Field Goal,Above the Break 3,Left Side Center(LC),24+ ft.,26,-181,197,1,1,20251116,BOS,LAC
Shot Chart Detail,0022500233,592,201935,James Harden,1610612746,LA Clippers,4,5,15,Missed Shot,Running Layup Shot,2PT Field Goal,Restricted Area,Center(C),Less Than 8 ft.,3,-32,5,1,0,20251116,BOS,LAC
Shot Chart Detail,0022500233,611,201935,James Harden,1610612746,LA Clippers,4,4,20,Made Shot,Driving Floating Jump Shot,2PT Field Goal,In The Paint (Non-RA),Center(C),Less Than 8 ft.,4,-6,45,1,1,20251116,BOS,LAC
Shot Chart Detail,0022500233,616,201935,James Harden,1610612746,LA Clippers,4,3,41,Made Shot,Jump Shot,3PT Field Goal,Above the Break 3,Center(C),24+ ft.,29,81,282,1,1,20251116,BOS,LAC
Shot Chart Detail,0022500233,633,201935,James Harden,1610612746,LA Clippers,4,2,14,Missed Shot,Driving Layup Shot,2PT Field Goal,In The Paint (Non-RA),Center(C),Less Than 8 ft.,6,-59,16,1,0,20251116,BOS,LAC
Shot Chart Detail,0022500233,640,201935,James Harden,1610612746,LA Clippers,4,1,17,Made Shot,Driving Layup Shot,2PT Field Goal,Restricted Area,Center(C),Less Than 8 ft.,1,-1,16,1,1,20251116,BOS,LAC
Shot Chart Detail,0022500233,664,201935,James Harden,1610612746,LA Clippers,4,0,9,Made Shot,Step Back Jump shot,3PT Field Goal,Above the Break 3,Left Side Center(LC),24+ ft.,25,-183,180,1,1,20251116,BOS,LAC
Shot Chart Detail,0022500233,682,201935,James Harden,1610612746,LA Clippers,4,0,2,Made Shot,Pullup Jump shot,3PT Field Goal,Above the Break 3,Left Side Center(LC),24+ ft.,26,-179,194,1,1,20251116,BOS,LAC
Shot Chart Detail,0022500233,697,201935,James Harden,1610612746,LA Clippers,4,0,0,Missed Shot,Jump Shot,3PT Field Goal,Above the Break 3,Left Side Center(LC),24+ ft.,24,-148,192,1,0,20251116,BOS,LAC
Shot Chart Detail,0022500243,9,201935,James Harden,1610612746,LA Clippers,1,11,32,Missed Shot,Driving Floating Jump Shot,2PT Field Goal,Restricted Area,Center(C),Less Than 8 ft.,1,-13,13,1,0,20251117,PHI,LAC
Shot Chart Detail,0022500243,27,201935,James Harden,1610612746,LA Clippers,1,10,15,Made Shot,Running Layup Shot,2PT Field Goal,Restricted Area,Center(C),Less Than 8 ft.,1,-5,15,1,1,20251117,PHI,LAC
Shot Chart Detail,0022500243,46,201935,James Harden,1610612746,LA Clippers,1,8,28,Made Shot,Running Pull-Up Jump Shot,3PT Field Goal,Above the Break 3,Left Side Center(LC),24+ ft.,26,-99,247,1,1,20251117,PHI,LAC
Shot Chart Detail,0022500243,78,201935,James Harden,1610612746,LA Clippers,1,5,51,Missed Shot,Pullup Jump shot,3PT Field Goal,Above the Break 3,Center(C),24+ ft.,27,53,268,1,0,20251117,PHI,LAC
Shot Chart Detail,0022500243,104,201935,James Harden,1610612746,LA Clippers,1,4,31,Made Shot,Driving Layup Shot,2PT Field Goal,Restricted Area,Center(C),Less Than 8 ft.,1,-7,11,1,1,20251117,PHI,LAC
Shot Chart Detail,0022500243,124,201935,James Harden,1610612746,LA Clippers,1,3,16,Missed Shot,Step Back Jump shot,3PT Field Goal,Above the Break 3,Right Side Center(RC),24+ ft.,26,125,234,1,0,20251117,PHI,LAC
Shot Chart Detail,0022500243,150,201935,James Harden,1610612746,LA Clippers,1,1,30,Made Shot,Step Back Jump shot,3PT Field Goal,Above the Break 3,Right Side Center(RC),24+ ft.,28,172,221,1,1,20251117,PHI,LAC
Shot Chart Detail,0022500243,153,201935,James Harden,1610612746,LA Clippers,1,1,7,Made Shot,Driving Layup Shot,2PT Field Goal,Restricted Area,Center(C),Less Than 8 ft.,1,-11,-4,1,1,20251117,PHI,LAC
Shot Chart Detail,0022500243,156,201935,James Harden,1610612746,LA Clippers,1,0,31,Missed Shot,Step Back Jump shot,3PT Field Goal,Above the Break 3,Right Side Center(RC),24+ ft.,27,148,234,1,0,20251117,PHI,LAC
Shot Chart Detail,0022500243,341,201935,James Harden,1610612746,LA Clippers,3,10,39,Missed Shot,Step Back Jump shot,2PT Field Goal,Mid-Range,Center(C),16-24 ft.,19,45,186,1,0,20251117,PHI,LAC
Shot Chart Detail,0022500243,351,201935,James Harden,1610612746,LA Clippers,3,9,40,Missed Shot,Step Back Jump shot,2PT Field Goal,Mid-Range,Right Side(R),8-16 ft.,8,81,13,1,0,20251117,PHI,LAC
Shot Chart Detail,0022500243,369,201935,James Harden,1610612746,LA Clippers,3,8,37,Missed Shot,Pullup Jump shot,3PT Field Goal,Above the Break 3,Right Side Center(RC),24+ ft.,27,127,241,1,0,20251117,PHI,LAC
Shot Chart Detail,0022500243,418,201935,James Harden,1610612746,LA Clippers,3,6,13,Missed Shot,Driving Floating Jump Shot,2PT Field Goal,In The Paint (Non-RA),Center(C),8-16 ft.,12,-31,121,1,0,20251117,PHI,LAC
Shot Chart Detail,0022500243,446,201935,James Harden,1610612746,LA Clippers,3,4,14,Missed Shot,Driving Floating Bank Jump Shot,2PT Field Goal,Restricted Area,Center(C),Less Than 8 ft.,3,-9,38,1,0,20251117,PHI,LAC
Shot Chart Detail,0022500243,452,201935,James Harden,1610612746,LA Clippers,3,3,31,Missed Shot,Step Back Jump shot,3PT Field Goal,Above the Break 3,Right Side Center(RC),24+ ft.,26,92,246,1,0,20251117,PHI,LAC
Shot Chart Detail,0022500243,459,201935,James Harden,1610612746,LA Clippers,3,2,38,Made Shot,Driving Finger Roll Layup Shot,2PT Field Goal,Restricted Area,Center(C),Less Than 8 ft.,1,12,7,1,1,20251117,PHI,LAC
Shot Chart Detail,0022500243,464,201935,James Harden,1610612746,LA Clippers,3,2,18,Missed Shot,Driving Layup Shot,2PT Field Goal,In The Paint (Non-RA),Center(C),Less Than 8 ft.,4,-43,25,1,0,20251117,PHI,LAC
Shot Chart Detail,0022500243,468,201935,James Harden,1610612746,LA Clippers,3,2,11,Missed Shot,Jump Shot,3PT Field Goal,Above the Break 3,Left Side Center(LC),24+ ft.,26,-151,217,1,0,20251117,PHI,LAC
Shot Chart Detail,0022500243,493,201935,James Harden,1610612746,LA Clippers,3,0,1,Made Shot,Driving Layup Shot,2PT Field Goal,Restricted Area,Center(C),Less Than 8 ft.,2,-23,6,1,1,20251117,PHI,LAC
Shot Chart Detail,0022500243,579,201935,James Harden,1610612746,LA Clippers,4,5,35,Missed Shot,Step Back Jump shot,3PT Field Goal,Above the Break 3,Center(C),24+ ft.,27,58,268,1,0,20251117,PHI,LAC
Shot Chart Detail,0022500243,597,201935,James Harden,1610612746,LA Clippers,4,3,55,Missed Shot,Driving Floating Jump Shot,2PT Field Goal,Restricted Area,Center(C),Less Than 8 ft.,0,2,-8,1,0,20251117,PHI,LAC
Shot Chart Detail,0022500243,609,201935,James Harden,1610612746,LA Clippers,4,3,4,Missed Shot,Driving Layup Shot,2PT Field Goal,Restricted Area,Center(C),Less Than 8 ft.,0,4,8,1,0,20251117,PHI,LAC
Shot Chart Detail,0022500243,636,201935,James Harden,1610612746,LA Clippers,4,1,10,Missed Shot,Step Back Jump shot,3PT Field Goal,Above the Break 3,Center(C),24+ ft.,25,43,251,1,0,20251117,PHI,LAC
Shot Chart Detail,0022500243,678,201935,James Harden,1610612746,LA Clippers,4,0,6,Missed Shot,Step Back Jump shot,3PT Field Goal,Above the Break 3,Right Side Center(RC),24+ ft.,26,86,246,1,0,20251117,PHI,LAC
Shot Chart Detail,0022500243,680,201935,James Harden,1610612746,LA Clippers,4,0,0,Missed Shot,Jump Shot,3PT Field Goal,Right Corner 3,Right Side(R),24+ ft.,22,222,48,1,0,20251117,PHI,LAC
Shot Chart Detail,0022500264,44,201935,James Harden,1610612746,LA Clippers,1,8,19,Missed Shot,Step Back Jump shot,3PT Field Goal,Above the Break 3,Right Side Center(RC),24+ ft.,25,137,215,1,0,20251120,ORL,LAC
Shot Chart Detail,0022500264,61,201935,James Harden,1610612746,LA Clippers,1,6,38,Missed Shot,Pullup Jump shot,3PT Field Goal,Above the Break 3,Center(C),24+ ft.,24,67,240,1,0,20251120,ORL,LAC
Shot Chart Detail,0022500264,80,201935,James Harden,1610612746,LA Clippers,1,5,29,Made Shot,Jump Shot,3PT Field Goal,Right Corner 3,Right Side(R),24+ ft.,23,230,62,1,1,20251120,ORL,LAC
Shot Chart Detail,0022500264,128,201935,James Harden,1610612746,LA Clippers,1,2,23,Made Shot,Pullup Jump shot,3PT Field Goal,Above the Break 3,Center(C),24+ ft.,25,-43,255,1,1,20251120,ORL,LAC
Shot Chart Detail,0022500264,156,201935,James Harden,1610612746,LA Clippers,1,0,2,Missed Shot,Step Back Jump shot,3PT Field Goal,Above the Break 3,Left Side Center(LC),24+ ft.,25,-88,243,1,0,20251120,ORL,LAC
Shot Chart Detail,0022500264,256,201935,James Harden,1610612746,LA Clippers,2,6,20,Made Shot,Step Back Jump shot,2PT Field Goal,Mid-Range,Center(C),16-24 ft.,17,45,173,1,1,20251120,ORL,LAC
Shot Chart Detail,0022500264,263,201935,James Harden,1610612746,LA Clippers,2,5,47,Missed Shot,Pullup Jump shot,3PT Field Goal,Above the Break 3,Right Side Center(RC),24+ ft.,25,92,234,1,0,20251120,ORL,LAC
Shot Chart Detail,0022500264,301,201935,James Harden,1610612746,LA Clippers,2,3,5,Made Shot,Step Back Jump shot,3PT Field Goal,Above the Break 3,Right Side Center(RC),24+ ft.,24,157,183,1,1,20251120,ORL,LAC
Shot Chart Detail,0022500264,311,201935,James Harden,1610612746,LA Clippers,2,2,22,Missed Shot,Driving Layup Shot,2PT Field Goal,Restricted Area,Center(C),Less Than 8 ft.,1,-13,-2,1,0,20251120,ORL,LAC
Shot Chart Detail,0022500264,337,201935,James Harden,1610612746,LA Clippers,2,0,38,Made Shot,Step Back Jump shot,3PT Field Goal,Above the Break 3,Center(C),24+ ft.,26,-47,261,1,1,20251120,ORL,LAC
Shot Chart Detail,0022500264,392,201935,James Harden,1610612746,LA Clippers,3,8,41,Made Shot,Pullup Jump shot,3PT Field Goal,Above the Break 3,Center(C),24+ ft.,28,-75,277,1,1,20251120,ORL,LAC
Shot Chart Detail,0022500264,428,201935,James Harden,1610612746,LA Clippers,3,6,1,Made Shot,Running Layup Shot,2PT Field Goal,Restricted Area,Center(C),Less Than 8 ft.,2,6,20,1,1,20251120,ORL,LAC
Shot Chart Detail,0022500264,440,201935,James Harden,1610612746,LA Clippers,3,5,2,Missed Shot,Pullup Jump shot,2PT Field Goal,Mid-Range,Right Side Center(RC),16-24 ft.,20,98,185,1,0,20251120,ORL,LAC
Shot Chart Detail,0022500264,461,201935,James Harden,1610612746,LA Clippers,3,3,58,Missed Shot,Pullup Jump shot,3PT Field Goal,Above the Break 3,Center(C),24+ ft.,27,62,268,1,0,20251120,ORL,LAC
Shot Chart Detail,0022500264,494,201935,James Harden,1610612746,LA Clippers,3,2,11,Missed Shot,Pullup Jump shot,3PT Field Goal,Above the Break 3,Center(C),24+ ft.,26,5,264,1,0,20251120,ORL,LAC
Shot Chart Detail,0022500264,509,201935,James Harden,1610612746,LA Clippers,3,0,31,Made Shot,Driving Floating Jump Shot,2PT Field Goal,In The Paint (Non-RA),Center(C),8-16 ft.,8,6,80,1,1,20251120,ORL,LAC
Shot Chart Detail,0022500268,13,201935,James Harden,1610612746,LA Clippers,1,10,50,Made Shot,Pullup Jump shot,3PT Field Goal,Above the Break 3,Right Side Center(RC),24+ ft.,25,185,181,1,1,20251122,CHA,LAC
Shot Chart Detail,0022500268,40,201935,James Harden,1610612746,LA Clippers,1,8,15,Made Shot,Pullup Jump shot,2PT Field Goal,Mid-Range,Right Side Center(RC),16-24 ft.,18,75,168,1,1,20251122,CHA,LAC
Shot Chart Detail,0022500268,42,201935,James Harden,1610612746,LA Clippers,1,7,50,Missed Shot,Pullup Jump shot,3PT Field Goal,Above the Break 3,Center(C),24+ ft.,27,-66,264,1,0,20251122,CHA,LAC
Shot Chart Detail,0022500268,51,201935,James Harden,1610612746,LA Clippers,1,7,13,Missed Shot,Jump Shot,3PT Field Goal,Above the Break 3,Left Side Center(LC),24+ ft.,25,-189,172,1,0,20251122,CHA,LAC
Shot Chart Detail,0022500268,72,201935,James Harden,1610612746,LA Clippers,1,5,45,Missed Shot,Step Back Jump shot,2PT Field Goal,In The Paint (Non-RA),Center(C),Less Than 8 ft.,5,15,-51,1,0,20251122,CHA,LAC
Shot Chart Detail,0022500268,77,201935,James Harden,1610612746,LA Clippers,1,5,12,Made Shot,Driving Floating Jump Shot,2PT Field Goal,In The Paint (Non-RA),Center(C),8-16 ft.,8,29,78,1,1,20251122,CHA,LAC
Shot Chart Detail,0022500268,81,201935,James Harden,1610612746,LA Clippers,1,4,45,Made Shot,Pullup Jump shot,3PT Field Goal,Above the Break 3,Center(C),24+ ft.,26,15,265,1,1,20251122,CHA,LAC
Shot Chart Detail,0022500268,96,201935,James Harden,1610612746,LA Clippers,1,4,15,Made Shot,Step Back Jump shot,2PT Field Goal,In The Paint (Non-RA),Center(C),8-16 ft.,11,-27,111,1,1,20251122,CHA,LAC
Shot Chart Detail,0022500268,114,201935,James Harden,1610612746,LA Clippers,1,2,44,Made Shot,Running Jump Shot,3PT Field Goal,Above the Break 3,Right Side Center(RC),24+ ft.,26,181,189,1,1,20251122,CHA,LAC
Shot Chart Detail,0022500268,118,201935,James Harden,1610612746,LA Clippers,1,2,3,Made Shot,Step Back Jump shot,3PT Field Goal,Above the Break 3,Right Side Center(RC),24+ ft.,26,202,164,1,1,20251122,CHA,LAC
Shot Chart Detail,0022500268,129,201935,James Harden,1610612746,LA Clippers,1,1,11,Made Shot,Driving Floating Jump Shot,2PT Field Goal,In The Paint (Non-RA),Center(C),Less Than 8 ft.,7,2,70,1,1,20251122,CHA,LAC
Shot Chart Detail,0022500268,132,201935,James Harden,1610612746,LA Clippers,1,0,37,Made Shot,Pullup Jump shot,3PT Field Goal,Above the Break 3,Left Side Center(LC),24+ ft.,26,-194,183,1,1,20251122,CHA,LAC
Shot Chart Detail,0022500268,240,201935,James Harden,1610612746,LA Clippers,2,7,13,Made Shot,Cutting Layup Shot,2PT Field Goal,Restricted Area,Center(C),Less Than 8 ft.,1,-6,8,1,1,20251122,CHA,LAC
Shot Chart Detail,0022500268,254,201935,James Harden,1610612746,LA Clippers,2,5,46,Made Shot,Pullup Jump shot,3PT Field Goal,Above the Break 3,Left Side Center(LC),24+ ft.,27,-157,220,1,1,20251122,CHA,LAC
Shot Chart Detail,0022500268,257,201935,James Harden,1610612746,LA Clippers,2,5,12,Missed Shot,Pullup Jump shot,3PT Field Goal,Above the Break 3,Left Side Center(LC),24+ ft.,29,-124,270,1,0,20251122,CHA,LAC
Shot Chart Detail,0022500268,278,201935,James Harden,1610612746,LA Clippers,2,3,45,Made Shot,Cutting Layup Shot,2PT Field Goal,Restricted Area,Center(C),Less Than 8 ft.,2,6,22,1,1,20251122,CHA,LAC
Shot Chart Detail,0022500268,310,201935,James Harden,1610612746,LA Clippers,2,0,51,Missed Shot,Pullup Jump shot,3PT Field Goal,Above the Break 3,Right Side Center(RC),24+ ft.,27,152,225,1,0,20251122,CHA,LAC
Shot Chart Detail,0022500268,342,201935,James Harden,1610612746,LA Clippers,3,11,3,Made Shot,Running Jump Shot,3PT Field Goal,Above the Break 3,Right Side Center(RC),24+ ft.,27,156,221,1,1,20251122,CHA,LAC
Shot Chart Detail,0022500268,392,201935,James Harden,1610612746,LA Clippers,3,7,10,Missed Shot,Step Back Jump shot,3PT Field Goal,Above the Break 3,Right Side Center(RC),24+ ft.,26,110,241,1,0,20251122,CHA,LAC
Shot Chart Detail,0022500268,441,201935,James Harden,1610612746,LA Clippers,3,4,8,Made Shot,Pullup Jump shot,3PT Field Goal,Above the Break 3,Right Side Center(RC),24+ ft.,26,94,248,1,1,20251122,CHA,LAC
Shot Chart Detail,0022500268,470,201935,James Harden,1610612746,LA Clippers,3,3,10,Missed Shot,Driving Floating Bank Jump Shot,2PT Field Goal,Restricted Area,Center(C),Less Than 8 ft.,1,13,6,1,0,20251122,CHA,LAC
Shot Chart Detail,0022500268,483,201935,James Harden,1610612746,LA Clippers,3,1,47,Missed Shot,Pullup Jump shot,2PT Field Goal,Mid-Range,Right Side(R),8-16 ft.,12,129,1,1,0,20251122,CHA,LAC
Shot Chart Detail,0022500268,592,201935,James Harden,1610612746,LA Clippers,4,5,34,Missed Shot,Pullup Jump shot,3PT Field Goal,Above the Break 3,Right Side Center(RC),24+ ft.,25,80,243,1,0,20251122,CHA,LAC
Shot Chart Detail,0022500268,601,201935,James Harden,1610612746,LA Clippers,4,4,53,Made Shot,Step Back Jump shot,3PT Field Goal,Above the Break 3,Center(C),24+ ft.,26,49,264,1,1,20251122,CHA,LAC
Shot Chart Detail,0022500268,609,201935,James Harden,1610612746,LA Clippers,4,3,59,Made Shot,Driving Layup Shot,2PT Field Goal,Restricted Area,Center(C),Less Than 8 ft.,1,2,15,1,1,20251122,CHA,LAC
Shot Chart Detail,0022500268,626,201935,James Harden,1610612746,LA Clippers,4,3,16,Made Shot,Pullup Jump shot,3PT Field Goal,Above the Break 3,Right Side Center(RC),24+ ft.,25,154,208,1,1,20251122,CHA,LAC
Shot Chart Detail,0022500278,14,201935,James Harden,1610612746,LA Clippers,1,10,58,Made Shot,Step Back Jump shot,2PT Field Goal,Mid-Range,Center(C),16-24 ft.,17,-54,168,1,1,20251123,CLE,LAC
Shot Chart Detail,0022500278,33,201935,James Harden,1610612746,LA Clippers,1,9,22,Missed Shot,Pullup Jump shot,3PT Field Goal,Above the Break 3,Left Side Center(LC),24+ ft.,27,-107,251,1,0,20251123,CLE,LAC
Shot Chart Detail,0022500278,38,201935,James Harden,1610612746,LA Clippers,1,9,6,Made Shot,Running Layup Shot,2PT Field Goal,Restricted Area,Center(C),Less Than 8 ft.,1,-7,12,1,1,20251123,CLE,LAC
Shot Chart Detail,0022500278,86,201935,James Harden,1610612746,LA Clippers,1,5,15,Made Shot,Driving Floating Bank Jump Shot,2PT Field Goal,In The Paint (Non-RA),Center(C),Less Than 8 ft.,6,-54,33,1,1,20251123,CLE,LAC
Shot Chart Detail,0022500278,98,201935,James Harden,1610612746,LA Clippers,1,4,19,Missed Shot,Pullup Jump shot,3PT Field Goal,Above the Break 3,Center(C),24+ ft.,26,-45,260,1,0,20251123,CLE,LAC
Shot Chart Detail,0022500278,118,201935,James Harden,1610612746,LA Clippers,1,2,42,Missed Shot,Pullup Jump shot,3PT Field Goal,Above the Break 3,Center(C),24+ ft.,26,-9,260,1,0,20251123,CLE,LAC
Shot Chart Detail,0022500278,136,201935,James Harden,1610612746,LA Clippers,1,1,25,Missed Shot,Step Back Jump shot,3PT Field Goal,Above the Break 3,Right Side Center(RC),24+ ft.,25,174,191,1,0,20251123,CLE,LAC
Shot Chart Detail,0022500278,139,201935,James Harden,1610612746,LA Clippers,1,0,52,Missed Shot,Pullup Jump shot,3PT Field Goal,Above the Break 3,Left Side Center(LC),24+ ft.,30,-132,280,1,0,20251123,CLE,LAC
Shot Chart Detail,0022500278,149,201935,James Harden,1610612746,LA Clippers,1,0,9,Missed Shot,Driving Finger Roll Layup Shot,2PT Field Goal,Restricted Area,Center(C),Less Than 8 ft.,1,-5,18,1,0,20251123,CLE,LAC
Shot Chart Detail,0022500278,307,201935,James Harden,1610612746,LA Clippers,2,1,52,Made Shot,Layup Shot,2PT Field Goal,Restricted Area,Center(C),Less Than 8 ft.,1,9,13,1,1,20251123,CLE,LAC
Shot Chart Detail,0022500278,354,201935,James Harden,1610612746,LA Clippers,3,10,30,Made Shot,Driving Floating Jump Shot,2PT Field Goal,In The Paint (Non-RA),Center(C),Less Than 8 ft.,5,-21,53,1,1,20251123,CLE,LAC
Shot Chart Detail,0022500278,358,201935,James Harden,1610612746,LA Clippers,3,9,53,Missed Shot,Jump Shot,3PT Field Goal,Left Corner 3,Left Side(L),24+ ft.,23,-230,25,1,0,20251123,CLE,LAC
Shot Chart Detail,0022500278,373,201935,James Harden,1610612746,LA Clippers,3,8,36,Missed Shot,Pullup Jump shot,3PT Field Goal,Above the Break 3,Right Side Center(RC),24+ ft.,25,185,174,1,0,20251123,CLE,LAC
Shot Chart Detail,0022500278,422,201935,James Harden,1610612746,LA Clippers,3,5,7,Missed Shot,Driving Floating Jump Shot,2PT Field Goal,In The Paint (Non-RA),Center(C),Less Than 8 ft.,5,0,50,1,0,20251123,CLE,LAC
Shot Chart Detail,0022500278,477,201935,James Harden,1610612746,LA Clippers,3,2,23,Missed Shot,Step Back Jump shot,3PT Field Goal,Above the Break 3,Right Side Center(RC),24+ ft.,25,124,222,1,0,20251123,CLE,LAC
Shot Chart Detail,0022500278,504,201935,James Harden,1610612746,LA Clippers,3,0,11,Missed Shot,Driving Layup Shot,2PT Field Goal,Restricted Area,Center(C),Less Than 8 ft.,1,-11,10,1,0,20251123,CLE,LAC
Shot Chart Detail,0022500300,47,201935,James Harden,1610612746,LA Clippers,1,7,44,Missed Shot,Driving Layup Shot,2PT Field Goal,In The Paint (Non-RA),Center(C),Less Than 8 ft.,5,-21,54,1,0,20251129,LAC,DAL
Shot Chart Detail,0022500300,75,201935,James Harden,1610612746,LA Clippers,1,5,51,Made Shot,Pullup Jump shot,3PT Field Goal,Above the Break 3,Right Side Center(RC),24+ ft.,25,151,211,1,1,20251129,LAC,DAL
Shot Chart Detail,0022500300,83,201935,James Harden,1610612746,LA Clippers,1,5,25,Made Shot,Driving Floating Bank Jump Shot,2PT Field Goal,In The Paint (Non-RA),Center(C),Less Than 8 ft.,4,15,42,1,1,20251129,LAC,DAL
Shot Chart Detail,0022500300,94,201935,James Harden,1610612746,LA Clippers,1,4,25,Missed Shot,Driving Layup Shot,2PT Field Goal,In The Paint (Non-RA),Center(C),Less Than 8 ft.,4,20,36,1,0,20251129,LAC,DAL
Shot Chart Detail,0022500300,100,201935,James Harden,1610612746,LA Clippers,1,4,17,Missed Shot,Driving Floating Jump Shot,2PT Field Goal,In The Paint (Non-RA),Center(C),Less Than 8 ft.,4,32,25,1,0,20251129,LAC,DAL
Shot Chart Detail,0022500300,332,201935,James Harden,1610612746,LA Clippers,2,0,44,Missed Shot,Pullup Jump shot,2PT Field Goal,Mid-Range,Right Side Center(RC),16-24 ft.,20,86,181,1,0,20251129,LAC,DAL
Shot Chart Detail,0022500300,369,201935,James Harden,1610612746,LA Clippers,3,9,48,Made Shot,Driving Layup Shot,2PT Field Goal,Restricted Area,Center(C),Less Than 8 ft.,2,-26,11,1,1,20251129,LAC,DAL
Shot Chart Detail,0022500300,376,201935,James Harden,1610612746,LA Clippers,3,8,41,Missed Shot,Pullup Jump shot,3PT Field Goal,Above the Break 3,Right Side Center(RC),24+ ft.,26,97,243,1,0,20251129,LAC,DAL
Shot Chart Detail,0022500300,404,201935,James Harden,1610612746,LA Clippers,3,6,24,Missed Shot,Step Back Jump shot,2PT Field Goal,In The Paint (Non-RA),Right Side(R),8-16 ft.,14,76,121,1,0,20251129,LAC,DAL
Shot Chart Detail,0022500300,411,201935,James Harden,1610612746,LA Clippers,3,5,50,Made Shot,Driving Layup Shot,2PT Field Goal,Restricted Area,Center(C),Less Than 8 ft.,2,-7,19,1,1,20251129,LAC,DAL
Shot Chart Detail,0022500300,432,201935,James Harden,1610612746,LA Clippers,3,4,48,Made Shot,Running Pull-Up Jump Shot,3PT Field Goal,Above the Break 3,Right Side Center(RC),24+ ft.,28,201,204,1,1,20251129,LAC,DAL
Shot Chart Detail,0022500300,440,201935,James Harden,1610612746,LA Clippers,3,3,59,Missed Shot,Step Back Jump shot,3PT Field Goal,Above the Break 3,Right Side Center(RC),24+ ft.,28,154,236,1,0,20251129,LAC,DAL
Shot Chart Detail,0022500300,444,201935,James Harden,1610612746,LA Clippers,3,3,28,Missed Shot,Step Back Jump shot,2PT Field Goal,Mid-Range,Right Side(R),8-16 ft.,11,116,-7,1,0,20251129,LAC,DAL
Shot Chart Detail,0022500300,453,201935,James Harden,1610612746,LA Clippers,3,3,23,Missed Shot,Jump Shot,3PT Field Goal,Right Corner 3,Right Side(R),24+ ft.,23,229,26,1,0,20251129,LAC,DAL
Shot Chart Detail,0022500300,485,201935,James Harden,1610612746,LA Clippers,3,0,58,Missed Shot,Driving Floating Jump Shot,2PT Field Goal,Restricted Area,Center(C),Less Than 8 ft.,1,-4,19,1,0,20251129,LAC,DAL
Shot Chart Detail,0022500300,495,201935,James Harden,1610612746,LA Clippers,3,0,7,Missed Shot,Pullup Jump shot,3PT Field Goal,Above the Break 3,Right Side Center(RC),24+ ft.,25,180,187,1,0,20251129,LAC,DAL
Shot Chart Detail,0022500300,671,201935,James Harden,1610612746,LA Clippers,4,0,26,Missed Shot,Driving Layup Shot,2PT Field Goal,Restricted Area,Center(C),Less Than 8 ft.,3,-21,32,1,0,20251129,LAC,DAL
Shot Chart Detail,0022500313,44,201935,James Harden,1610612746,LA Clippers,1,8,41,Missed Shot,Pullup Jump shot,3PT Field Goal,Above the Break 3,Center(C),24+ ft.,25,-50,255,1,0,20251201,MIA,LAC
Shot Chart Detail,0022500313,65,201935,James Harden,1610612746,LA Clippers,1,6,52,Made Shot,Driving Floating Jump Shot,2PT Field Goal,In The Paint (Non-RA),Center(C),Less Than 8 ft.,6,-20,62,1,1,20251201,MIA,LAC
Shot Chart Detail,0022500313,147,201935,James Harden,1610612746,LA Clippers,1,1,17,Missed Shot,Driving Floating Bank Jump Shot,2PT Field Goal,Mid-Range,Left Side(L),8-16 ft.,14,-104,94,1,0,20251201,MIA,LAC
Shot Chart Detail,0022500313,261,201935,James Harden,1610612746,LA Clippers,2,6,7,Missed Shot,Step Back Jump shot,3PT Field Goal,Above the Break 3,Left Side Center(LC),24+ ft.,26,-141,227,1,0,20251201,MIA,LAC
Shot Chart Detail,0022500313,296,201935,James Harden,1610612746,LA Clippers,2,3,41,Missed Shot,Jump Shot,3PT Field Goal,Above the Break 3,Right Side Center(RC),24+ ft.,25,203,150,1,0,20251201,MIA,LAC
Shot Chart Detail,0022500313,345,201935,James Harden,1610612746,LA Clippers,2,0,28,Made Shot,Pullup Jump shot,3PT Field Goal,Above the Break 3,Left Side Center(LC),24+ ft.,24,-94,227,1,1,20251201,MIA,LAC
Shot Chart Detail,0022500327,22,201935,James Harden,1610612746,LA Clippers,1,9,47,Made Shot,Driving Layup Shot,2PT Field Goal,Restricted Area,Center(C),Less Than 8 ft.,2,-25,12,1,1,20251203,ATL,LAC
Shot Chart Detail,0022500327,25,201935,James Harden,1610612746,LA Clippers,1,9,34,Made Shot,Running Pull-Up Jump Shot,3PT Field Goal,Above the Break 3,Center(C),24+ ft.,25,-69,243,1,1,20251203,ATL,LAC
Shot Chart Detail,0022500327,32,201935,James Harden,1610612746,LA Clippers,1,9,3,Missed Shot,Step Back Jump shot,2PT Field Goal,In The Paint (Non-RA),Center(C),8-16 ft.,10,12,101,1,0,20251203,ATL,LAC
Shot Chart Detail,0022500327,38,201935,James Harden,1610612746,LA Clippers,1,8,27,Made Shot,Jump Shot,3PT Field Goal,Above the Break 3,Center(C),24+ ft.,25,-49,251,1,1,20251203,ATL,LAC
Shot Chart Detail,0022500327,54,201935,James Harden,1610612746,LA Clippers,1,7,19,Missed Shot,Running Pull-Up Jump Shot,3PT Field Goal,Above the Break 3,Center(C),24+ ft.,25,9,252,1,0,20251203,ATL,LAC
Shot Chart Detail,0022500327,84,201935,James Harden,1610612746,LA Clippers,1,5,24,Missed Shot,Jump Shot,3PT Field Goal,Above the Break 3,Right Side Center(RC),24+ ft.,25,218,127,1,0,20251203,ATL,LAC
Shot Chart Detail,0022500327,95,201935,James Harden,1610612746,LA Clippers,1,4,40,Missed Shot,Driving Floating Jump Shot,2PT Field Goal,In The Paint (Non-RA),Center(C),8-16 ft.,9,21,88,1,0,20251203,ATL,LAC
Shot Chart Detail,0022500327,122,201935,James Harden,1610612746,LA Clippers,1,2,52,Missed Shot,Step Back Jump shot,3PT Field Goal,Above the Break 3,Right Side Center(RC),24+ ft.,24,107,222,1,0,20251203,ATL,LAC
Shot Chart Detail,0022500327,126,201935,James Harden,1610612746,LA Clippers,1,2,33,Missed Shot,Driving Layup Shot,2PT Field Goal,Restricted Area,Center(C),Less Than 8 ft.,0,5,5,1,0,20251203,ATL,LAC
Shot Chart Detail,0022500327,136,201935,James Harden,1610612746,LA Clippers,1,2,3,Made Shot,Jump Shot,2PT Field Goal,Mid-Range,Left Side(L),8-16 ft.,15,-148,44,1,1,20251203,ATL,LAC
Shot Chart Detail,0022500327,143,201935,James Harden,1610612746,LA Clippers,1,1,15,Made Shot,Step Back Jump shot,3PT Field Goal,Above the Break 3,Center(C),24+ ft.,24,2,248,1,1,20251203,ATL,LAC
Shot Chart Detail,0022500327,145,201935,James Harden,1610612746,LA Clippers,1,0,30,Missed Shot,Step Back Jump shot,3PT Field Goal,Above the Break 3,Center(C),24+ ft.,26,50,258,1,0,20251203,ATL,LAC
Shot Chart Detail,0022500327,240,201935,James Harden,1610612746,LA Clippers,2,6,4,Missed Shot,Jump Shot,3PT Field Goal,Above the Break 3,Right Side Center(RC),24+ ft.,25,110,225,1,0,20251203,ATL,LAC
Shot Chart Detail,0022500327,261,201935,James Harden,1610612746,LA Clippers,2,4,42,Missed Shot,Driving Layup Shot,2PT Field Goal,Restricted Area,Center(C),Less Than 8 ft.,1,-12,10,1,0,20251203,ATL,LAC
Shot Chart Detail,0022500327,323,201935,James Harden,1610612746,LA Clippers,2,0,36,Made Shot,Driving Floating Bank Jump Shot,2PT Field Goal,Restricted Area,Center(C),Less Than 8 ft.,3,-16,29,1,1,20251203,ATL,LAC
Shot Chart Detail,0022500327,351,201935,James Harden,1610612746,LA Clippers,3,9,54,Made Shot,Step Back Jump shot,2PT Field Goal,Mid-Range,Right Side(R),16-24 ft.,20,165,116,1,1,20251203,ATL,LAC
Shot Chart Detail,0022500327,373,201935,James Harden,1610612746,LA Clippers,3,8,8,Made Shot,Driving Floating Jump Shot,2PT Field Goal,In The Paint (Non-RA),Right Side(R),8-16 ft.,8,44,72,1,1,20251203,ATL,LAC
Shot Chart Detail,0022500327,401,201935,James Harden,1610612746,LA Clippers,3,5,43,Missed Shot,Step Back Jump shot,3PT Field Goal,Right Corner 3,Right Side(R),24+ ft.,23,233,26,1,0,20251203,ATL,LAC
Shot Chart Detail,0022500327,417,201935,James Harden,1610612746,LA Clippers,3,4,30,Made Shot,Jump Shot,3PT Field Goal,Above the Break 3,Center(C),24+ ft.,25,-77,240,1,1,20251203,ATL,LAC
Shot Chart Detail,0022500327,461,201935,James Harden,1610612746,LA Clippers,3,1,19,Made Shot,Step Back Jump shot,3PT Field Goal,Above the Break 3,Right Side Center(RC),24+ ft.,25,96,239,1,1,20251203,ATL,LAC
Shot Chart Detail,0022500327,478,201935,James Harden,1610612746,LA Clippers,3,0,1,Missed Shot,Pullup Jump shot,3PT Field Goal,Above the Break 3,Left Side Center(LC),24+ ft.,27,-132,242,1,0,20251203,ATL,LAC
Shot Chart Detail,0022500327,542,201935,James Harden,1610612746,LA Clippers,4,7,16,Missed Shot,Jump Shot,3PT Field Goal,Above the Break 3,Right Side Center(RC),24+ ft.,25,214,136,1,0,20251203,ATL,LAC
Shot Chart Detail,0022500327,578,201935,James Harden,1610612746,LA Clippers,4,4,37,Missed Shot,Step Back Jump shot,3PT Field Goal,Above the Break 3,Right Side Center(RC),24+ ft.,26,228,126,1,0,20251203,ATL,LAC
Shot Chart Detail,0022500327,593,201935,James Harden,1610612746,LA Clippers,4,3,15,Made Shot,Turnaround Jump Shot,2PT Field Goal,Mid-Range,Right Side(R),8-16 ft.,13,107,85,1,1,20251203,ATL,LAC
Shot Chart Detail,0022500347,17,201935,James Harden,1610612746,LA Clippers,1,10,33,Made Shot,Pullup Jump shot,3PT Field Goal,Above the Break 3,Right Side Center(RC),24+ ft.,25,180,184,1,1,20251205,MEM,LAC
Shot Chart Detail,0022500347,25,201935,James Harden,1610612746,LA Clippers,1,9,48,Made Shot,Step Back Jump shot,2PT Field Goal,Mid-Range,Right Side(R),8-16 ft.,14,107,100,1,1,20251205,MEM,LAC
Shot Chart Detail,0022500347,30,201935,James Harden,1610612746,LA Clippers,1,9,11,Made Shot,Jump Shot,3PT Field Goal,Above the Break 3,Right Side Center(RC),24+ ft.,27,212,178,1,1,20251205,MEM,LAC
Shot Chart Detail,0022500347,77,201935,James Harden,1610612746,LA Clippers,1,5,8,Made Shot,Running Pull-Up Jump Shot,3PT Field Goal,Above the Break 3,Right Side Center(RC),24+ ft.,25,213,143,1,1,20251205,MEM,LAC
Shot Chart Detail,0022500347,96,201935,James Harden,1610612746,LA Clippers,1,3,31,Missed Shot,Pullup Jump shot,3PT Field Goal,Above the Break 3,Left Side Center(LC),24+ ft.,25,-98,232,1,0,20251205,MEM,LAC
Shot Chart Detail,0022500347,127,201935,James Harden,1610612746,LA Clippers,1,1,19,Made Shot,Driving Layup Shot,2PT Field Goal,Restricted Area,Center(C),Less Than 8 ft.,1,-9,14,1,1,20251205,MEM,LAC
Shot Chart Detail,0022500347,138,201935,James Harden,1610612746,LA Clippers,1,0,0,Missed Shot,Jump Shot,2PT Field Goal,Mid-Range,Center(C),16-24 ft.,21,-60,209,1,0,20251205,MEM,LAC
Shot Chart Detail,0022500347,259,201935,James Harden,1610612746,LA Clippers,2,2,25,Made Shot,Step Back Jump shot,2PT Field Goal,In The Paint (Non-RA),Center(C),8-16 ft.,13,64,115,1,1,20251205,MEM,LAC
Shot Chart Detail,0022500347,288,201935,James Harden,1610612746,LA Clippers,2,0,31,Missed Shot,Driving Floating Jump Shot,2PT Field Goal,In The Paint (Non-RA),Center(C),8-16 ft.,11,-49,101,1,0,20251205,MEM,LAC
Shot Chart Detail,0022500347,336,201935,James Harden,1610612746,LA Clippers,3,8,45,Missed Shot,Pullup Jump shot,3PT Field Goal,Above the Break 3,Center(C),24+ ft.,26,2,262,1,0,20251205,MEM,LAC
Shot Chart Detail,0022500347,366,201935,James Harden,1610612746,LA Clippers,3,6,58,Missed Shot,Jump Shot,3PT Field Goal,Above the Break 3,Right Side Center(RC),24+ ft.,24,216,121,1,0,20251205,MEM,LAC
Shot Chart Detail,0022500347,400,201935,James Harden,1610612746,LA Clippers,3,4,38,Missed Shot,Step Back Jump shot,3PT Field Goal,Right Corner 3,Right Side(R),24+ ft.,22,227,27,1,0,20251205,MEM,LAC
Shot Chart Detail,0022500347,578,201935,James Harden,1610612746,LA Clippers,4,3,10,Missed Shot,Driving Layup Shot,2PT Field Goal,In The Paint (Non-RA),Center(C),Less Than 8 ft.,7,-71,22,1,0,20251205,MEM,LAC
Shot Chart Detail,0022500355,27,201935,James Harden,1610612746,LA Clippers,1,9,8,Made Shot,Driving Hook Shot,2PT Field Goal,In The Paint (Non-RA),Center(C),Less Than 8 ft.,6,-37,51,1,1,20251206,MIN,LAC
Shot Chart Detail,0022500355,42,201935,James Harden,1610612746,LA Clippers,1,7,38,Made Shot,Driving Floating Bank Jump Shot,2PT Field Goal,In The Paint (Non-RA),Center(C),Less Than 8 ft.,7,42,61,1,1,20251206,MIN,LAC
Shot Chart Detail,0022500355,90,201935,James Harden,1610612746,LA Clippers,1,3,18,Made Shot,Driving Floating Jump Shot,2PT Field Goal,Restricted Area,Center(C),Less Than 8 ft.,3,-18,31,1,1,20251206,MIN,LAC
Shot Chart Detail,0022500355,129,201935,James Harden,1610612746,LA Clippers,1,0,46,Missed Shot,Step Back Jump shot,3PT Field Goal,Above the Break 3,Right Side Center(RC),24+ ft.,25,185,171,1,0,20251206,MIN,LAC
Shot Chart Detail,0022500355,231,201935,James Harden,1610612746,LA Clippers,2,5,9,Made Shot,Fadeaway Jump Shot,2PT Field Goal,In The Paint (Non-RA),Center(C),8-16 ft.,12,-36,117,1,1,20251206,MIN,LAC
Shot Chart Detail,0022500355,237,201935,James Harden,1610612746,LA Clippers,2,4,3,Made Shot,Pullup Jump shot,3PT Field Goal,Above the Break 3,Center(C),24+ ft.,25,-75,241,1,1,20251206,MIN,LAC
Shot Chart Detail,0022500355,250,201935,James Harden,1610612746,LA Clippers,2,3,22,Missed Shot,Driving Floating Jump Shot,2PT Field Goal,In The Paint (Non-RA),Center(C),8-16 ft.,8,6,80,1,0,20251206,MIN,LAC
Shot Chart Detail,0022500355,291,201935,James Harden,1610612746,LA Clippers,2,0,9,Made Shot,Step Back Jump shot,2PT Field Goal,Mid-Range,Center(C),8-16 ft.,14,17,145,1,1,20251206,MIN,LAC
Shot Chart Detail,0022500355,306,201935,James Harden,1610612746,LA Clippers,3,11,35,Missed Shot,Jump Shot,3PT Field Goal,Above the Break 3,Right Side Center(RC),24+ ft.,24,212,128,1,0,20251206,MIN,LAC
Shot Chart Detail,0022500355,339,201935,James Harden,1610612746,LA Clippers,3,8,43,Missed Shot,Pullup Jump shot,3PT Field Goal,Above the Break 3,Right Side Center(RC),24+ ft.,28,167,233,1,0,20251206,MIN,LAC
Shot Chart Detail,0022500355,397,201935,James Harden,1610612746,LA Clippers,3,5,16,Missed Shot,Driving Floating Bank Jump Shot,2PT Field Goal,In The Paint (Non-RA),Center(C),Less Than 8 ft.,6,-36,53,1,0,20251206,MIN,LAC
Shot Chart Detail,0022500355,421,201935,James Harden,1610612746,LA Clippers,3,4,1,Made Shot,Running Layup Shot,2PT Field Goal,Restricted Area,Center(C),Less Than 8 ft.,0,-7,0,1,1,20251206,MIN,LAC
Shot Chart Detail,0022500355,462,201935,James Harden,1610612746,LA Clippers,3,0,1,Missed Shot,Pullup Jump shot,2PT Field Goal,In The Paint (Non-RA),Center(C),8-16 ft.,13,0,137,1,0,20251206,MIN,LAC
Shot Chart Detail,0022500355,560,201935,James Harden,1610612746,LA Clippers,4,5,50,Made Shot,Pullup Jump shot,2PT Field Goal,In The Paint (Non-RA),Left Side(L),8-16 ft.,11,-72,91,1,1,20251206,MIN,LAC
Shot Chart Detail,0022500355,563,201935,James Harden,1610612746,LA Clippers,4,5,21,Missed Shot,Driving Layup Shot,2PT Field Goal,In The Paint (Non-RA),Center(C),Less Than 8 ft.,5,-40,37,1,0,20251206,MIN,LAC
Shot Chart Detail,0022500355,579,201935,James Harden,1610612746,LA Clippers,4,3,41,Made Shot,Driving Floating Bank Jump Shot,2PT Field Goal,Restricted Area,Center(C),Less Than 8 ft.,3,-27,17,1,1,20251206,MIN,LAC
Shot Chart Detail,0022500355,638,201935,James Harden,1610612746,LA Clippers,4,0,7,Made Shot,Driving Finger Roll Layup Shot,2PT Field Goal,Restricted Area,Center(C),Less Than 8 ft.,1,-9,17,1,1,20251206,MIN,LAC
Shot Chart Detail,0022500355,659,201935,James Harden,1610612746,LA Clippers,4,0,1,Missed Shot,Jump Shot,3PT Field Goal,Left Corner 3,Left Side(L),24+ ft.,23,-233,22,1,0,20251206,MIN,LAC
Shot Chart Detail,0022500395,9,201935,James Harden,1610612746,LA Clippers,1,11,20,Made Shot,Pullup Jump shot,3PT Field Goal,Above the Break 3,Right Side Center(RC),24+ ft.,25,185,181,1,1,20251220,LAC,LAL
Shot Chart Detail,0022500395,48,201935,James Harden,1610612746,LA Clippers,1,7,51,Made Shot,Step Back Jump shot,3PT Field Goal,Above the Break 3,Center(C),24+ ft.,26,77,251,1,1,20251220,LAC,LAL
Shot Chart Detail,0022500395,63,201935,James Harden,1610612746,LA Clippers,1,6,27,Missed Shot,Jump Shot,3PT Field Goal,Right Corner 3,Right Side(R),24+ ft.,22,228,29,1,0,20251220,LAC,LAL
Shot Chart Detail,0022500395,131,201935,James Harden,1610612746,LA Clippers,1,1,48,Missed Shot,Step Back Jump shot,3PT Field Goal,Above the Break 3,Right Side Center(RC),24+ ft.,25,103,232,1,0,20251220,LAC,LAL
Shot Chart Detail,0022500395,225,201935,James Harden,1610612746,LA Clippers,2,7,12,Missed Shot,Pullup Jump shot,2PT Field Goal,In The Paint (Non-RA),Center(C),Less Than 8 ft.,7,34,70,1,0,20251220,LAC,LAL
Shot Chart Detail,0022500395,243,201935,James Harden,1610612746,LA Clippers,2,5,3,Made Shot,Driving Floating Jump Shot,2PT Field Goal,In The Paint (Non-RA),Center(C),8-16 ft.,9,16,94,1,1,20251220,LAC,LAL
Shot Chart Detail,0022500395,324,201935,James Harden,1610612746,LA Clippers,2,0,0,Missed Shot,Jump Shot,3PT Field Goal,Above the Break 3,Left Side Center(LC),24+ ft.,28,-140,244,1,0,20251220,LAC,LAL
Shot Chart Detail,0022500395,349,201935,James Harden,1610612746,LA Clippers,3,10,35,Missed Shot,Jump Shot,3PT Field Goal,Right Corner 3,Right Side(R),24+ ft.,22,229,5,1,0,20251220,LAC,LAL
Shot Chart Detail,0022500395,366,201935,James Harden,1610612746,LA Clippers,3,8,32,Missed Shot,Running Jump Shot,3PT Field Goal,Above the Break 3,Right Side Center(RC),24+ ft.,24,184,164,1,0,20251220,LAC,LAL
Shot Chart Detail,0022500395,410,201935,James Harden,1610612746,LA Clippers,3,4,59,Missed Shot,Jump Shot,3PT Field Goal,Above the Break 3,Center(C),24+ ft.,24,-7,248,1,0,20251220,LAC,LAL
Shot Chart Detail,0022500395,437,201935,James Harden,1610612746,LA Clippers,3,3,32,Missed Shot,Driving Floating Jump Shot,2PT Field Goal,In The Paint (Non-RA),Center(C),Less Than 8 ft.,5,28,45,1,0,20251220,LAC,LAL
Shot Chart Detail,0022500395,478,201935,James Harden,1610612746,LA Clippers,3,1,17,Made Shot,Driving Floating Jump Shot,2PT Field Goal,In The Paint (Non-RA),Center(C),Less Than 8 ft.,4,0,40,1,1,20251220,LAC,LAL
Shot Chart Detail,0022500395,485,201935,James Harden,1610612746,LA Clippers,3,0,35,Missed Shot,Step Back Jump shot,3PT Field Goal,Right Corner 3,Right Side(R),24+ ft.,23,224,62,1,0,20251220,LAC,LAL
Shot Chart Detail,0022500395,489,201935,James Harden,1610612746,LA Clippers,3,0,26,Missed Shot,Pullup Jump shot,3PT Field Goal,Above the Break 3,Right Side Center(RC),24+ ft.,25,121,227,1,0,20251220,LAC,LAL
Shot Chart Detail,0022500395,540,201935,James Harden,1610612746,LA Clippers,4,8,38,Missed Shot,Step Back Jump shot,2PT Field Goal,Mid-Range,Right Side Center(RC),16-24 ft.,20,91,188,1,0,20251220,LAC,LAL
Shot Chart Detail,0022500395,544,201935,James Harden,1610612746,LA Clippers,4,8,8,Missed Shot,Step Back Jump shot,2PT Field Goal,Mid-Range,Left Side(L),8-16 ft.,12,-94,88,1,0,20251220,LAC,LAL
Shot Chart Detail,0022500395,556,201935,James Harden,1610612746,LA Clippers,4,6,52,Made Shot,Jump Shot,3PT Field Goal,Above the Break 3,Center(C),24+ ft.,25,-1,252,1,1,20251220,LAC,LAL
Shot Chart Detail,0022500395,569,201935,James Harden,1610612746,LA Clippers,4,5,13,Missed Shot,Step Back Jump shot,2PT Field Goal,Mid-Range,Right Side(R),8-16 ft.,12,81,101,1,0,20251220,LAC,LAL
Shot Chart Detail,0022500395,579,201935,James Harden,1610612746,LA Clippers,4,4,26,Made Shot,Pullup Jump shot,3PT Field Goal,Above the Break 3,Right Side Center(RC),24+ ft.,25,88,236,1,1,20251220,LAC,LAL
Shot Chart Detail,0022500395,615,201935,James Harden,1610612746,LA Clippers,4,2,22,Missed Shot,Driving Layup Shot,2PT Field Goal,Restricted Area,Center(C),Less Than 8 ft.,2,-12,16,1,0,20251220,LAC,LAL
Shot Chart Detail,0022500422,19,201935,James Harden,1610612746,LA Clippers,1,9,57,Missed Shot,Running Jump Shot,3PT Field Goal,Above the Break 3,Right Side Center(RC),24+ ft.,25,232,100,1,0,20251223,LAC,HOU
Shot Chart Detail,0022500422,29,201935,James Harden,1610612746,LA Clippers,1,9,25,Missed Shot,Running Pull-Up Jump Shot,3PT Field Goal,Above the Break 3,Center(C),24+ ft.,26,-70,253,1,0,20251223,LAC,HOU
Shot Chart Detail,0022500422,55,201935,James Harden,1610612746,LA Clippers,1,7,24,Missed Shot,Layup Shot,2PT Field Goal,In The Paint (Non-RA),Center(C),Less Than 8 ft.,4,-27,38,1,0,20251223,LAC,HOU
Shot Chart Detail,0022500422,70,201935,James Harden,1610612746,LA Clippers,1,6,43,Missed Shot,Driving Floating Jump Shot,2PT Field Goal,In The Paint (Non-RA),Center(C),8-16 ft.,8,-13,85,1,0,20251223,LAC,HOU
Shot Chart Detail,0022500422,144,201935,James Harden,1610612746,LA Clippers,1,0,57,Made Shot,Driving Layup Shot,2PT Field Goal,Restricted Area,Center(C),Less Than 8 ft.,1,-10,15,1,1,20251223,LAC,HOU
Shot Chart Detail,0022500422,152,201935,James Harden,1610612746,LA Clippers,1,0,0,Made Shot,Pullup Jump shot,3PT Field Goal,Above the Break 3,Center(C),24+ ft.,29,1,299,1,1,20251223,LAC,HOU
Shot Chart Detail,0022500422,241,201935,James Harden,1610612746,LA Clippers,2,5,55,Made Shot,Running Jump Shot,2PT Field Goal,In The Paint (Non-RA),Left Side(L),8-16 ft.,8,-67,59,1,1,20251223,LAC,HOU
Shot Chart Detail,0022500422,251,201935,James Harden,1610612746,LA Clippers,2,5,20,Missed Shot,Step Back Jump shot,3PT Field Goal,Above the Break 3,Center(C),24+ ft.,26,-13,264,1,0,20251223,LAC,HOU
Shot Chart Detail,0022500422,285,201935,James Harden,1610612746,LA Clippers,2,1,25,Made Shot,Step Back Jump shot,3PT Field Goal,Above the Break 3,Left Side Center(LC),24+ ft.,28,-121,256,1,1,20251223,LAC,HOU
Shot Chart Detail,0022500422,296,201935,James Harden,1610612746,LA Clippers,2,0,5,Missed Shot,Pullup Jump shot,3PT Field Goal,Above the Break 3,Left Side Center(LC),24+ ft.,27,-113,249,1,0,20251223,LAC,HOU
Shot Chart Detail,0022500422,334,201935,James Harden,1610612746,LA Clippers,3,9,20,Made Shot,Driving Floating Bank Jump Shot,2PT Field Goal,In The Paint (Non-RA),Center(C),Less Than 8 ft.,5,-37,41,1,1,20251223,LAC,HOU
Shot Chart Detail,0022500422,345,201935,James Harden,1610612746,LA Clippers,3,7,58,Made Shot,Driving Floating Jump Shot,2PT Field Goal,In The Paint (Non-RA),Center(C),Less Than 8 ft.,6,23,58,1,1,20251223,LAC,HOU
Shot Chart Detail,0022500422,419,201935,James Harden,1610612746,LA Clippers,3,2,20,Missed Shot,Step Back Jump shot,3PT Field Goal,Above the Break 3,Left Side Center(LC),24+ ft.,27,-151,227,1,0,20251223,LAC,HOU
Shot Chart Detail,0022500422,542,201935,James Harden,1610612746,LA Clippers,4,5,47,Made Shot,Running Pull-Up Jump Shot,3PT Field Goal,Above the Break 3,Center(C),24+ ft.,27,-9,278,1,1,20251223,LAC,HOU
Shot Chart Detail,0022500431,23,201935,James Harden,1610612746,LA Clippers,1,9,49,Missed Shot,Pullup Jump shot,3PT Field Goal,Above the Break 3,Right Side Center(RC),24+ ft.,25,137,217,1,0,20251226,POR,LAC
Shot Chart Detail,0022500431,67,201935,James Harden,1610612746,LA Clippers,1,6,4,Made Shot,Driving Floating Bank Jump Shot,2PT Field Goal,In The Paint (Non-RA),Center(C),8-16 ft.,10,-5,105,1,1,20251226,POR,LAC
Shot Chart Detail,0022500431,97,201935,James Harden,1610612746,LA Clippers,1,3,4,Made Shot,Pullup Jump shot,3PT Field Goal,Above the Break 3,Left Side Center(LC),24+ ft.,28,-104,264,1,1,20251226,POR,LAC
Shot Chart Detail,0022500431,116,201935,James Harden,1610612746,LA Clippers,1,2,2,Missed Shot,Driving Floating Jump Shot,2PT Field Goal,Restricted Area,Center(C),Less Than 8 ft.,1,-10,16,1,0,20251226,POR,LAC
Shot Chart Detail,0022500431,132,201935,James Harden,1610612746,LA Clippers,1,0,55,Missed Shot,Pullup Jump shot,3PT Field Goal,Above the Break 3,Right Side Center(RC),24+ ft.,26,89,246,1,0,20251226,POR,LAC
Shot Chart Detail,0022500431,136,201935,James Harden,1610612746,LA Clippers,1,0,11,Made Shot,Driving Floating Bank Jump Shot,2PT Field Goal,Restricted Area,Center(C),Less Than 8 ft.,3,-26,15,1,1,20251226,POR,LAC
Shot Chart Detail,0022500431,213,201935,James Harden,1610612746,LA Clippers,2,5,3,Made Shot,Driving Floating Jump Shot,2PT Field Goal,Restricted Area,Center(C),Less Than 8 ft.,1,-10,16,1,1,20251226,POR,LAC
Shot Chart Detail,0022500431,252,201935,James Harden,1610612746,LA Clippers,2,1,19,Made Shot,Driving Floating Bank Jump Shot,2PT Field Goal,Restricted Area,Center(C),Less Than 8 ft.,1,-10,13,1,1,20251226,POR,LAC
Shot Chart Detail,0022500431,351,201935,James Harden,1610612746,LA Clippers,3,6,15,Missed Shot,Jump Shot,3PT Field Goal,Above the Break 3,Right Side Center(RC),24+ ft.,25,183,182,1,0,20251226,POR,LAC
Shot Chart Detail,0022500431,381,201935,James Harden,1610612746,LA Clippers,3,4,35,Made Shot,Driving Layup Shot,2PT Field Goal,Restricted Area,Center(C),Less Than 8 ft.,1,-10,8,1,1,20251226,POR,LAC
Shot Chart Detail,0022500431,424,201935,James Harden,1610612746,LA Clippers,3,1,6,Made Shot,Pullup Jump shot,3PT Field Goal,Above the Break 3,Left Side Center(LC),24+ ft.,25,-189,176,1,1,20251226,POR,LAC
Shot Chart Detail,0022500431,431,201935,James Harden,1610612746,LA Clippers,3,0,42,Missed Shot,Step Back Jump shot,3PT Field Goal,Above the Break 3,Center(C),24+ ft.,24,0,248,1,0,20251226,POR,LAC
Shot Chart Detail,0022500431,435,201935,James Harden,1610612746,LA Clippers,3,0,10,Missed Shot,Step Back Jump shot,3PT Field Goal,Above the Break 3,Right Side Center(RC),24+ ft.,26,112,241,1,0,20251226,POR,LAC
Shot Chart Detail,0022500431,537,201935,James Harden,1610612746,LA Clippers,4,6,32,Made Shot,Driving Finger Roll Layup Shot,2PT Field Goal,Restricted Area,Center(C),Less Than 8 ft.,0,4,-1,1,1,20251226,POR,LAC
Shot Chart Detail,0022500431,568,201935,James Harden,1610612746,LA Clippers,4,4,16,Missed Shot,Pullup Jump shot,3PT Field Goal,Above the Break 3,Center(C),24+ ft.,26,69,252,1,0,20251226,POR,LAC
Shot Chart Detail,0022500431,587,201935,James Harden,1610612746,LA Clippers,4,3,4,Made Shot,Driving Floating Jump Shot,2PT Field Goal,Restricted Area,Center(C),Less Than 8 ft.,2,-4,26,1,1,20251226,POR,LAC
Shot Chart Detail,0022500431,590,201935,James Harden,1610612746,LA Clippers,4,2,30,Made Shot,Pullup Jump shot,3PT Field Goal,Above the Break 3,Left Side Center(LC),24+ ft.,25,-135,216,1,1,20251226,POR,LAC
Shot Chart Detail,0022500445,19,201935,James Harden,1610612746,LA Clippers,1,10,2,Missed Shot,Pullup Jump shot,3PT Field Goal,Above the Break 3,Right Side Center(RC),24+ ft.,28,164,230,1,0,20251228,LAC,DET
Shot Chart Detail,0022500445,49,201935,James Harden,1610612746,LA Clippers,1,8,0,Made Shot,Running Pull-Up Jump Shot,3PT Field Goal,Above the Break 3,Left Side Center(LC),24+ ft.,27,-161,223,1,1,20251228,LAC,DET
Shot Chart Detail,0022500445,59,201935,James Harden,1610612746,LA Clippers,1,6,50,Made Shot,Driving Layup Shot,2PT Field Goal,Restricted Area,Center(C),Less Than 8 ft.,2,-13,18,1,1,20251228,LAC,DET
Shot Chart Detail,0022500445,62,201935,James Harden,1610612746,LA Clippers,1,6,12,Missed Shot,Driving Layup Shot,2PT Field Goal,In The Paint (Non-RA),Center(C),Less Than 8 ft.,6,-27,55,1,0,20251228,LAC,DET
Shot Chart Detail,0022500445,70,201935,James Harden,1610612746,LA Clippers,1,5,43,Missed Shot,Step Back Jump shot,2PT Field Goal,Mid-Range,Center(C),8-16 ft.,15,-4,154,1,0,20251228,LAC,DET
Shot Chart Detail,0022500445,92,201935,James Harden,1610612746,LA Clippers,1,4,42,Made Shot,Step Back Jump shot,2PT Field Goal,Mid-Range,Left Side(L),8-16 ft.,13,-120,67,1,1,20251228,LAC,DET
Shot Chart Detail,0022500445,119,201935,James Harden,1610612746,LA Clippers,1,3,2,Missed Shot,Driving Floating Jump Shot,2PT Field Goal,In The Paint (Non-RA),Center(C),Less Than 8 ft.,4,6,42,1,0,20251228,LAC,DET
Shot Chart Detail,0022500445,136,201935,James Harden,1610612746,LA Clippers,1,1,30,Missed Shot,Driving Floating Bank Jump Shot,2PT Field Goal,In The Paint (Non-RA),Center(C),8-16 ft.,10,-10,102,1,0,20251228,LAC,DET
Shot Chart Detail,0022500445,159,201935,James Harden,1610612746,LA Clippers,1,0,28,Missed Shot,Pullup Jump shot,2PT Field Goal,Mid-Range,Left Side Center(LC),16-24 ft.,16,-83,142,1,0,20251228,LAC,DET
Shot Chart Detail,0022500445,242,201935,James Harden,1610612746,LA Clippers,2,6,25,Made Shot,Driving Layup Shot,2PT Field Goal,In The Paint (Non-RA),Center(C),Less Than 8 ft.,4,1,42,1,1,20251228,LAC,DET
Shot Chart Detail,0022500445,263,201935,James Harden,1610612746,LA Clippers,2,4,22,Missed Shot,Driving Floating Jump Shot,2PT Field Goal,In The Paint (Non-RA),Center(C),Less Than 8 ft.,5,-21,54,1,0,20251228,LAC,DET
Shot Chart Detail,0022500445,279,201935,James Harden,1610612746,LA Clippers,2,2,55,Missed Shot,Running Jump Shot,3PT Field Goal,Above the Break 3,Right Side Center(RC),24+ ft.,26,170,204,1,0,20251228,LAC,DET
Shot Chart Detail,0022500445,314,201935,James Harden,1610612746,LA Clippers,2,0,33,Missed Shot,Step Back Jump shot,3PT Field Goal,Above the Break 3,Right Side Center(RC),24+ ft.,27,114,249,1,0,20251228,LAC,DET
Shot Chart Detail,0022500445,344,201935,James Harden,1610612746,LA Clippers,3,10,21,Missed Shot,Jump Shot,3PT Field Goal,Above the Break 3,Center(C),24+ ft.,27,7,271,1,0,20251228,LAC,DET
Shot Chart Detail,0022500445,378,201935,James Harden,1610612746,LA Clippers,3,7,12,Missed Shot,Step Back Jump shot,2PT Field Goal,Mid-Range,Right Side(R),8-16 ft.,13,129,52,1,0,20251228,LAC,DET
Shot Chart Detail,0022500445,394,201935,James Harden,1610612746,LA Clippers,3,5,42,Made Shot,Jump Shot,3PT Field Goal,Above the Break 3,Center(C),24+ ft.,27,70,261,1,1,20251228,LAC,DET
Shot Chart Detail,0022500445,521,201935,James Harden,1610612746,LA Clippers,4,9,37,Missed Shot,Step Back Jump shot,2PT Field Goal,Mid-Range,Right Side Center(RC),16-24 ft.,20,145,148,1,0,20251228,LAC,DET
Shot Chart Detail,0022500445,538,201935,James Harden,1610612746,LA Clippers,4,8,23,Made Shot,Driving Layup Shot,2PT Field Goal,Restricted Area,Center(C),Less Than 8 ft.,2,-22,-2,1,1,20251228,LAC,DET
Shot Chart Detail,0022500445,580,201935,James Harden,1610612746,LA Clippers,4,5,25,Missed Shot,Driving Layup Shot,2PT Field Goal,Restricted Area,Center(C),Less Than 8 ft.,3,-28,13,1,0,20251228,LAC,DET
Shot Chart Detail,0022500445,595,201935,James Harden,1610612746,LA Clippers,4,4,33,Missed Shot,Step Back Jump shot,3PT Field Goal,Above the Break 3,Left Side Center(LC),24+ ft.,25,-200,161,1,0,20251228,LAC,DET
Shot Chart Detail,0022500445,600,201935,James Harden,1610612746,LA Clippers,4,3,52,Missed Shot,Jump Shot,3PT Field Goal,Above the Break 3,Right Side Center(RC),24+ ft.,26,169,210,1,0,20251228,LAC,DET
Shot Chart Detail,0022500445,612,201935,James Harden,1610612746,LA Clippers,4,3,9,Made Shot,Jump Shot,3PT Field Goal,Above the Break 3,Right Side Center(RC),24+ ft.,25,201,162,1,1,20251228,LAC,DET
Shot Chart Detail,0022500445,639,201935,James Harden,1610612746,LA Clippers,4,1,22,Missed Shot,Pullup Jump shot,2PT Field Goal,Mid-Range,Right Side Center(RC),16-24 ft.,17,92,146,1,0,20251228,LAC,DET
Shot Chart Detail,0022500461,10,201935,James Harden,1610612746,LA Clippers,1,10,53,Made Shot,Driving Layup Shot,2PT Field Goal,Restricted Area,Center(C),Less Than 8 ft.,3,-9,32,1,1,20251230,LAC,SAC
Shot Chart Detail,0022500461,13,201935,James Harden,1610612746,LA Clippers,1,10,37,Missed Shot,Running Pull-Up Jump Shot,3PT Field Goal,Above the Break 3,Right Side Center(RC),24+ ft.,26,82,252,1,0,20251230,LAC,SAC
Shot Chart Detail,0022500461,92,201935,James Harden,1610612746,LA Clippers,1,5,31,Made Shot,Pullup Jump shot,3PT Field Goal,Above the Break 3,Right Side Center(RC),24+ ft.,25,104,233,1,1,20251230,LAC,SAC
Shot Chart Detail,0022500461,119,201935,James Harden,1610612746,LA Clippers,1,3,33,Made Shot,Driving Floating Jump Shot,2PT Field Goal,In The Paint (Non-RA),Center(C),Less Than 8 ft.,5,-22,55,1,1,20251230,LAC,SAC
Shot Chart Detail,0022500461,129,201935,James Harden,1610612746,LA Clippers,1,2,59,Made Shot,Step Back Jump shot,2PT Field Goal,Mid-Range,Center(C),16-24 ft.,16,2,162,1,1,20251230,LAC,SAC
Shot Chart Detail,0022500461,132,201935,James Harden,1610612746,LA Clippers,1,2,36,Missed Shot,Pullup Jump shot,3PT Field Goal,Above the Break 3,Left Side Center(LC),24+ ft.,29,-162,249,1,0,20251230,LAC,SAC
Shot Chart Detail,0022500461,164,201935,James Harden,1610612746,LA Clippers,1,0,35,Missed Shot,Step Back Jump shot,3PT Field Goal,Above the Break 3,Right Side Center(RC),24+ ft.,27,108,253,1,0,20251230,LAC,SAC
Shot Chart Detail,0022500461,285,201935,James Harden,1610612746,LA Clippers,2,4,8,Made Shot,Driving Layup Shot,2PT Field Goal,Restricted Area,Center(C),Less Than 8 ft.,2,-4,22,1,1,20251230,LAC,SAC
Shot Chart Detail,0022500461,317,201935,James Harden,1610612746,LA Clippers,2,2,1,Missed Shot,Running Pull-Up Jump Shot,3PT Field Goal,Above the Break 3,Right Side Center(RC),24+ ft.,26,196,181,1,0,20251230,LAC,SAC
Shot Chart Detail,0022500461,363,201935,James Harden,1610612746,LA Clippers,3,10,41,Missed Shot,Pullup Jump shot,2PT Field Goal,In The Paint (Non-RA),Center(C),Less Than 8 ft.,5,-6,57,1,0,20251230,LAC,SAC
Shot Chart Detail,0022500461,395,201935,James Harden,1610612746,LA Clippers,3,8,6,Missed Shot,Step Back Jump shot,3PT Field Goal,Above the Break 3,Left Side Center(LC),24+ ft.,25,-114,232,1,0,20251230,LAC,SAC
Shot Chart Detail,0022500461,483,201935,James Harden,1610612746,LA Clippers,3,1,16,Made Shot,Driving Layup Shot,2PT Field Goal,Restricted Area,Center(C),Less Than 8 ft.,2,13,24,1,1,20251230,LAC,SAC
Shot Chart Detail,0022500461,485,201935,James Harden,1610612746,LA Clippers,3,0,44,Missed Shot,Pullup Jump shot,2PT Field Goal,Mid-Range,Right Side(R),8-16 ft.,15,153,34,1,0,20251230,LAC,SAC
Shot Chart Detail,0022500461,497,201935,James Harden,1610612746,LA Clippers,3,0,0,Missed Shot,Turnaround Fadeaway shot,2PT Field Goal,Mid-Range,Right Side(R),16-24 ft.,19,191,33,1,0,20251230,LAC,SAC
Shot Chart Detail,0022500475,28,201935,James Harden,1610612746,LA Clippers,1,9,43,Made Shot,Step Back Jump shot,2PT Field Goal,Mid-Range,Center(C),8-16 ft.,15,-33,155,1,1,20260101,LAC,UTA
Shot Chart Detail,0022500475,52,201935,James Harden,1610612746,LA Clippers,1,7,17,Made Shot,Driving Layup Shot,2PT Field Goal,Restricted Area,Center(C),Less Than 8 ft.,2,-22,8,1,1,20260101,LAC,UTA
Shot Chart Detail,0022500475,64,201935,James Harden,1610612746,LA Clippers,1,6,17,Missed Shot,Pullup Jump shot,3PT Field Goal,Above the Break 3,Right Side Center(RC),24+ ft.,27,134,243,1,0,20260101,LAC,UTA
Shot Chart Detail,0022500475,95,201935,James Harden,1610612746,LA Clippers,1,4,20,Missed Shot,Jump Shot,3PT Field Goal,Above the Break 3,Right Side Center(RC),24+ ft.,26,131,226,1,0,20260101,LAC,UTA
Shot Chart Detail,0022500475,133,201935,James Harden,1610612746,LA Clippers,1,2,31,Made Shot,Pullup Jump shot,2PT Field Goal,In The Paint (Non-RA),Left Side(L),8-16 ft.,9,-54,80,1,1,20260101,LAC,UTA
Shot Chart Detail,0022500475,145,201935,James Harden,1610612746,LA Clippers,1,1,34,Missed Shot,Driving Layup Shot,2PT Field Goal,In The Paint (Non-RA),Center(C),Less Than 8 ft.,4,-43,10,1,0,20260101,LAC,UTA
Shot Chart Detail,0022500475,161,201935,James Harden,1610612746,LA Clippers,1,0,29,Missed Shot,Pullup Jump shot,2PT Field Goal,Mid-Range,Center(C),8-16 ft.,14,22,142,1,0,20260101,LAC,UTA
Shot Chart Detail,0022500475,324,201935,James Harden,1610612746,LA Clippers,2,1,58,Missed Shot,Driving Floating Jump Shot,2PT Field Goal,Restricted Area,Center(C),Less Than 8 ft.,3,-34,15,1,0,20260101,LAC,UTA
Shot Chart Detail,0022500475,400,201935,James Harden,1610612746,LA Clippers,3,9,1,Missed Shot,Jump Shot,3PT Field Goal,Above the Break 3,Right Side Center(RC),24+ ft.,26,112,236,1,0,20260101,LAC,UTA
Shot Chart Detail,0022500475,435,201935,James Harden,1610612746,LA Clippers,3,6,22,Missed Shot,Driving Layup Shot,2PT Field Goal,Restricted Area,Center(C),Less Than 8 ft.,2,-17,16,1,0,20260101,LAC,UTA
Shot Chart Detail,0022500475,493,201935,James Harden,1610612746,LA Clippers,3,2,0,Missed Shot,Jump Shot,3PT Field Goal,Above the Break 3,Right Side Center(RC),24+ ft.,26,102,246,1,0,20260101,LAC,UTA
Shot Chart Detail,0022500475,507,201935,James Harden,1610612746,LA Clippers,3,1,15,Made Shot,Step Back Jump shot,3PT Field Goal,Above the Break 3,Center(C),24+ ft.,25,20,253,1,1,20260101,LAC,UTA
Shot Chart Detail,0022500475,509,201935,James Harden,1610612746,LA Clippers,3,0,33,Made Shot,Driving Layup Shot,2PT Field Goal,Restricted Area,Center(C),Less Than 8 ft.,2,-21,16,1,1,20260101,LAC,UTA
Shot Chart Detail,0022500475,511,201935,James Harden,1610612746,LA Clippers,3,0,3,Missed Shot,Step Back Jump shot,3PT Field Goal,Above the Break 3,Center(C),24+ ft.,28,-69,272,1,0,20260101,LAC,UTA
Shot Chart Detail,0022500493,38,201935,James Harden,1610612746,LA Clippers,1,8,7,Missed Shot,Driving Layup Shot,2PT Field Goal,In The Paint (Non-RA),Center(C),Less Than 8 ft.,5,-34,48,1,0,20260103,LAC,BOS
Shot Chart Detail,0022500493,49,201935,James Harden,1610612746,LA Clippers,1,6,46,Missed Shot,Jump Shot,3PT Field Goal,Above the Break 3,Center(C),24+ ft.,26,-20,268,1,0,20260103,LAC,BOS
Shot Chart Detail,0022500493,83,201935,James Harden,1610612746,LA Clippers,1,4,15,Made Shot,Driving Layup Shot,2PT Field Goal,Restricted Area,Center(C),Less Than 8 ft.,3,-15,32,1,1,20260103,LAC,BOS
Shot Chart Detail,0022500493,103,201935,James Harden,1610612746,LA Clippers,1,3,15,Missed Shot,Step Back Jump shot,3PT Field Goal,Above the Break 3,Right Side Center(RC),24+ ft.,26,129,237,1,0,20260103,LAC,BOS
Shot Chart Detail,0022500493,112,201935,James Harden,1610612746,LA Clippers,1,2,25,Made Shot,Driving Layup Shot,2PT Field Goal,Restricted Area,Center(C),Less Than 8 ft.,3,-23,27,1,1,20260103,LAC,BOS
Shot Chart Detail,0022500493,119,201935,James Harden,1610612746,LA Clippers,1,2,4,Missed Shot,Driving Layup Shot,2PT Field Goal,Restricted Area,Center(C),Less Than 8 ft.,3,4,34,1,0,20260103,LAC,BOS
Shot Chart Detail,0022500493,265,201935,James Harden,1610612746,LA Clippers,2,2,26,Missed Shot,Step Back Jump shot,2PT Field Goal,In The Paint (Non-RA),Center(C),8-16 ft.,13,-54,121,1,0,20260103,LAC,BOS
Shot Chart Detail,0022500493,284,201935,James Harden,1610612746,LA Clippers,2,1,7,Made Shot,Driving Layup Shot,2PT Field Goal,Restricted Area,Center(C),Less Than 8 ft.,3,-6,34,1,1,20260103,LAC,BOS
Shot Chart Detail,0022500493,305,201935,James Harden,1610612746,LA Clippers,2,0,0,Missed Shot,Step Back Jump shot,3PT Field Goal,Above the Break 3,Right Side Center(RC),24+ ft.,27,161,223,1,0,20260103,LAC,BOS
Shot Chart Detail,0022500493,337,201935,James Harden,1610612746,LA Clippers,3,9,35,Made Shot,Driving Floating Jump Shot,2PT Field Goal,In The Paint (Non-RA),Center(C),Less Than 8 ft.,6,-50,35,1,1,20260103,LAC,BOS
Shot Chart Detail,0022500493,342,201935,James Harden,1610612746,LA Clippers,3,9,10,Missed Shot,Step Back Jump shot,3PT Field Goal,Above the Break 3,Right Side Center(RC),24+ ft.,26,114,235,1,0,20260103,LAC,BOS
Shot Chart Detail,0022500493,408,201935,James Harden,1610612746,LA Clippers,3,4,15,Made Shot,Jump Shot,3PT Field Goal,Above the Break 3,Right Side Center(RC),24+ ft.,27,115,247,1,1,20260103,LAC,BOS
Shot Chart Detail,0022500493,452,201935,James Harden,1610612746,LA Clippers,3,1,9,Missed Shot,Step Back Jump shot,3PT Field Goal,Above the Break 3,Left Side Center(LC),24+ ft.,25,-92,241,1,0,20260103,LAC,BOS
Shot Chart Detail,0022500493,528,201935,James Harden,1610612746,LA Clippers,4,8,35,Made Shot,Pullup Jump shot,2PT Field Goal,In The Paint (Non-RA),Center(C),8-16 ft.,14,-60,127,1,1,20260103,LAC,BOS
Shot Chart Detail,0022500493,539,201935,James Harden,1610612746,LA Clippers,4,7,0,Made Shot,Driving Floating Jump Shot,2PT Field Goal,In The Paint (Non-RA),Center(C),Less Than 8 ft.,6,2,63,1,1,20260103,LAC,BOS
Shot Chart Detail,0022500522,52,201935,James Harden,1610612746,LA Clippers,1,7,13,Missed Shot,Jump Shot,3PT Field Goal,Above the Break 3,Left Side Center(LC),24+ ft.,26,-176,193,1,0,20260107,NYK,LAC
Shot Chart Detail,0022500522,77,201935,James Harden,1610612746,LA Clippers,1,5,35,Missed Shot,Driving Finger Roll Layup Shot,2PT Field Goal,Restricted Area,Center(C),Less Than 8 ft.,2,-15,22,1,0,20260107,NYK,LAC
Shot Chart Detail,0022500522,81,201935,James Harden,1610612746,LA Clippers,1,5,5,Missed Shot,Driving Layup Shot,2PT Field Goal,Restricted Area,Center(C),Less Than 8 ft.,2,-15,16,1,0,20260107,NYK,LAC
Shot Chart Detail,0022500522,116,201935,James Harden,1610612746,LA Clippers,1,2,8,Missed Shot,Driving Finger Roll Layup Shot,2PT Field Goal,Restricted Area,Center(C),Less Than 8 ft.,1,-13,10,1,0,20260107,NYK,LAC
Shot Chart Detail,0022500522,130,201935,James Harden,1610612746,LA Clippers,1,1,29,Made Shot,Step Back Jump shot,3PT Field Goal,Above the Break 3,Right Side Center(RC),24+ ft.,24,159,190,1,1,20260107,NYK,LAC
Shot Chart Detail,0022500522,137,201935,James Harden,1610612746,LA Clippers,1,0,32,Made Shot,Step Back Jump shot,3PT Field Goal,Above the Break 3,Right Side Center(RC),24+ ft.,24,217,116,1,1,20260107,NYK,LAC
Shot Chart Detail,0022500522,251,201935,James Harden,1610612746,LA Clippers,2,5,41,Made Shot,Step Back Jump shot,3PT Field Goal,Above the Break 3,Left Side Center(LC),24+ ft.,25,-148,209,1,1,20260107,NYK,LAC
Shot Chart Detail,0022500522,257,201935,James Harden,1610612746,LA Clippers,2,4,32,Missed Shot,Driving Layup Shot,2PT Field Goal,In The Paint (Non-RA),Center(C),Less Than 8 ft.,4,7,46,1,0,20260107,NYK,LAC
Shot Chart Detail,0022500522,325,201935,James Harden,1610612746,LA Clippers,3,11,31,Missed Shot,Driving Layup Shot,2PT Field Goal,Restricted Area,Center(C),Less Than 8 ft.,2,-12,16,1,0,20260107,NYK,LAC
Shot Chart Detail,0022500522,353,201935,James Harden,1610612746,LA Clippers,3,9,31,Made Shot,Driving Finger Roll Layup Shot,2PT Field Goal,Restricted Area,Center(C),Less Than 8 ft.,2,0,27,1,1,20260107,NYK,LAC
Shot Chart Detail,0022500522,368,201935,James Harden,1610612746,LA Clippers,3,8,24,Missed Shot,Pullup Jump shot,3PT Field Goal,Above the Break 3,Center(C),24+ ft.,25,-72,242,1,0,20260107,NYK,LAC
Shot Chart Detail,0022500522,375,201935,James Harden,1610612746,LA Clippers,3,7,51,Missed Shot,Driving Floating Bank Jump Shot,2PT Field Goal,In The Paint (Non-RA),Center(C),8-16 ft.,11,53,103,1,0,20260107,NYK,LAC
Shot Chart Detail,0022500522,441,201935,James Harden,1610612746,LA Clippers,3,3,44,Made Shot,Pullup Jump shot,3PT Field Goal,Above the Break 3,Center(C),24+ ft.,25,9,255,1,1,20260107,NYK,LAC
Shot Chart Detail,0022500522,444,201935,James Harden,1610612746,LA Clippers,3,3,15,Missed Shot,Pullup Jump shot,2PT Field Goal,In The Paint (Non-RA),Center(C),8-16 ft.,14,49,135,1,0,20260107,NYK,LAC
Shot Chart Detail,0022500522,600,201935,James Harden,1610612746,LA Clippers,4,5,16,Made Shot,Driving Floating Bank Jump Shot,2PT Field Goal,Restricted Area,Center(C),Less Than 8 ft.,1,-9,16,1,1,20260107,NYK,LAC
Shot Chart Detail,0022500522,617,201935,James Harden,1610612746,LA Clippers,4,3,46,Missed Shot,Driving Layup Shot,2PT Field Goal,Restricted Area,Center(C),Less Than 8 ft.,3,-11,37,1,0,20260107,NYK,LAC
Shot Chart Detail,0022500522,628,201935,James Harden,1610612746,LA Clippers,4,2,48,Missed Shot,Jump Shot,3PT Field Goal,Left Corner 3,Left Side(L),24+ ft.,22,-229,10,1,0,20260107,NYK,LAC
Shot Chart Detail,0022500535,39,201935,James Harden,1610612746,LA Clippers,1,8,51,Made Shot,Turnaround Fadeaway shot,2PT Field Goal,In The Paint (Non-RA),Center(C),8-16 ft.,9,23,92,1,1,20260109,BKN,LAC
Shot Chart Detail,0022500535,42,201935,James Harden,1610612746,LA Clippers,1,8,24,Made Shot,Driving Reverse Layup Shot,2PT Field Goal,Restricted Area,Center(C),Less Than 8 ft.,2,-17,13,1,1,20260109,BKN,LAC
Shot Chart Detail,0022500535,60,201935,James Harden,1610612746,LA Clippers,1,6,46,Made Shot,Running Pull-Up Jump Shot,3PT Field Goal,Above the Break 3,Center(C),24+ ft.,27,-55,267,1,1,20260109,BKN,LAC
Shot Chart Detail,0022500535,64,201935,James Harden,1610612746,LA Clippers,1,6,11,Missed Shot,Jump Shot,3PT Field Goal,Above the Break 3,Right Side Center(RC),24+ ft.,25,148,207,1,0,20260109,BKN,LAC
Shot Chart Detail,0022500535,104,201935,James Harden,1610612746,LA Clippers,1,3,25,Missed Shot,Step Back Jump shot,2PT Field Goal,Mid-Range,Right Side Center(RC),16-24 ft.,20,105,178,1,0,20260109,BKN,LAC
Shot Chart Detail,0022500535,112,201935,James Harden,1610612746,LA Clippers,1,3,2,Made Shot,Driving Layup Shot,2PT Field Goal,Restricted Area,Center(C),Less Than 8 ft.,1,-11,7,1,1,20260109,BKN,LAC
Shot Chart Detail,0022500535,134,201935,James Harden,1610612746,LA Clippers,1,0,41,Made Shot,Driving Finger Roll Layup Shot,2PT Field Goal,Restricted Area,Center(C),Less Than 8 ft.,1,-1,12,1,1,20260109,BKN,LAC
Shot Chart Detail,0022500535,254,201935,James Harden,1610612746,LA Clippers,2,3,14,Made Shot,Pullup Jump shot,3PT Field Goal,Above the Break 3,Left Side Center(LC),24+ ft.,25,-114,233,1,1,20260109,BKN,LAC
Shot Chart Detail,0022500535,267,201935,James Harden,1610612746,LA Clippers,2,1,29,Missed Shot,Driving Floating Jump Shot,2PT Field Goal,In The Paint (Non-RA),Center(C),Less Than 8 ft.,5,4,52,1,0,20260109,BKN,LAC
Shot Chart Detail,0022500535,281,201935,James Harden,1610612746,LA Clippers,2,0,43,Made Shot,Driving Layup Shot,2PT Field Goal,Restricted Area,Center(C),Less Than 8 ft.,2,-1,21,1,1,20260109,BKN,LAC
Shot Chart Detail,0022500535,344,201935,James Harden,1610612746,LA Clippers,3,9,15,Made Shot,Driving Floating Jump Shot,2PT Field Goal,Restricted Area,Center(C),Less Than 8 ft.,0,4,6,1,1,20260109,BKN,LAC
Shot Chart Detail,0022500535,384,201935,James Harden,1610612746,LA Clippers,3,6,44,Made Shot,Pullup Jump shot,3PT Field Goal,Above the Break 3,Left Side Center(LC),24+ ft.,25,-97,241,1,1,20260109,BKN,LAC
Shot Chart Detail,0022500535,444,201935,James Harden,1610612746,LA Clippers,3,2,52,Made Shot,Driving Reverse Layup Shot,2PT Field Goal,Restricted Area,Center(C),Less Than 8 ft.,1,16,8,1,1,20260109,BKN,LAC
Shot Chart Detail,0022500544,22,201935,James Harden,1610612746,LA Clippers,1,10,33,Missed Shot,Pullup Jump shot,3PT Field Goal,Right Corner 3,Right Side(R),24+ ft.,22,223,2,1,0,20260110,DET,LAC
Shot Chart Detail,0022500544,35,201935,James Harden,1610612746,LA Clippers,1,9,23,Missed Shot,Jump Shot,3PT Field Goal,Above the Break 3,Right Side Center(RC),24+ ft.,25,228,122,1,0,20260110,DET,LAC
Shot Chart Detail,0022500544,56,201935,James Harden,1610612746,LA Clippers,1,7,45,Missed Shot,Driving Layup Shot,2PT Field Goal,In The Paint (Non-RA),Center(C),Less Than 8 ft.,7,-27,71,1,0,20260110,DET,LAC
Shot Chart Detail,0022500544,84,201935,James Harden,1610612746,LA Clippers,1,5,29,Missed Shot,Driving Layup Shot,2PT Field Goal,In The Paint (Non-RA),Center(C),Less Than 8 ft.,6,-23,57,1,0,20260110,DET,LAC
Shot Chart Detail,0022500544,145,201935,James Harden,1610612746,LA Clippers,1,1,48,Missed Shot,Driving Floating Jump Shot,2PT Field Goal,In The Paint (Non-RA),Right Side(R),8-16 ft.,12,66,104,1,0,20260110,DET,LAC
Shot Chart Detail,0022500544,148,201935,James Harden,1610612746,LA Clippers,1,1,11,Made Shot,Driving Layup Shot,2PT Field Goal,In The Paint (Non-RA),Left Side(L),8-16 ft.,9,-50,76,1,1,20260110,DET,LAC
Shot Chart Detail,0022500544,155,201935,James Harden,1610612746,LA Clippers,1,0,31,Missed Shot,Pullup Jump shot,3PT Field Goal,Above the Break 3,Left Side Center(LC),24+ ft.,25,-179,185,1,0,20260110,DET,LAC
Shot Chart Detail,0022500544,283,201935,James Harden,1610612746,LA Clippers,2,4,31,Missed Shot,Pullup Jump shot,2PT Field Goal,Mid-Range,Center(C),16-24 ft.,17,7,173,1,0,20260110,DET,LAC
Shot Chart Detail,0022500544,312,201935,James Harden,1610612746,LA Clippers,2,2,59,Missed Shot,Jump Shot,3PT Field Goal,Above the Break 3,Center(C),24+ ft.,26,28,263,1,0,20260110,DET,LAC
Shot Chart Detail,0022500544,321,201935,James Harden,1610612746,LA Clippers,2,1,36,Missed Shot,Driving Layup Shot,2PT Field Goal,In The Paint (Non-RA),Center(C),Less Than 8 ft.,6,-13,59,1,0,20260110,DET,LAC
Shot Chart Detail,0022500544,375,201935,James Harden,1610612746,LA Clippers,3,10,59,Made Shot,Running Jump Shot,3PT Field Goal,Above the Break 3,Right Side Center(RC),24+ ft.,24,184,166,1,1,20260110,DET,LAC
Shot Chart Detail,0022500544,389,201935,James Harden,1610612746,LA Clippers,3,9,27,Missed Shot,Driving Floating Jump Shot,2PT Field Goal,Mid-Range,Right Side(R),8-16 ft.,9,81,57,1,0,20260110,DET,LAC
Shot Chart Detail,0022500544,408,201935,James Harden,1610612746,LA Clippers,3,8,2,Missed Shot,Driving Layup Shot,2PT Field Goal,Restricted Area,Center(C),Less Than 8 ft.,1,-17,4,1,0,20260110,DET,LAC
Shot Chart Detail,0022500544,429,201935,James Harden,1610612746,LA Clippers,3,6,42,Missed Shot,Step Back Jump shot,3PT Field Goal,Above the Break 3,Left Side Center(LC),24+ ft.,25,-89,243,1,0,20260110,DET,LAC
Shot Chart Detail,0022500544,433,201935,James Harden,1610612746,LA Clippers,3,6,6,Missed Shot,Driving Layup Shot,2PT Field Goal,In The Paint (Non-RA),Center(C),Less Than 8 ft.,7,36,67,1,0,20260110,DET,LAC
Shot Chart Detail,0022500544,511,201935,James Harden,1610612746,LA Clippers,3,0,55,Made Shot,Driving Layup Shot,2PT Field Goal,In The Paint (Non-RA),Center(C),Less Than 8 ft.,5,-42,32,1,1,20260110,DET,LAC
Shot Chart Detail,0022500544,524,201935,James Harden,1610612746,LA Clippers,3,0,0,Missed Shot,Pullup Jump shot,3PT Field Goal,Above the Break 3,Left Side Center(LC),24+ ft.,29,-97,282,1,0,20260110,DET,LAC
Shot Chart Detail,0022500544,623,201935,James Harden,1610612746,LA Clippers,4,5,47,Missed Shot,Driving Layup Shot,2PT Field Goal,Restricted Area,Center(C),Less Than 8 ft.,3,-23,30,1,0,20260110,DET,LAC
Shot Chart Detail,0022500544,681,201935,James Harden,1610612746,LA Clippers,4,2,59,Made Shot,Driving Floating Jump Shot,2PT Field Goal,In The Paint (Non-RA),Center(C),8-16 ft.,13,-12,136,1,1,20260110,DET,LAC
Shot Chart Detail,0022500544,714,201935,James Harden,1610612746,LA Clippers,4,0,40,Missed Shot,Driving Layup Shot,2PT Field Goal,In The Paint (Non-RA),Right Side(R),8-16 ft.,9,62,66,1,0,20260110,DET,LAC
Shot Chart Detail,0022500563,23,201935,James Harden,1610612746,LA Clippers,1,9,48,Missed Shot,Step Back Jump shot,3PT Field Goal,Above the Break 3,Left Side Center(LC),24+ ft.,24,-81,232,1,0,20260112,LAC,CHA
Shot Chart Detail,0022500563,33,201935,James Harden,1610612746,LA Clippers,1,8,55,Missed Shot,Driving Floating Jump Shot,2PT Field Goal,In The Paint (Non-RA),Center(C),Less Than 8 ft.,7,0,71,1,0,20260112,LAC,CHA
Shot Chart Detail,0022500563,43,201935,James Harden,1610612746,LA Clippers,1,8,18,Made Shot,Driving Layup Shot,2PT Field Goal,Restricted Area,Center(C),Less Than 8 ft.,3,-34,14,1,1,20260112,LAC,CHA
Shot Chart Detail,0022500563,131,201935,James Harden,1610612746,LA Clippers,1,2,25,Missed Shot,Step Back Jump shot,3PT Field Goal,Above the Break 3,Left Side Center(LC),24+ ft.,24,-83,231,1,0,20260112,LAC,CHA
Shot Chart Detail,0022500563,147,201935,James Harden,1610612746,LA Clippers,1,1,16,Made Shot,Running Layup Shot,2PT Field Goal,Restricted Area,Center(C),Less Than 8 ft.,3,-31,8,1,1,20260112,LAC,CHA
Shot Chart Detail,0022500563,152,201935,James Harden,1610612746,LA Clippers,1,0,37,Missed Shot,Pullup Jump shot,3PT Field Goal,Above the Break 3,Center(C),24+ ft.,32,76,321,1,0,20260112,LAC,CHA
Shot Chart Detail,0022500563,160,201935,James Harden,1610612746,LA Clippers,1,0,0,Made Shot,Driving Layup Shot,2PT Field Goal,Restricted Area,Center(C),Less Than 8 ft.,3,-36,11,1,1,20260112,LAC,CHA
Shot Chart Detail,0022500563,254,201935,James Harden,1610612746,LA Clippers,2,4,57,Missed Shot,Pullup Jump shot,2PT Field Goal,Mid-Range,Right Side(R),8-16 ft.,15,103,120,1,0,20260112,LAC,CHA
Shot Chart Detail,0022500563,266,201935,James Harden,1610612746,LA Clippers,2,4,28,Missed Shot,Driving Floating Jump Shot,2PT Field Goal,In The Paint (Non-RA),Center(C),Less Than 8 ft.,6,-2,63,1,0,20260112,LAC,CHA
Shot Chart Detail,0022500563,274,201935,James Harden,1610612746,LA Clippers,2,3,47,Missed Shot,Step Back Jump shot,3PT Field Goal,Above the Break 3,Right Side Center(RC),24+ ft.,24,206,136,1,0,20260112,LAC,CHA
Shot Chart Detail,0022500563,281,201935,James Harden,1610612746,LA Clippers,2,3,6,Missed Shot,Step Back Jump shot,2PT Field Goal,Mid-Range,Right Side Center(RC),16-24 ft.,19,86,173,1,0,20260112,LAC,CHA
Shot Chart Detail,0022500563,283,201935,James Harden,1610612746,LA Clippers,2,2,54,Made Shot,Pullup Jump shot,2PT Field Goal,Mid-Range,Center(C),8-16 ft.,15,-5,157,1,1,20260112,LAC,CHA
Shot Chart Detail,0022500563,286,201935,James Harden,1610612746,LA Clippers,2,2,13,Missed Shot,Pullup Jump shot,3PT Field Goal,Above the Break 3,Left Side Center(LC),24+ ft.,25,-140,208,1,0,20260112,LAC,CHA
Shot Chart Detail,0022500563,313,201935,James Harden,1610612746,LA Clippers,2,0,8,Missed Shot,Driving Floating Bank Jump Shot,2PT Field Goal,Mid-Range,Right Side(R),8-16 ft.,14,112,85,1,0,20260112,LAC,CHA
Shot Chart Detail,0022500563,354,201935,James Harden,1610612746,LA Clippers,3,9,12,Made Shot,Pullup Jump shot,3PT Field Goal,Above the Break 3,Center(C),24+ ft.,25,-40,256,1,1,20260112,LAC,CHA
Shot Chart Detail,0022500563,383,201935,James Harden,1610612746,LA Clippers,3,6,43,Missed Shot,Step Back Jump shot,3PT Field Goal,Above the Break 3,Right Side Center(RC),24+ ft.,26,110,241,1,0,20260112,LAC,CHA
Shot Chart Detail,0022500563,401,201935,James Harden,1610612746,LA Clippers,3,5,29,Made Shot,Running Finger Roll Layup Shot,2PT Field Goal,Restricted Area,Center(C),Less Than 8 ft.,1,-1,18,1,1,20260112,LAC,CHA
Shot Chart Detail,0022500563,408,201935,James Harden,1610612746,LA Clippers,3,4,35,Missed Shot,Running Layup Shot,2PT Field Goal,Restricted Area,Center(C),Less Than 8 ft.,2,-5,21,1,0,20260112,LAC,CHA
Shot Chart Detail,0022500563,410,201935,James Harden,1610612746,LA Clippers,3,4,33,Made Shot,Tip Layup Shot,2PT Field Goal,Restricted Area,Center(C),Less Than 8 ft.,0,0,0,1,1,20260112,LAC,CHA
Shot Chart Detail,0022500563,417,201935,James Harden,1610612746,LA Clippers,3,3,45,Missed Shot,Driving Floating Jump Shot,2PT Field Goal,In The Paint (Non-RA),Center(C),Less Than 8 ft.,4,-39,23,1,0,20260112,LAC,CHA
Shot Chart Detail,0022500563,440,201935,James Harden,1610612746,LA Clippers,3,2,30,Missed Shot,Step Back Jump shot,2PT Field Goal,Mid-Range,Center(C),16-24 ft.,16,-43,164,1,0,20260112,LAC,CHA
Shot Chart Detail,0022500563,452,201935,James Harden,1610612746,LA Clippers,3,1,7,Made Shot,Driving Layup Shot,2PT Field Goal,Restricted Area,Center(C),Less Than 8 ft.,3,-28,16,1,1,20260112,LAC,CHA
Shot Chart Detail,0022500563,474,201935,James Harden,1610612746,LA Clippers,4,11,41,Missed Shot,Step Back Jump shot,3PT Field Goal,Above the Break 3,Right Side Center(RC),24+ ft.,26,207,172,1,0,20260112,LAC,CHA
Shot Chart Detail,0022500563,531,201935,James Harden,1610612746,LA Clippers,4,6,19,Made Shot,Step Back Jump shot,3PT Field Goal,Above the Break 3,Left Side Center(LC),24+ ft.,31,-168,265,1,1,20260112,LAC,CHA
Shot Chart Detail,0022500563,534,201935,James Harden,1610612746,LA Clippers,4,5,58,Made Shot,Step Back Jump shot,3PT Field Goal,Above the Break 3,Center(C),24+ ft.,26,-29,263,1,1,20260112,LAC,CHA
Shot Chart Detail,0022500563,551,201935,James Harden,1610612746,LA Clippers,4,4,53,Made Shot,Running Layup Shot,2PT Field Goal,Restricted Area,Center(C),Less Than 8 ft.,3,-31,20,1,1,20260112,LAC,CHA
Shot Chart Detail,0022500563,563,201935,James Harden,1610612746,LA Clippers,4,3,55,Missed Shot,Jump Shot,3PT Field Goal,Above the Break 3,Center(C),24+ ft.,28,50,278,1,0,20260112,LAC,CHA
Shot Chart Detail,0022500563,588,201935,James Harden,1610612746,LA Clippers,4,0,44,Missed Shot,Driving Layup Shot,2PT Field Goal,In The Paint (Non-RA),Center(C),Less Than 8 ft.,4,-36,20,1,0,20260112,LAC,CHA
Shot Chart Detail,0022500577,26,201935,James Harden,1610612746,LA Clippers,1,9,18,Missed Shot,Driving Layup Shot,2PT Field Goal,Restricted Area,Center(C),Less Than 8 ft.,3,-2,36,1,0,20260114,LAC,WAS
Shot Chart Detail,0022500577,41,201935,James Harden,1610612746,LA Clippers,1,8,16,Made Shot,Running Layup Shot,2PT Field Goal,In The Paint (Non-RA),Center(C),Less Than 8 ft.,4,-10,44,1,1,20260114,LAC,WAS
Shot Chart Detail,0022500577,45,201935,James Harden,1610612746,LA Clippers,1,7,41,Made Shot,Pullup Jump shot,2PT Field Goal,Mid-Range,Left Side Center(LC),16-24 ft.,16,-86,142,1,1,20260114,LAC,WAS
Shot Chart Detail,0022500577,58,201935,James Harden,1610612746,LA Clippers,1,6,29,Made Shot,Jump Shot,3PT Field Goal,Above the Break 3,Right Side Center(RC),24+ ft.,26,180,199,1,1,20260114,LAC,WAS
Shot Chart Detail,0022500577,82,201935,James Harden,1610612746,LA Clippers,1,4,48,Missed Shot,Pullup Jump shot,3PT Field Goal,Above the Break 3,Center(C),24+ ft.,26,66,256,1,0,20260114,LAC,WAS
Shot Chart Detail,0022500577,104,201935,James Harden,1610612746,LA Clippers,1,4,0,Missed Shot,Running Pull-Up Jump Shot,3PT Field Goal,Above the Break 3,Center(C),24+ ft.,30,-59,298,1,0,20260114,LAC,WAS
Shot Chart Detail,0022500577,124,201935,James Harden,1610612746,LA Clippers,1,2,49,Made Shot,Step Back Jump shot,3PT Field Goal,Above the Break 3,Right Side Center(RC),24+ ft.,25,129,222,1,1,20260114,LAC,WAS
Shot Chart Detail,0022500577,154,201935,James Harden,1610612746,LA Clippers,1,0,37,Missed Shot,Step Back Jump shot,3PT Field Goal,Above the Break 3,Left Side Center(LC),24+ ft.,26,-230,122,1,0,20260114,LAC,WAS
Shot Chart Detail,0022500577,278,201935,James Harden,1610612746,LA Clippers,2,3,10,Missed Shot,Step Back Jump shot,3PT Field Goal,Above the Break 3,Left Side Center(LC),24+ ft.,25,-140,214,1,0,20260114,LAC,WAS
Shot Chart Detail,0022500577,280,201935,James Harden,1610612746,LA Clippers,2,3,7,Missed Shot,Floating Jump shot,2PT Field Goal,In The Paint (Non-RA),Center(C),Less Than 8 ft.,6,-15,68,1,0,20260114,LAC,WAS
Shot Chart Detail,0022500577,310,201935,James Harden,1610612746,LA Clippers,2,1,33,Missed Shot,Step Back Jump shot,2PT Field Goal,Mid-Range,Right Side Center(RC),16-24 ft.,19,112,160,1,0,20260114,LAC,WAS
Shot Chart Detail,0022500577,319,201935,James Harden,1610612746,LA Clippers,2,0,35,Missed Shot,Driving Reverse Layup Shot,2PT Field Goal,In The Paint (Non-RA),Center(C),Less Than 8 ft.,6,10,63,1,0,20260114,LAC,WAS
Shot Chart Detail,0022500577,340,201935,James Harden,1610612746,LA Clippers,3,11,21,Missed Shot,Pullup Jump shot,3PT Field Goal,Above the Break 3,Right Side Center(RC),24+ ft.,25,203,161,1,0,20260114,LAC,WAS
Shot Chart Detail,0022500577,379,201935,James Harden,1610612746,LA Clippers,3,7,44,Missed Shot,Jump Shot,3PT Field Goal,Above the Break 3,Center(C),24+ ft.,27,37,274,1,0,20260114,LAC,WAS
Shot Chart Detail,0022500577,393,201935,James Harden,1610612746,LA Clippers,3,6,16,Missed Shot,Step Back Jump shot,3PT Field Goal,Above the Break 3,Right Side Center(RC),24+ ft.,25,184,178,1,0,20260114,LAC,WAS
Shot Chart Detail,0022500577,423,201935,James Harden,1610612746,LA Clippers,3,4,14,Missed Shot,Driving Floating Jump Shot,2PT Field Goal,In The Paint (Non-RA),Center(C),Less Than 8 ft.,5,-20,52,1,0,20260114,LAC,WAS
Shot Chart Detail,0022500577,460,201935,James Harden,1610612746,LA Clippers,3,1,34,Made Shot,Driving Floating Jump Shot,2PT Field Goal,In The Paint (Non-RA),Center(C),Less Than 8 ft.,6,32,55,1,1,20260114,LAC,WAS
Shot Chart Detail,0022500590,29,201935,James Harden,1610612746,LA Clippers,1,9,24,Missed Shot,Jump Shot,3PT Field Goal,Above the Break 3,Right Side Center(RC),24+ ft.,26,168,200,1,0,20260116,TOR,LAC
Shot Chart Detail,0022500590,36,201935,James Harden,1610612746,LA Clippers,1,8,28,Missed Shot,Step Back Jump shot,3PT Field Goal,Above the Break 3,Right Side Center(RC),24+ ft.,26,141,227,1,0,20260116,TOR,LAC
Shot Chart Detail,0022500590,43,201935,James Harden,1610612746,LA Clippers,1,8,6,Missed Shot,Step Back Jump shot,3PT Field Goal,Above the Break 3,Left Side Center(LC),24+ ft.,25,-104,230,1,0,20260116,TOR,LAC
Shot Chart Detail,0022500590,54,201935,James Harden,1610612746,LA Clippers,1,6,38,Missed Shot,Turnaround Jump Shot,2PT Field Goal,In The Paint (Non-RA),Center(C),Less Than 8 ft.,6,0,64,1,0,20260116,TOR,LAC
Shot Chart Detail,0022500590,83,201935,James Harden,1610612746,LA Clippers,1,4,32,Made Shot,Driving Layup Shot,2PT Field Goal,Restricted Area,Center(C),Less Than 8 ft.,3,-36,15,1,1,20260116,TOR,LAC
Shot Chart Detail,0022500590,127,201935,James Harden,1610612746,LA Clippers,1,1,21,Missed Shot,Step Back Jump shot,3PT Field Goal,Above the Break 3,Center(C),24+ ft.,25,13,254,1,0,20260116,TOR,LAC
Shot Chart Detail,0022500590,129,201935,James Harden,1610612746,LA Clippers,1,1,17,Missed Shot,Jump Shot,3PT Field Goal,Above the Break 3,Center(C),24+ ft.,26,-15,269,1,0,20260116,TOR,LAC
Shot Chart Detail,0022500590,147,201935,James Harden,1610612746,LA Clippers,1,0,9,Made Shot,Driving Layup Shot,2PT Field Goal,Restricted Area,Center(C),Less Than 8 ft.,0,4,4,1,1,20260116,TOR,LAC
Shot Chart Detail,0022500590,229,201935,James Harden,1610612746,LA Clippers,2,5,33,Missed Shot,Jump Shot,2PT Field Goal,Mid-Range,Right Side(R),8-16 ft.,15,125,94,1,0,20260116,TOR,LAC
Shot Chart Detail,0022500590,246,201935,James Harden,1610612746,LA Clippers,2,3,53,Missed Shot,Driving Floating Jump Shot,2PT Field Goal,In The Paint (Non-RA),Center(C),8-16 ft.,8,-13,83,1,0,20260116,TOR,LAC
Shot Chart Detail,0022500590,257,201935,James Harden,1610612746,LA Clippers,2,2,57,Missed Shot,Running Pull-Up Jump Shot,3PT Field Goal,Above the Break 3,Left Side Center(LC),24+ ft.,28,-96,270,1,0,20260116,TOR,LAC
Shot Chart Detail,0022500590,282,201935,James Harden,1610612746,LA Clippers,2,0,52,Made Shot,Step Back Jump shot,3PT Field Goal,Above the Break 3,Center(C),24+ ft.,25,16,257,1,1,20260116,TOR,LAC
Shot Chart Detail,0022500590,285,201935,James Harden,1610612746,LA Clippers,2,0,28,Missed Shot,Pullup Jump shot,3PT Field Goal,Above the Break 3,Center(C),24+ ft.,27,-81,268,1,0,20260116,TOR,LAC
Shot Chart Detail,0022500590,312,201935,James Harden,1610612746,LA Clippers,3,10,48,Made Shot,Running Jump Shot,3PT Field Goal,Above the Break 3,Left Side Center(LC),24+ ft.,26,-129,231,1,1,20260116,TOR,LAC
Shot Chart Detail,0022500590,330,201935,James Harden,1610612746,LA Clippers,3,9,21,Missed Shot,Step Back Jump shot,3PT Field Goal,Above the Break 3,Right Side Center(RC),24+ ft.,27,110,257,1,0,20260116,TOR,LAC
Shot Chart Detail,0022500590,348,201935,James Harden,1610612746,LA Clippers,3,8,4,Made Shot,Driving Finger Roll Layup Shot,2PT Field Goal,Restricted Area,Center(C),Less Than 8 ft.,0,-1,-2,1,1,20260116,TOR,LAC
Shot Chart Detail,0022500590,444,201935,James Harden,1610612746,LA Clippers,3,0,38,Missed Shot,Step Back Jump shot,3PT Field Goal,Above the Break 3,Center(C),24+ ft.,25,64,248,1,0,20260116,TOR,LAC
Shot Chart Detail,0022500590,582,201935,James Harden,1610612746,LA Clippers,4,3,24,Made Shot,Driving Layup Shot,2PT Field Goal,Restricted Area,Center(C),Less Than 8 ft.,1,-10,9,1,1,20260116,TOR,LAC
Shot Chart Detail,0022500590,586,201935,James Harden,1610612746,LA Clippers,4,2,53,Made Shot,Driving Layup Shot,2PT Field Goal,Restricted Area,Center(C),Less Than 8 ft.,1,-10,5,1,1,20260116,TOR,LAC
Shot Chart Detail,0022500590,593,201935,James Harden,1610612746,LA Clippers,4,1,53,Made Shot,Driving Floating Jump Shot,2PT Field Goal,In The Paint (Non-RA),Center(C),Less Than 8 ft.,4,47,14,1,1,20260116,TOR,LAC
Shot Chart Detail,0022500590,613,201935,James Harden,1610612746,LA Clippers,4,0,24,Missed Shot,Jump Shot,3PT Field Goal,Left Corner 3,Left Side(L),24+ ft.,23,-232,-10,1,0,20260116,TOR,LAC
Shot Chart Detail,0022500590,620,201935,James Harden,1610612746,LA Clippers,4,0,0,Missed Shot,Turnaround Fadeaway shot,2PT Field Goal,In The Paint (Non-RA),Center(C),8-16 ft.,12,12,124,1,0,20260116,TOR,LAC
Shot Chart Detail,0022500590,647,201935,James Harden,1610612746,LA Clippers,5,3,30,Missed Shot,Pullup Jump shot,3PT Field Goal,Above the Break 3,Right Side Center(RC),24+ ft.,28,97,271,1,0,20260116,TOR,LAC
Shot Chart Detail,0022500590,657,201935,James Harden,1610612746,LA Clippers,5,2,19,Made Shot,Step Back Jump shot,2PT Field Goal,Mid-Range,Left Side Center(LC),16-24 ft.,18,-65,174,1,1,20260116,TOR,LAC
Shot Chart Detail,0022500590,665,201935,James Harden,1610612746,LA Clippers,5,1,37,Missed Shot,Step Back Jump shot,3PT Field Goal,Above the Break 3,Right Side Center(RC),24+ ft.,27,89,264,1,0,20260116,TOR,LAC
Shot Chart Detail,0022500590,670,201935,James Harden,1610612746,LA Clippers,5,1,3,Missed Shot,Step Back Jump shot,3PT Field Goal,Above the Break 3,Right Side Center(RC),24+ ft.,26,103,246,1,0,20260116,TOR,LAC
Shot Chart Detail,0022500590,674,201935,James Harden,1610612746,LA Clippers,5,0,38,Made Shot,Pullup Jump shot,2PT Field Goal,In The Paint (Non-RA),Center(C),8-16 ft.,11,31,113,1,1,20260116,TOR,LAC
Shot Chart Detail,0022500608,48,201935,James Harden,1610612746,LA Clippers,1,7,39,Missed Shot,Pullup Jump shot,3PT Field Goal,Above the Break 3,Right Side Center(RC),24+ ft.,26,174,199,1,0,20260119,WAS,LAC
Shot Chart Detail,0022500608,77,201935,James Harden,1610612746,LA Clippers,1,5,5,Made Shot,Driving Layup Shot,2PT Field Goal,Restricted Area,Center(C),Less Than 8 ft.,1,-17,2,1,1,20260119,WAS,LAC
Shot Chart Detail,0022500608,272,201935,James Harden,1610612746,LA Clippers,2,4,58,Missed Shot,Step Back Jump shot,3PT Field Goal,Above the Break 3,Center(C),24+ ft.,25,-6,257,1,0,20260119,WAS,LAC
Shot Chart Detail,0022500608,293,201935,James Harden,1610612746,LA Clippers,2,3,48,Made Shot,Driving Layup Shot,2PT Field Goal,Restricted Area,Center(C),Less Than 8 ft.,1,-9,11,1,1,20260119,WAS,LAC
Shot Chart Detail,0022500608,313,201935,James Harden,1610612746,LA Clippers,2,1,52,Made Shot,Driving Layup Shot,2PT Field Goal,Restricted Area,Center(C),Less Than 8 ft.,2,-18,-10,1,1,20260119,WAS,LAC
Shot Chart Detail,0022500608,316,201935,James Harden,1610612746,LA Clippers,2,1,16,Missed Shot,Driving Floating Jump Shot,2PT Field Goal,In The Paint (Non-RA),Center(C),8-16 ft.,13,-4,133,1,0,20260119,WAS,LAC
Shot Chart Detail,0022500608,329,201935,James Harden,1610612746,LA Clippers,2,0,35,Missed Shot,Driving Layup Shot,2PT Field Goal,Restricted Area,Center(C),Less Than 8 ft.,0,-5,1,1,0,20260119,WAS,LAC
Shot Chart Detail,0022500608,371,201935,James Harden,1610612746,LA Clippers,3,9,38,Made Shot,Turnaround Jump Shot,2PT Field Goal,In The Paint (Non-RA),Center(C),8-16 ft.,12,-4,124,1,1,20260119,WAS,LAC
Shot Chart Detail,0022500608,374,201935,James Harden,1610612746,LA Clippers,3,9,12,Missed Shot,Pullup Jump shot,3PT Field Goal,Above the Break 3,Left Side Center(LC),24+ ft.,25,-87,245,1,0,20260119,WAS,LAC
Shot Chart Detail,0022500608,447,201935,James Harden,1610612746,LA Clippers,3,4,0,Missed Shot,Driving Floating Bank Jump Shot,2PT Field Goal,In The Paint (Non-RA),Center(C),Less Than 8 ft.,4,-29,35,1,0,20260119,WAS,LAC
Shot Chart Detail,0022500608,468,201935,James Harden,1610612746,LA Clippers,3,3,41,Missed Shot,Jump Shot,3PT Field Goal,Right Corner 3,Right Side(R),24+ ft.,23,238,30,1,0,20260119,WAS,LAC
Shot Chart Detail,0022500608,471,201935,James Harden,1610612746,LA Clippers,3,3,14,Made Shot,Turnaround Hook Shot,2PT Field Goal,In The Paint (Non-RA),Center(C),Less Than 8 ft.,6,7,64,1,1,20260119,WAS,LAC
Shot Chart Detail,0022500608,474,201935,James Harden,1610612746,LA Clippers,3,2,50,Made Shot,Running Layup Shot,2PT Field Goal,Restricted Area,Center(C),Less Than 8 ft.,2,-21,6,1,1,20260119,WAS,LAC
Shot Chart Detail,0022500608,478,201935,James Harden,1610612746,LA Clippers,3,2,17,Made Shot,Driving Layup Shot,2PT Field Goal,Restricted Area,Center(C),Less Than 8 ft.,2,-17,20,1,1,20260119,WAS,LAC
Shot Chart Detail,0022500608,634,201935,James Harden,1610612746,LA Clippers,4,3,38,Made Shot,Driving Floating Jump Shot,2PT Field Goal,In The Paint (Non-RA),Center(C),Less Than 8 ft.,7,-29,67,1,1,20260119,WAS,LAC
Shot Chart Detail,0022500608,647,201935,James Harden,1610612746,LA Clippers,4,2,23,Missed Shot,Jump Shot,3PT Field Goal,Above the Break 3,Left Side Center(LC),24+ ft.,30,-96,294,1,0,20260119,WAS,LAC
Shot Chart Detail,0022500608,669,201935,James Harden,1610612746,LA Clippers,4,1,6,Made Shot,Driving Layup Shot,2PT Field Goal,In The Paint (Non-RA),Center(C),Less Than 8 ft.,4,-42,25,1,1,20260119,WAS,LAC
Shot Chart Detail,0022500614,10,201935,James Harden,1610612746,LA Clippers,1,11,32,Made Shot,Driving Finger Roll Layup Shot,2PT Field Goal,Restricted Area,Center(C),Less Than 8 ft.,1,6,10,1,1,20260120,CHI,LAC
Shot Chart Detail,0022500614,30,201935,James Harden,1610612746,LA Clippers,1,9,27,Made Shot,Driving Layup Shot,2PT Field Goal,In The Paint (Non-RA),Center(C),Less Than 8 ft.,5,-47,26,1,1,20260120,CHI,LAC
Shot Chart Detail,0022500614,36,201935,James Harden,1610612746,LA Clippers,1,8,20,Missed Shot,Step Back Jump shot,3PT Field Goal,Above the Break 3,Left Side Center(LC),24+ ft.,24,-178,174,1,0,20260120,CHI,LAC
Shot Chart Detail,0022500614,43,201935,James Harden,1610612746,LA Clippers,1,7,37,Missed Shot,Step Back Jump shot,3PT Field Goal,Above the Break 3,Center(C),24+ ft.,26,29,260,1,0,20260120,CHI,LAC
Shot Chart Detail,0022500614,102,201935,James Harden,1610612746,LA Clippers,1,3,19,Made Shot,Driving Floating Jump Shot,2PT Field Goal,In The Paint (Non-RA),Center(C),Less Than 8 ft.,4,-5,40,1,1,20260120,CHI,LAC
Shot Chart Detail,0022500614,110,201935,James Harden,1610612746,LA Clippers,1,2,42,Missed Shot,Pullup Jump shot,2PT Field Goal,Mid-Range,Right Side Center(RC),16-24 ft.,21,100,195,1,0,20260120,CHI,LAC
Shot Chart Detail,0022500614,118,201935,James Harden,1610612746,LA Clippers,1,2,38,Made Shot,Jump Shot,3PT Field Goal,Left Corner 3,Left Side(L),24+ ft.,23,-230,3,1,1,20260120,CHI,LAC
Shot Chart Detail,0022500614,140,201935,James Harden,1610612746,LA Clippers,1,1,15,Missed Shot,Driving Layup Shot,2PT Field Goal,In The Paint (Non-RA),Center(C),Less Than 8 ft.,4,-42,13,1,0,20260120,CHI,LAC
Shot Chart Detail,0022500614,149,201935,James Harden,1610612746,LA Clippers,1,0,55,Missed Shot,Running Layup Shot,2PT Field Goal,Restricted Area,Center(C),Less Than 8 ft.,1,-17,4,1,0,20260120,CHI,LAC
Shot Chart Detail,0022500614,241,201935,James Harden,1610612746,LA Clippers,2,6,13,Missed Shot,Step Back Jump shot,3PT Field Goal,Above the Break 3,Center(C),24+ ft.,24,-51,242,1,0,20260120,CHI,LAC
Shot Chart Detail,0022500614,246,201935,James Harden,1610612746,LA Clippers,2,5,47,Made Shot,Driving Finger Roll Layup Shot,2PT Field Goal,Restricted Area,Center(C),Less Than 8 ft.,3,-25,22,1,1,20260120,CHI,LAC
Shot Chart Detail,0022500614,259,201935,James Harden,1610612746,LA Clippers,2,4,47,Missed Shot,Driving Floating Jump Shot,2PT Field Goal,In The Paint (Non-RA),Center(C),Less Than 8 ft.,4,7,46,1,0,20260120,CHI,LAC
Shot Chart Detail,0022500614,284,201935,James Harden,1610612746,LA Clippers,2,3,7,Missed Shot,Pullup Jump shot,3PT Field Goal,Above the Break 3,Right Side Center(RC),24+ ft.,25,178,183,1,0,20260120,CHI,LAC
Shot Chart Detail,0022500614,297,201935,James Harden,1610612746,LA Clippers,2,1,45,Missed Shot,Driving Finger Roll Layup Shot,2PT Field Goal,Restricted Area,Center(C),Less Than 8 ft.,2,-10,27,1,0,20260120,CHI,LAC
Shot Chart Detail,0022500614,314,201935,James Harden,1610612746,LA Clippers,2,0,47,Missed Shot,Step Back Jump shot,3PT Field Goal,Above the Break 3,Right Side Center(RC),24+ ft.,26,154,216,1,0,20260120,CHI,LAC
Shot Chart Detail,0022500614,368,201935,James Harden,1610612746,LA Clippers,3,9,9,Made Shot,Step Back Jump shot,3PT Field Goal,Above the Break 3,Right Side Center(RC),24+ ft.,26,97,247,1,1,20260120,CHI,LAC
Shot Chart Detail,0022500614,383,201935,James Harden,1610612746,LA Clippers,3,8,4,Missed Shot,Driving Floating Jump Shot,2PT Field Goal,In The Paint (Non-RA),Center(C),Less Than 8 ft.,5,43,38,1,0,20260120,CHI,LAC
Shot Chart Detail,0022500614,398,201935,James Harden,1610612746,LA Clippers,3,6,51,Missed Shot,Driving Layup Shot,2PT Field Goal,Restricted Area,Center(C),Less Than 8 ft.,0,2,8,1,0,20260120,CHI,LAC
Shot Chart Detail,0022500614,403,201935,James Harden,1610612746,LA Clippers,3,6,38,Missed Shot,Step Back Jump shot,2PT Field Goal,Mid-Range,Left Side Center(LC),16-24 ft.,19,-93,174,1,0,20260120,CHI,LAC
Shot Chart Detail,0022500614,427,201935,James Harden,1610612746,LA Clippers,3,4,38,Made Shot,Pullup Jump shot,3PT Field Goal,Above the Break 3,Center(C),24+ ft.,26,-1,264,1,1,20260120,CHI,LAC
Shot Chart Detail,0022500614,434,201935,James Harden,1610612746,LA Clippers,3,4,7,Missed Shot,Driving Layup Shot,2PT Field Goal,Restricted Area,Center(C),Less Than 8 ft.,0,-5,6,1,0,20260120,CHI,LAC
Shot Chart Detail,0022500614,451,201935,James Harden,1610612746,LA Clippers,3,2,31,Missed Shot,Jump Shot,3PT Field Goal,Above the Break 3,Right Side Center(RC),24+ ft.,24,192,153,1,0,20260120,CHI,LAC
Shot Chart Detail,0022500614,466,201935,James Harden,1610612746,LA Clippers,3,1,24,Missed Shot,Driving Floating Jump Shot,2PT Field Goal,In The Paint (Non-RA),Center(C),Less Than 8 ft.,6,-33,54,1,0,20260120,CHI,LAC
Shot Chart Detail,0022500614,474,201935,James Harden,1610612746,LA Clippers,3,0,28,Made Shot,Step Back Jump shot,2PT Field Goal,Mid-Range,Right Side(R),8-16 ft.,12,125,-1,1,1,20260120,CHI,LAC
Shot Chart Detail,0022500614,478,201935,James Harden,1610612746,LA Clippers,3,0,2,Made Shot,Step Back Jump shot,2PT Field Goal,Mid-Range,Left Side Center(LC),16-24 ft.,17,-110,137,1,1,20260120,CHI,LAC
Shot Chart Detail,0022500633,43,201935,James Harden,1610612746,LA Clippers,1,7,22,Missed Shot,Running Layup Shot,2PT Field Goal,Restricted Area,Center(C),Less Than 8 ft.,3,-15,32,1,0,20260122,LAC,LAL
Shot Chart Detail,0022500633,75,201935,James Harden,1610612746,LA Clippers,1,5,40,Missed Shot,Driving Floating Jump Shot,2PT Field Goal,In The Paint (Non-RA),Center(C),Less Than 8 ft.,6,7,67,1,0,20260122,LAC,LAL
Shot Chart Detail,0022500633,107,201935,James Harden,1610612746,LA Clippers,1,3,17,Made Shot,Step Back Jump shot,3PT Field Goal,Above the Break 3,Right Side Center(RC),24+ ft.,26,125,231,1,1,20260122,LAC,LAL
Shot Chart Detail,0022500633,114,201935,James Harden,1610612746,LA Clippers,1,2,20,Made Shot,Running Finger Roll Layup Shot,2PT Field Goal,Restricted Area,Center(C),Less Than 8 ft.,3,11,32,1,1,20260122,LAC,LAL
Shot Chart Detail,0022500633,118,201935,James Harden,1610612746,LA Clippers,1,1,43,Missed Shot,Pullup Jump shot,3PT Field Goal,Above the Break 3,Left Side Center(LC),24+ ft.,28,-157,232,1,0,20260122,LAC,LAL
Shot Chart Detail,0022500633,130,201935,James Harden,1610612746,LA Clippers,1,0,6,Missed Shot,Pullup Jump shot,3PT Field Goal,Above the Break 3,Center(C),24+ ft.,26,-7,263,1,0,20260122,LAC,LAL
Shot Chart Detail,0022500633,238,201935,James Harden,1610612746,LA Clippers,2,4,16,Missed Shot,Driving Layup Shot,2PT Field Goal,In The Paint (Non-RA),Center(C),8-16 ft.,8,-25,78,1,0,20260122,LAC,LAL
Shot Chart Detail,0022500633,246,201935,James Harden,1610612746,LA Clippers,2,3,28,Missed Shot,Driving Floating Bank Jump Shot,2PT Field Goal,In The Paint (Non-RA),Center(C),Less Than 8 ft.,4,34,32,1,0,20260122,LAC,LAL
Shot Chart Detail,0022500633,261,201935,James Harden,1610612746,LA Clippers,2,2,41,Made Shot,Driving Layup Shot,2PT Field Goal,Restricted Area,Center(C),Less Than 8 ft.,3,-9,36,1,1,20260122,LAC,LAL
Shot Chart Detail,0022500633,275,201935,James Harden,1610612746,LA Clippers,2,2,11,Missed Shot,Running Pull-Up Jump Shot,3PT Field Goal,Above the Break 3,Center(C),24+ ft.,25,25,256,1,0,20260122,LAC,LAL
Shot Chart Detail,0022500633,279,201935,James Harden,1610612746,LA Clippers,2,2,5,Missed Shot,Pullup Jump shot,3PT Field Goal,Right Corner 3,Right Side(R),24+ ft.,24,237,60,1,0,20260122,LAC,LAL
Shot Chart Detail,0022500633,292,201935,James Harden,1610612746,LA Clippers,2,0,47,Made Shot,Driving Floating Jump Shot,2PT Field Goal,In The Paint (Non-RA),Center(C),Less Than 8 ft.,5,-10,50,1,1,20260122,LAC,LAL
Shot Chart Detail,0022500633,304,201935,James Harden,1610612746,LA Clippers,2,0,2,Missed Shot,Pullup Jump shot,2PT Field Goal,In The Paint (Non-RA),Center(C),8-16 ft.,13,43,125,1,0,20260122,LAC,LAL
Shot Chart Detail,0022500633,321,201935,James Harden,1610612746,LA Clippers,3,11,4,Missed Shot,Driving Floating Jump Shot,2PT Field Goal,In The Paint (Non-RA),Center(C),Less Than 8 ft.,7,-2,77,1,0,20260122,LAC,LAL
Shot Chart Detail,0022500633,327,201935,James Harden,1610612746,LA Clippers,3,10,44,Made Shot,Driving Floating Jump Shot,2PT Field Goal,Restricted Area,Center(C),Less Than 8 ft.,3,11,31,1,1,20260122,LAC,LAL
Shot Chart Detail,0022500633,335,201935,James Harden,1610612746,LA Clippers,3,9,52,Missed Shot,Driving Floating Bank Jump Shot,2PT Field Goal,In The Paint (Non-RA),Center(C),Less Than 8 ft.,7,-70,16,1,0,20260122,LAC,LAL
Shot Chart Detail,0022500633,401,201935,James Harden,1610612746,LA Clippers,3,4,48,Missed Shot,Driving Layup Shot,2PT Field Goal,In The Paint (Non-RA),Center(C),Less Than 8 ft.,4,-32,26,1,0,20260122,LAC,LAL
Shot Chart Detail,0022500633,437,201935,James Harden,1610612746,LA Clippers,3,2,27,Missed Shot,Driving Floating Bank Jump Shot,2PT Field Goal,Restricted Area,Center(C),Less Than 8 ft.,3,-34,15,1,0,20260122,LAC,LAL
Shot Chart Detail,0022500633,545,201935,James Harden,1610612746,LA Clippers,4,6,25,Missed Shot,Driving Floating Jump Shot,2PT Field Goal,Restricted Area,Center(C),Less Than 8 ft.,2,6,27,1,0,20260122,LAC,LAL
Shot Chart Detail,0022500633,555,201935,James Harden,1610612746,LA Clippers,4,5,34,Made Shot,Jump Shot,3PT Field Goal,Above the Break 3,Right Side Center(RC),24+ ft.,26,131,231,1,1,20260122,LAC,LAL
Shot Chart Detail,0022500633,605,201935,James Harden,1610612746,LA Clippers,4,2,49,Missed Shot,Driving Floating Jump Shot,2PT Field Goal,In The Paint (Non-RA),Center(C),Less Than 8 ft.,4,-21,43,1,0,20260122,LAC,LAL
Shot Chart Detail,0022500656,18,201935,James Harden,1610612746,LA Clippers,1,10,16,Missed Shot,Running Layup Shot,2PT Field Goal,Restricted Area,Center(C),Less Than 8 ft.,2,-15,21,1,0,20260125,LAC,BKN
Shot Chart Detail,0022500656,89,201935,James Harden,1610612746,LA Clippers,1,4,51,Made Shot,Step Back Jump shot,3PT Field Goal,Above the Break 3,Left Side Center(LC),24+ ft.,28,-141,242,1,1,20260125,LAC,BKN
Shot Chart Detail,0022500656,120,201935,James Harden,1610612746,LA Clippers,1,3,25,Made Shot,Step Back Jump shot,3PT Field Goal,Above the Break 3,Right Side Center(RC),24+ ft.,27,190,199,1,1,20260125,LAC,BKN
Shot Chart Detail,0022500656,144,201935,James Harden,1610612746,LA Clippers,1,1,10,Made Shot,Step Back Jump shot,3PT Field Goal,Above the Break 3,Left Side Center(LC),24+ ft.,27,-130,244,1,1,20260125,LAC,BKN
Shot Chart Detail,0022500656,260,201935,James Harden,1610612746,LA Clippers,2,5,34,Missed Shot,Jump Shot,3PT Field Goal,Above the Break 3,Right Side Center(RC),24+ ft.,27,129,246,1,0,20260125,LAC,BKN
Shot Chart Detail,0022500656,282,201935,James Harden,1610612746,LA Clippers,2,3,15,Missed Shot,Driving Floating Bank Jump Shot,2PT Field Goal,In The Paint (Non-RA),Center(C),8-16 ft.,8,33,78,1,0,20260125,LAC,BKN
Shot Chart Detail,0022500656,311,201935,James Harden,1610612746,LA Clippers,2,1,27,Missed Shot,Turnaround Jump Shot,2PT Field Goal,Mid-Range,Center(C),8-16 ft.,15,22,157,1,0,20260125,LAC,BKN
Shot Chart Detail,0022500656,466,201935,James Harden,1610612746,LA Clippers,3,2,54,Missed Shot,Step Back Jump shot,3PT Field Goal,Above the Break 3,Center(C),24+ ft.,25,-66,250,1,0,20260125,LAC,BKN
Shot Chart Detail,0022500670,48,201935,James Harden,1610612746,LA Clippers,1,7,11,Missed Shot,Running Pull-Up Jump Shot,3PT Field Goal,Above the Break 3,Center(C),24+ ft.,26,-6,262,1,0,20260127,UTA,LAC
Shot Chart Detail,0022500670,99,201935,James Harden,1610612746,LA Clippers,1,3,17,Made Shot,Floating Jump shot,2PT Field Goal,In The Paint (Non-RA),Center(C),Less Than 8 ft.,4,-13,44,1,1,20260127,UTA,LAC
Shot Chart Detail,0022500670,117,201935,James Harden,1610612746,LA Clippers,1,2,19,Missed Shot,Pullup Jump shot,3PT Field Goal,Above the Break 3,Left Side Center(LC),24+ ft.,26,-114,237,1,0,20260127,UTA,LAC
Shot Chart Detail,0022500670,146,201935,James Harden,1610612746,LA Clippers,1,0,0,Missed Shot,Pullup Jump shot,3PT Field Goal,Above the Break 3,Right Side Center(RC),24+ ft.,30,123,278,1,0,20260127,UTA,LAC
Shot Chart Detail,0022500670,273,201935,James Harden,1610612746,LA Clippers,2,2,52,Missed Shot,Running Layup Shot,2PT Field Goal,In The Paint (Non-RA),Center(C),Less Than 8 ft.,5,38,46,1,0,20260127,UTA,LAC
Shot Chart Detail,0022500670,290,201935,James Harden,1610612746,LA Clippers,2,2,3,Made Shot,Jump Shot,3PT Field Goal,Above the Break 3,Right Side Center(RC),24+ ft.,25,112,227,1,1,20260127,UTA,LAC
Shot Chart Detail,0022500670,301,201935,James Harden,1610612746,LA Clippers,2,1,38,Made Shot,Jump Shot,3PT Field Goal,Above the Break 3,Left Side Center(LC),24+ ft.,26,-99,248,1,1,20260127,UTA,LAC
Shot Chart Detail,0022500670,307,201935,James Harden,1610612746,LA Clippers,2,1,7,Made Shot,Driving Floating Jump Shot,2PT Field Goal,In The Paint (Non-RA),Left Side(L),8-16 ft.,12,-71,100,1,1,20260127,UTA,LAC
Shot Chart Detail,0022500670,426,201935,James Harden,1610612746,LA Clippers,3,3,49,Made Shot,Pullup Jump shot,3PT Field Goal,Above the Break 3,Left Side Center(LC),24+ ft.,26,-108,243,1,1,20260127,UTA,LAC
Shot Chart Detail,0022500670,448,201935,James Harden,1610612746,LA Clippers,3,2,25,Missed Shot,Turnaround Jump Shot,2PT Field Goal,In The Paint (Non-RA),Center(C),8-16 ft.,8,16,80,1,0,20260127,UTA,LAC
Shot Chart Detail,0022500670,461,201935,James Harden,1610612746,LA Clippers,3,1,49,Missed Shot,Pullup Jump shot,3PT Field Goal,Above the Break 3,Left Side Center(LC),24+ ft.,25,-88,237,1,0,20260127,UTA,LAC
Shot Chart Detail,0022500670,480,201935,James Harden,1610612746,LA Clippers,3,0,9,Missed Shot,Pullup Jump shot,3PT Field Goal,Right Corner 3,Right Side(R),24+ ft.,23,233,32,1,0,20260127,UTA,LAC
Shot Chart Detail,0022500670,483,201935,James Harden,1610612746,LA Clippers,3,0,2,Missed Shot,Driving Floating Jump Shot,2PT Field Goal,In The Paint (Non-RA),Center(C),Less Than 8 ft.,7,-62,41,1,0,20260127,UTA,LAC
Shot Chart Detail,0022500670,485,201935,James Harden,1610612746,LA Clippers,3,0,0,Missed Shot,Putback Layup Shot,2PT Field Goal,In The Paint (Non-RA),Center(C),Less Than 8 ft.,4,-40,14,1,0,20260127,UTA,LAC
Shot Chart Detail,0022500695,48,201935,James Harden,1610612746,LA Clippers,1,7,46,Missed Shot,Pullup Jump shot,2PT Field Goal,Mid-Range,Center(C),8-16 ft.,15,-38,154,1,0,20260130,DEN,LAC
Shot Chart Detail,0022500695,67,201935,James Harden,1610612746,LA Clippers,1,5,57,Made Shot,Driving Finger Roll Layup Shot,2PT Field Goal,Restricted Area,Center(C),Less Than 8 ft.,0,1,7,1,1,20260130,DEN,LAC
Shot Chart Detail,0022500695,113,201935,James Harden,1610612746,LA Clippers,1,2,40,Missed Shot,Driving Layup Shot,2PT Field Goal,In The Paint (Non-RA),Center(C),Less Than 8 ft.,4,-37,31,1,0,20260130,DEN,LAC
Shot Chart Detail,0022500695,124,201935,James Harden,1610612746,LA Clippers,1,1,32,Missed Shot,Driving Floating Jump Shot,2PT Field Goal,In The Paint (Non-RA),Center(C),Less Than 8 ft.,5,-2,57,1,0,20260130,DEN,LAC
Shot Chart Detail,0022500695,128,201935,James Harden,1610612746,LA Clippers,1,1,4,Missed Shot,Step Back Jump shot,3PT Field Goal,Above the Break 3,Left Side Center(LC),24+ ft.,25,-113,232,1,0,20260130,DEN,LAC
Shot Chart Detail,0022500695,140,201935,James Harden,1610612746,LA Clippers,1,0,23,Missed Shot,Pullup Jump shot,3PT Field Goal,Above the Break 3,Right Side Center(RC),24+ ft.,27,92,259,1,0,20260130,DEN,LAC
Shot Chart Detail,0022500695,256,201935,James Harden,1610612746,LA Clippers,2,4,8,Made Shot,Running Pull-Up Jump Shot,3PT Field Goal,Above the Break 3,Right Side Center(RC),24+ ft.,24,104,222,1,1,20260130,DEN,LAC
Shot Chart Detail,0022500695,259,201935,James Harden,1610612746,LA Clippers,2,3,38,Made Shot,Running Pull-Up Jump Shot,3PT Field Goal,Above the Break 3,Left Side Center(LC),24+ ft.,26,-108,239,1,1,20260130,DEN,LAC
Shot Chart Detail,0022500695,271,201935,James Harden,1610612746,LA Clippers,2,2,59,Made Shot,Pullup Jump shot,3PT Field Goal,Above the Break 3,Center(C),24+ ft.,26,-71,259,1,1,20260130,DEN,LAC
Shot Chart Detail,0022500695,297,201935,James Harden,1610612746,LA Clippers,2,0,59,Missed Shot,Pullup Jump shot,3PT Field Goal,Above the Break 3,Left Side Center(LC),24+ ft.,26,-229,137,1,0,20260130,DEN,LAC
Shot Chart Detail,0022500695,311,201935,James Harden,1610612746,LA Clippers,2,0,29,Missed Shot,Pullup Jump shot,3PT Field Goal,Above the Break 3,Right Side Center(RC),24+ ft.,26,98,242,1,0,20260130,DEN,LAC
Shot Chart Detail,0022500695,334,201935,James Harden,1610612746,LA Clippers,3,11,39,Made Shot,Pullup Jump shot,2PT Field Goal,Mid-Range,Center(C),16-24 ft.,17,45,172,1,1,20260130,DEN,LAC
Shot Chart Detail,0022500695,352,201935,James Harden,1610612746,LA Clippers,3,10,8,Made Shot,Driving Floating Jump Shot,2PT Field Goal,In The Paint (Non-RA),Center(C),Less Than 8 ft.,7,12,75,1,1,20260130,DEN,LAC
Shot Chart Detail,0022500695,374,201935,James Harden,1610612746,LA Clippers,3,8,24,Made Shot,Fadeaway Jump Shot,2PT Field Goal,Mid-Range,Right Side(R),8-16 ft.,11,87,71,1,1,20260130,DEN,LAC
Shot Chart Detail,0022500695,386,201935,James Harden,1610612746,LA Clippers,3,7,53,Missed Shot,Pullup Jump shot,3PT Field Goal,Above the Break 3,Center(C),24+ ft.,25,7,250,1,0,20260130,DEN,LAC
Shot Chart Detail,0022500695,394,201935,James Harden,1610612746,LA Clippers,3,7,19,Made Shot,Pullup Jump shot,3PT Field Goal,Above the Break 3,Center(C),24+ ft.,24,-61,242,1,1,20260130,DEN,LAC
Shot Chart Detail,0022500695,459,201935,James Harden,1610612746,LA Clippers,3,1,1,Missed Shot,Pullup Jump shot,3PT Field Goal,Above the Break 3,Center(C),24+ ft.,26,-54,255,1,0,20260130,DEN,LAC
Shot Chart Detail,0022500756,34,201935,James Harden,1610612739,Cleveland Cavaliers,1,9,21,Missed Shot,Running Layup Shot,2PT Field Goal,In The Paint (Non-RA),Left Side(L),8-16 ft.,8,-44,73,1,0,20260207,SAC,CLE
Shot Chart Detail,0022500756,84,201935,James Harden,1610612739,Cleveland Cavaliers,1,6,21,Missed Shot,Running Jump Shot,3PT Field Goal,Above the Break 3,Right Side Center(RC),24+ ft.,24,78,229,1,0,20260207,SAC,CLE
Shot Chart Detail,0022500756,99,201935,James Harden,1610612739,Cleveland Cavaliers,1,5,4,Missed Shot,Step Back Jump shot,2PT Field Goal,Mid-Range,Left Side(L),8-16 ft.,15,-132,78,1,0,20260207,SAC,CLE
Shot Chart Detail,0022500756,267,201935,James Harden,1610612739,Cleveland Cavaliers,2,5,18,Made Shot,Step Back Jump shot,3PT Field Goal,Above the Break 3,Left Side Center(LC),24+ ft.,24,-83,234,1,1,20260207,SAC,CLE
Shot Chart Detail,0022500756,299,201935,James Harden,1610612739,Cleveland Cavaliers,2,2,53,Missed Shot,Driving Layup Shot,2PT Field Goal,In The Paint (Non-RA),Center(C),Less Than 8 ft.,7,-58,52,1,0,20260207,SAC,CLE
Shot Chart Detail,0022500756,324,201935,James Harden,1610612739,Cleveland Cavaliers,2,1,11,Missed Shot,Jump Shot,3PT Field Goal,Above the Break 3,Right Side Center(RC),24+ ft.,24,131,209,1,0,20260207,SAC,CLE
Shot Chart Detail,0022500756,380,201935,James Harden,1610612739,Cleveland Cavaliers,3,8,24,Made Shot,Step Back Jump shot,3PT Field Goal,Above the Break 3,Right Side Center(RC),24+ ft.,25,210,152,1,1,20260207,SAC,CLE
Shot Chart Detail,0022500756,395,201935,James Harden,1610612739,Cleveland Cavaliers,3,7,12,Missed Shot,Jump Shot,3PT Field Goal,Above the Break 3,Center(C),24+ ft.,27,71,265,1,0,20260207,SAC,CLE
Shot Chart Detail,0022500756,436,201935,James Harden,1610612739,Cleveland Cavaliers,3,4,41,Made Shot,Driving Floating Bank Jump Shot,2PT Field Goal,In The Paint (Non-RA),Center(C),Less Than 8 ft.,6,-49,38,1,1,20260207,SAC,CLE
Shot Chart Detail,0022500756,574,201935,James Harden,1610612739,Cleveland Cavaliers,4,7,7,Made Shot,Running Jump Shot,3PT Field Goal,Above the Break 3,Center(C),24+ ft.,26,-58,258,1,1,20260207,SAC,CLE
Shot Chart Detail,0022500756,596,201935,James Harden,1610612739,Cleveland Cavaliers,4,5,18,Made Shot,Driving Floating Bank Jump Shot,2PT Field Goal,In The Paint (Non-RA),Right Side(R),8-16 ft.,9,70,59,1,1,20260207,SAC,CLE
Shot Chart Detail,0022500756,625,201935,James Harden,1610612739,Cleveland Cavaliers,4,3,10,Made Shot,Pullup Jump shot,3PT Field Goal,Above the Break 3,Right Side Center(RC),24+ ft.,26,173,202,1,1,20260207,SAC,CLE
Shot Chart Detail,0022500756,628,201935,James Harden,1610612739,Cleveland Cavaliers,4,2,39,Made Shot,Jump Shot,3PT Field Goal,Above the Break 3,Right Side Center(RC),24+ ft.,27,172,209,1,1,20260207,SAC,CLE
Shot Chart Detail,0022500767,62,201935,James Harden,1610612739,Cleveland Cavaliers,1,7,46,Missed Shot,Driving Floating Jump Shot,2PT Field Goal,In The Paint (Non-RA),Center(C),Less Than 8 ft.,7,32,67,1,0,20260209,DEN,CLE
Shot Chart Detail,0022500767,64,201935,James Harden,1610612739,Cleveland Cavaliers,1,7,42,Missed Shot,Putback Layup Shot,2PT Field Goal,Restricted Area,Center(C),Less Than 8 ft.,0,0,0,1,0,20260209,DEN,CLE
Shot Chart Detail,0022500767,73,201935,James Harden,1610612739,Cleveland Cavaliers,1,7,25,Made Shot,Driving Layup Shot,2PT Field Goal,In The Paint (Non-RA),Center(C),Less Than 8 ft.,4,-34,26,1,1,20260209,DEN,CLE
Shot Chart Detail,0022500767,94,201935,James Harden,1610612739,Cleveland Cavaliers,1,5,27,Missed Shot,Pullup Jump shot,3PT Field Goal,Above the Break 3,Left Side Center(LC),24+ ft.,26,-142,218,1,0,20260209,DEN,CLE
Shot Chart Detail,0022500767,269,201935,James Harden,1610612739,Cleveland Cavaliers,2,6,17,Missed Shot,Driving Reverse Layup Shot,2PT Field Goal,Restricted Area,Center(C),Less Than 8 ft.,2,-20,10,1,0,20260209,DEN,CLE
Shot Chart Detail,0022500767,302,201935,James Harden,1610612739,Cleveland Cavaliers,2,3,47,Made Shot,Driving Floating Jump Shot,2PT Field Goal,In The Paint (Non-RA),Left Side(L),8-16 ft.,8,-55,59,1,1,20260209,DEN,CLE
Shot Chart Detail,0022500767,328,201935,James Harden,1610612739,Cleveland Cavaliers,2,1,37,Made Shot,Driving Floating Jump Shot,2PT Field Goal,In The Paint (Non-RA),Left Side(L),8-16 ft.,12,-65,106,1,1,20260209,DEN,CLE
Shot Chart Detail,0022500767,344,201935,James Harden,1610612739,Cleveland Cavaliers,2,0,3,Missed Shot,Step Back Jump shot,3PT Field Goal,Above the Break 3,Right Side Center(RC),24+ ft.,25,159,196,1,0,20260209,DEN,CLE
Shot Chart Detail,0022500767,356,201935,James Harden,1610612739,Cleveland Cavaliers,3,11,44,Missed Shot,Jump Shot,3PT Field Goal,Above the Break 3,Center(C),24+ ft.,25,-60,247,1,0,20260209,DEN,CLE
Shot Chart Detail,0022500767,398,201935,James Harden,1610612739,Cleveland Cavaliers,3,8,13,Made Shot,Driving Floating Jump Shot,2PT Field Goal,In The Paint (Non-RA),Center(C),8-16 ft.,9,-39,85,1,1,20260209,DEN,CLE
Shot Chart Detail,0022500767,441,201935,James Harden,1610612739,Cleveland Cavaliers,3,5,9,Made Shot,Driving Layup Shot,2PT Field Goal,Restricted Area,Center(C),Less Than 8 ft.,2,-21,-1,1,1,20260209,DEN,CLE
Shot Chart Detail,0022500767,580,201935,James Harden,1610612739,Cleveland Cavaliers,4,8,27,Made Shot,Jump Shot,3PT Field Goal,Above the Break 3,Center(C),24+ ft.,27,23,276,1,1,20260209,DEN,CLE
Shot Chart Detail,0022500767,591,201935,James Harden,1610612739,Cleveland Cavaliers,4,8,1,Missed Shot,Pullup Jump shot,3PT Field Goal,Above the Break 3,Right Side Center(RC),24+ ft.,24,91,231,1,0,20260209,DEN,CLE
Shot Chart Detail,0022500767,595,201935,James Harden,1610612739,Cleveland Cavaliers,4,7,44,Missed Shot,Pullup Jump shot,3PT Field Goal,Above the Break 3,Center(C),24+ ft.,25,-59,247,1,0,20260209,DEN,CLE
Shot Chart Detail,0022500767,609,201935,James Harden,1610612739,Cleveland Cavaliers,4,6,45,Missed Shot,Driving Layup Shot,2PT Field Goal,In The Paint (Non-RA),Center(C),Less Than 8 ft.,4,-47,6,1,0,20260209,DEN,CLE
Shot Chart Detail,0022500767,698,201935,James Harden,1610612739,Cleveland Cavaliers,4,0,32,Made Shot,Step Back Jump shot,3PT Field Goal,Above the Break 3,Left Side Center(LC),24+ ft.,24,-158,189,1,1,20260209,DEN,CLE
Shot Chart Detail,0022500776,92,201935,James Harden,1610612739,Cleveland Cavaliers,1,6,30,Made Shot,Pullup Jump shot,3PT Field Goal,Above the Break 3,Left Side Center(LC),24+ ft.,33,-135,304,1,1,20260211,CLE,WAS
Shot Chart Detail,0022500776,121,201935,James Harden,1610612739,Cleveland Cavaliers,1,4,13,Missed Shot,Step Back Jump shot,3PT Field Goal,Above the Break 3,Left Side Center(LC),24+ ft.,26,-93,248,1,0,20260211,CLE,WAS
Shot Chart Detail,0022500776,291,201935,James Harden,1610612739,Cleveland Cavaliers,2,5,50,Missed Shot,Jump Shot,3PT Field Goal,Above the Break 3,Left Side Center(LC),24+ ft.,25,-233,113,1,0,20260211,CLE,WAS
Shot Chart Detail,0022500776,629,201935,James Harden,1610612739,Cleveland Cavaliers,4,7,13,Missed Shot,Pullup Jump shot,3PT Field Goal,Above the Break 3,Left Side Center(LC),24+ ft.,24,-162,183,1,0,20260211,CLE,WAS
Shot Chart Detail,0022500793,103,201935,James Harden,1610612739,Cleveland Cavaliers,1,5,10,Made Shot,Driving Layup Shot,2PT Field Goal,Restricted Area,Center(C),Less Than 8 ft.,1,7,10,1,1,20260219,CLE,BKN
Shot Chart Detail,0022500793,269,201935,James Harden,1610612739,Cleveland Cavaliers,2,5,12,Made Shot,Driving Layup Shot,2PT Field Goal,Restricted Area,Center(C),Less Than 8 ft.,0,4,-3,1,1,20260219,CLE,BKN
Shot Chart Detail,0022500793,285,201935,James Harden,1610612739,Cleveland Cavaliers,2,4,2,Made Shot,Pullup Jump shot,3PT Field Goal,Above the Break 3,Left Side Center(LC),24+ ft.,27,-120,251,1,1,20260219,CLE,BKN
Shot Chart Detail,0022500793,296,201935,James Harden,1610612739,Cleveland Cavaliers,2,3,20,Made Shot,Driving Layup Shot,2PT Field Goal,Restricted Area,Center(C),Less Than 8 ft.,0,-1,2,1,1,20260219,CLE,BKN
Shot Chart Detail,0022500793,303,201935,James Harden,1610612739,Cleveland Cavaliers,2,2,16,Made Shot,Jump Shot,3PT Field Goal,Above the Break 3,Right Side Center(RC),24+ ft.,24,205,141,1,1,20260219,CLE,BKN
Shot Chart Detail,0022500793,377,201935,James Harden,1610612739,Cleveland Cavaliers,3,8,40,Made Shot,Step Back Jump shot,3PT Field Goal,Above the Break 3,Center(C),24+ ft.,25,22,259,1,1,20260219,CLE,BKN
Shot Chart Detail,0022500793,380,201935,James Harden,1610612739,Cleveland Cavaliers,3,8,14,Missed Shot,Jump Shot,3PT Field Goal,Above the Break 3,Left Side Center(LC),24+ ft.,25,-147,213,1,0,20260219,CLE,BKN
Shot Chart Detail,0022500793,480,201935,James Harden,1610612739,Cleveland Cavaliers,3,0,39,Missed Shot,Jump Shot,3PT Field Goal,Above the Break 3,Center(C),24+ ft.,26,-4,262,1,0,20260219,CLE,BKN
Shot Chart Detail,0022500802,64,201935,James Harden,1610612739,Cleveland Cavaliers,1,7,2,Made Shot,Pullup Jump shot,3PT Field Goal,Above the Break 3,Left Side Center(LC),24+ ft.,26,-110,239,1,1,20260220,CHA,CLE
Shot Chart Detail,0022500802,69,201935,James Harden,1610612739,Cleveland Cavaliers,1,6,20,Missed Shot,Pullup Jump shot,2PT Field Goal,Mid-Range,Center(C),16-24 ft.,16,42,158,1,0,20260220,CHA,CLE
Shot Chart Detail,0022500802,222,201935,James Harden,1610612739,Cleveland Cavaliers,2,8,25,Made Shot,Step Back Jump shot,2PT Field Goal,Mid-Range,Left Side(L),8-16 ft.,15,-126,96,1,1,20260220,CHA,CLE
Shot Chart Detail,0022500802,265,201935,James Harden,1610612739,Cleveland Cavaliers,2,5,10,Missed Shot,Step Back Jump shot,2PT Field Goal,In The Paint (Non-RA),Center(C),8-16 ft.,13,-28,127,1,0,20260220,CHA,CLE
Shot Chart Detail,0022500802,279,201935,James Harden,1610612739,Cleveland Cavaliers,2,3,46,Missed Shot,Driving Floating Jump Shot,2PT Field Goal,Restricted Area,Center(C),Less Than 8 ft.,3,-27,27,1,0,20260220,CHA,CLE
Shot Chart Detail,0022500802,309,201935,James Harden,1610612739,Cleveland Cavaliers,2,1,23,Missed Shot,Driving Layup Shot,2PT Field Goal,Restricted Area,Center(C),Less Than 8 ft.,3,-28,27,1,0,20260220,CHA,CLE
Shot Chart Detail,0022500802,338,201935,James Harden,1610612739,Cleveland Cavaliers,2,0,0,Made Shot,Driving Floating Bank Jump Shot,2PT Field Goal,Restricted Area,Center(C),Less Than 8 ft.,2,-1,26,1,1,20260220,CHA,CLE
Shot Chart Detail,0022500802,422,201935,James Harden,1610612739,Cleveland Cavaliers,3,6,8,Made Shot,Driving Floating Jump Shot,2PT Field Goal,In The Paint (Non-RA),Center(C),Less Than 8 ft.,5,18,50,1,1,20260220,CHA,CLE
Shot Chart Detail,0022500802,563,201935,James Harden,1610612739,Cleveland Cavaliers,4,8,33,Made Shot,Pullup Jump shot,3PT Field Goal,Above the Break 3,Center(C),24+ ft.,24,76,236,1,1,20260220,CHA,CLE
Shot Chart Detail,0022500802,574,201935,James Harden,1610612739,Cleveland Cavaliers,4,7,47,Missed Shot,Driving Floating Jump Shot,2PT Field Goal,Restricted Area,Center(C),Less Than 8 ft.,1,-6,8,1,0,20260220,CHA,CLE
Shot Chart Detail,0022500802,582,201935,James Harden,1610612739,Cleveland Cavaliers,4,7,18,Missed Shot,Pullup Jump shot,3PT Field Goal,Above the Break 3,Center(C),24+ ft.,26,81,252,1,0,20260220,CHA,CLE
Shot Chart Detail,0022500802,593,201935,James Harden,1610612739,Cleveland Cavaliers,4,6,11,Made Shot,Driving Floating Jump Shot,2PT Field Goal,In The Paint (Non-RA),Center(C),Less Than 8 ft.,4,-33,31,1,1,20260220,CHA,CLE
Shot Chart Detail,0022500802,628,201935,James Harden,1610612739,Cleveland Cavaliers,4,2,47,Missed Shot,Jump Bank Shot,2PT Field Goal,Mid-Range,Left Side(L),8-16 ft.,9,-83,40,1,0,20260220,CHA,CLE
Shot Chart Detail,0022500802,633,201935,James Harden,1610612739,Cleveland Cavaliers,4,2,36,Missed Shot,Pullup Jump shot,2PT Field Goal,Mid-Range,Center(C),8-16 ft.,14,-25,146,1,0,20260220,CHA,CLE
Shot Chart Detail,0022500817,34,201935,James Harden,1610612739,Cleveland Cavaliers,1,9,3,Made Shot,Driving Floating Jump Shot,2PT Field Goal,In The Paint (Non-RA),Center(C),Less Than 8 ft.,7,47,55,1,1,20260222,OKC,CLE
Shot Chart Detail,0022500817,48,201935,James Harden,1610612739,Cleveland Cavaliers,1,8,2,Made Shot,Pullup Jump shot,3PT Field Goal,Above the Break 3,Center(C),24+ ft.,25,10,252,1,1,20260222,OKC,CLE
Shot Chart Detail,0022500817,53,201935,James Harden,1610612739,Cleveland Cavaliers,1,7,37,Missed Shot,Step Back Jump shot,3PT Field Goal,Above the Break 3,Right Side Center(RC),24+ ft.,24,212,130,1,0,20260222,OKC,CLE
Shot Chart Detail,0022500817,95,201935,James Harden,1610612739,Cleveland Cavaliers,1,4,36,Missed Shot,Step Back Jump shot,2PT Field Goal,In The Paint (Non-RA),Center(C),Less Than 8 ft.,7,-77,-8,1,0,20260222,OKC,CLE
Shot Chart Detail,0022500817,245,201935,James Harden,1610612739,Cleveland Cavaliers,2,6,22,Missed Shot,Pullup Jump shot,3PT Field Goal,Above the Break 3,Right Side Center(RC),24+ ft.,25,178,178,1,0,20260222,OKC,CLE
Shot Chart Detail,0022500817,268,201935,James Harden,1610612739,Cleveland Cavaliers,2,4,59,Missed Shot,Pullup Jump shot,3PT Field Goal,Above the Break 3,Left Side Center(LC),24+ ft.,24,-211,127,1,0,20260222,OKC,CLE
Shot Chart Detail,0022500817,270,201935,James Harden,1610612739,Cleveland Cavaliers,2,4,49,Made Shot,Driving Floating Bank Jump Shot,2PT Field Goal,In The Paint (Non-RA),Center(C),Less Than 8 ft.,4,-45,11,1,1,20260222,OKC,CLE
Shot Chart Detail,0022500817,310,201935,James Harden,1610612739,Cleveland Cavaliers,2,2,33,Made Shot,Driving Hook Shot,2PT Field Goal,In The Paint (Non-RA),Center(C),Less Than 8 ft.,4,-10,40,1,1,20260222,OKC,CLE
Shot Chart Detail,0022500817,345,201935,James Harden,1610612739,Cleveland Cavaliers,2,0,31,Missed Shot,Pullup Jump shot,3PT Field Goal,Above the Break 3,Center(C),24+ ft.,25,0,256,1,0,20260222,OKC,CLE
Shot Chart Detail,0022500817,581,201935,James Harden,1610612739,Cleveland Cavaliers,4,8,44,Made Shot,Driving Floating Jump Shot,2PT Field Goal,In The Paint (Non-RA),Center(C),Less Than 8 ft.,4,39,17,1,1,20260222,OKC,CLE
Shot Chart Detail,0022500817,594,201935,James Harden,1610612739,Cleveland Cavaliers,4,7,47,Made Shot,Pullup Jump shot,3PT Field Goal,Above the Break 3,Center(C),24+ ft.,26,18,263,1,1,20260222,OKC,CLE
Shot Chart Detail,0022500817,630,201935,James Harden,1610612739,Cleveland Cavaliers,4,4,52,Missed Shot,Driving Floating Jump Shot,2PT Field Goal,In The Paint (Non-RA),Left Side(L),8-16 ft.,12,-78,99,1,0,20260222,OKC,CLE
Shot Chart Detail,0022500817,676,201935,James Harden,1610612739,Cleveland Cavaliers,4,1,30,Made Shot,Driving Finger Roll Layup Shot,2PT Field Goal,Restricted Area,Center(C),Less Than 8 ft.,1,-16,10,1,1,20260222,OKC,CLE
Shot Chart Detail,0022500817,679,201935,James Harden,1610612739,Cleveland Cavaliers,4,1,9,Made Shot,Pullup Jump shot,3PT Field Goal,Above the Break 3,Right Side Center(RC),24+ ft.,26,183,188,1,1,20260222,OKC,CLE
Shot Chart Detail,0022500835,45,201935,James Harden,1610612739,Cleveland Cavaliers,1,9,0,Made Shot,Step Back Jump shot,3PT Field Goal,Above the Break 3,Left Side Center(LC),24+ ft.,26,-222,141,1,1,20260224,CLE,NYK
Shot Chart Detail,0022500835,55,201935,James Harden,1610612739,Cleveland Cavaliers,1,8,13,Missed Shot,Driving Layup Shot,2PT Field Goal,In The Paint (Non-RA),Center(C),Less Than 8 ft.,5,-44,37,1,0,20260224,CLE,NYK
Shot Chart Detail,0022500835,89,201935,James Harden,1610612739,Cleveland Cavaliers,1,5,42,Made Shot,Driving Floating Jump Shot,2PT Field Goal,In The Paint (Non-RA),Center(C),8-16 ft.,13,-39,128,1,1,20260224,CLE,NYK
Shot Chart Detail,0022500835,92,201935,James Harden,1610612739,Cleveland Cavaliers,1,5,6,Missed Shot,Pullup Jump shot,3PT Field Goal,Above the Break 3,Left Side Center(LC),24+ ft.,26,-115,243,1,0,20260224,CLE,NYK
Shot Chart Detail,0022500835,113,201935,James Harden,1610612739,Cleveland Cavaliers,1,3,54,Made Shot,Driving Floating Jump Shot,2PT Field Goal,In The Paint (Non-RA),Center(C),Less Than 8 ft.,7,-36,64,1,1,20260224,CLE,NYK
Shot Chart Detail,0022500835,235,201935,James Harden,1610612739,Cleveland Cavaliers,2,9,4,Missed Shot,Driving Finger Roll Layup Shot,2PT Field Goal,Restricted Area,Center(C),Less Than 8 ft.,3,1,33,1,0,20260224,CLE,NYK
Shot Chart Detail,0022500835,299,201935,James Harden,1610612739,Cleveland Cavaliers,2,5,3,Missed Shot,Driving Floating Bank Jump Shot,2PT Field Goal,In The Paint (Non-RA),Center(C),Less Than 8 ft.,7,-56,42,1,0,20260224,CLE,NYK
Shot Chart Detail,0022500835,343,201935,James Harden,1610612739,Cleveland Cavaliers,2,2,27,Made Shot,Driving Floating Jump Shot,2PT Field Goal,In The Paint (Non-RA),Center(C),Less Than 8 ft.,6,13,64,1,1,20260224,CLE,NYK
Shot Chart Detail,0022500835,346,201935,James Harden,1610612739,Cleveland Cavaliers,2,2,13,Missed Shot,Driving Floating Jump Shot,2PT Field Goal,In The Paint (Non-RA),Center(C),Less Than 8 ft.,6,-21,63,1,0,20260224,CLE,NYK
Shot Chart Detail,0022500835,372,201935,James Harden,1610612739,Cleveland Cavaliers,2,0,0,Missed Shot,Driving Floating Jump Shot,3PT Field Goal,Above the Break 3,Left Side Center(LC),24+ ft.,34,-175,293,1,0,20260224,CLE,NYK
Shot Chart Detail,0022500835,381,201935,James Harden,1610612739,Cleveland Cavaliers,3,11,41,Made Shot,Step Back Jump shot,2PT Field Goal,Mid-Range,Right Side(R),8-16 ft.,13,137,-6,1,1,20260224,CLE,NYK
Shot Chart Detail,0022500835,408,201935,James Harden,1610612739,Cleveland Cavaliers,3,9,15,Made Shot,Jump Shot,3PT Field Goal,Above the Break 3,Left Side Center(LC),24+ ft.,24,-196,142,1,1,20260224,CLE,NYK
Shot Chart Detail,0022500835,433,201935,James Harden,1610612739,Cleveland Cavaliers,3,7,1,Missed Shot,Step Back Jump shot,3PT Field Goal,Above the Break 3,Center(C),24+ ft.,26,-64,257,1,0,20260224,CLE,NYK
Shot Chart Detail,0022500835,458,201935,James Harden,1610612739,Cleveland Cavaliers,3,5,57,Missed Shot,Running Layup Shot,2PT Field Goal,Restricted Area,Center(C),Less Than 8 ft.,1,-6,9,1,0,20260224,CLE,NYK
Shot Chart Detail,0022500835,472,201935,James Harden,1610612739,Cleveland Cavaliers,3,5,17,Missed Shot,Step Back Jump shot,2PT Field Goal,Mid-Range,Right Side(R),8-16 ft.,11,114,-13,1,0,20260224,CLE,NYK
Shot Chart Detail,0022500835,480,201935,James Harden,1610612739,Cleveland Cavaliers,3,4,21,Missed Shot,Driving Finger Roll Layup Shot,2PT Field Goal,Restricted Area,Center(C),Less Than 8 ft.,1,-4,10,1,0,20260224,CLE,NYK
Shot Chart Detail,0022500835,484,201935,James Harden,1610612739,Cleveland Cavaliers,3,4,5,Made Shot,Running Jump Shot,3PT Field Goal,Right Corner 3,Right Side(R),24+ ft.,24,241,64,1,1,20260224,CLE,NYK
Shot Chart Detail,0022500835,598,201935,James Harden,1610612739,Cleveland Cavaliers,4,8,7,Made Shot,Jump Shot,3PT Field Goal,Right Corner 3,Right Side(R),24+ ft.,23,238,11,1,1,20260224,CLE,NYK
Shot Chart Detail,0022500869,64,201935,James Harden,1610612739,Cleveland Cavaliers,1,6,29,Made Shot,Step Back Jump shot,3PT Field Goal,Above the Break 3,Center(C),24+ ft.,25,29,254,1,1,20260301,BKN,CLE
Shot Chart Detail,0022500869,82,201935,James Harden,1610612739,Cleveland Cavaliers,1,5,6,Made Shot,Jump Shot,3PT Field Goal,Above the Break 3,Center(C),24+ ft.,25,-29,258,1,1,20260301,BKN,CLE
Shot Chart Detail,0022500869,302,201935,James Harden,1610612739,Cleveland Cavaliers,2,2,25,Missed Shot,Driving Floating Bank Jump Shot,2PT Field Goal,In The Paint (Non-RA),Center(C),Less Than 8 ft.,6,54,32,1,0,20260301,BKN,CLE
Shot Chart Detail,0022500869,310,201935,James Harden,1610612739,Cleveland Cavaliers,2,1,53,Missed Shot,Pullup Jump shot,3PT Field Goal,Above the Break 3,Left Side Center(LC),24+ ft.,25,-82,242,1,0,20260301,BKN,CLE
Shot Chart Detail,0022500869,348,201935,James Harden,1610612739,Cleveland Cavaliers,3,11,11,Made Shot,Jump Shot,3PT Field Goal,Above the Break 3,Center(C),24+ ft.,25,-50,245,1,1,20260301,BKN,CLE
Shot Chart Detail,0022500869,424,201935,James Harden,1610612739,Cleveland Cavaliers,3,4,40,Made Shot,Running Pull-Up Jump Shot,3PT Field Goal,Above the Break 3,Center(C),24+ ft.,24,-13,246,1,1,20260301,BKN,CLE
Shot Chart Detail,0022500869,444,201935,James Harden,1610612739,Cleveland Cavaliers,3,4,4,Missed Shot,Step Back Jump shot,3PT Field Goal,Above the Break 3,Center(C),24+ ft.,27,61,269,1,0,20260301,BKN,CLE
Shot Chart Detail,0022500869,447,201935,James Harden,1610612739,Cleveland Cavaliers,3,3,44,Missed Shot,Jump Shot,3PT Field Goal,Above the Break 3,Left Side Center(LC),24+ ft.,24,-94,230,1,0,20260301,BKN,CLE
Shot Chart Detail,0022500869,581,201935,James Harden,1610612739,Cleveland Cavaliers,4,5,43,Made Shot,Floating Jump shot,2PT Field Goal,Mid-Range,Center(C),8-16 ft.,15,-56,148,1,1,20260301,BKN,CLE
Shot Chart Detail,0022500884,37,201935,James Harden,1610612739,Cleveland Cavaliers,1,9,31,Made Shot,Step Back Jump shot,3PT Field Goal,Above the Break 3,Center(C),24+ ft.,25,1,252,1,1,20260303,CLE,DET
Shot Chart Detail,0022500884,65,201935,James Harden,1610612739,Cleveland Cavaliers,1,6,46,Missed Shot,Step Back Jump shot,3PT Field Goal,Above the Break 3,Right Side Center(RC),24+ ft.,26,143,227,1,0,20260303,CLE,DET
Shot Chart Detail,0022500884,78,201935,James Harden,1610612739,Cleveland Cavaliers,1,5,52,Missed Shot,Step Back Jump shot,2PT Field Goal,Mid-Range,Left Side Center(LC),16-24 ft.,22,-136,178,1,0,20260303,CLE,DET
Shot Chart Detail,0022500884,92,201935,James Harden,1610612739,Cleveland Cavaliers,1,4,48,Made Shot,Driving Floating Jump Shot,2PT Field Goal,In The Paint (Non-RA),Right Side(R),8-16 ft.,8,59,67,1,1,20260303,CLE,DET
Shot Chart Detail,0022500884,109,201935,James Harden,1610612739,Cleveland Cavaliers,1,2,49,Made Shot,Fadeaway Jump Shot,2PT Field Goal,Mid-Range,Right Side(R),8-16 ft.,12,124,8,1,1,20260303,CLE,DET
Shot Chart Detail,0022500884,227,201935,James Harden,1610612739,Cleveland Cavaliers,2,6,23,Missed Shot,Step Back Jump shot,3PT Field Goal,Above the Break 3,Left Side Center(LC),24+ ft.,25,-212,148,1,0,20260303,CLE,DET
Shot Chart Detail,0022500884,229,201935,James Harden,1610612739,Cleveland Cavaliers,2,6,17,Missed Shot,Jump Shot,3PT Field Goal,Above the Break 3,Left Side Center(LC),24+ ft.,25,-228,115,1,0,20260303,CLE,DET
Shot Chart Detail,0022500884,236,201935,James Harden,1610612739,Cleveland Cavaliers,2,6,2,Missed Shot,Jump Shot,2PT Field Goal,Mid-Range,Right Side(R),8-16 ft.,10,109,7,1,0,20260303,CLE,DET
Shot Chart Detail,0022500884,295,201935,James Harden,1610612739,Cleveland Cavaliers,2,2,18,Made Shot,Step Back Jump shot,3PT Field Goal,Above the Break 3,Left Side Center(LC),24+ ft.,26,-190,179,1,1,20260303,CLE,DET
Shot Chart Detail,0022500884,317,201935,James Harden,1610612739,Cleveland Cavaliers,2,0,38,Missed Shot,Pullup Jump shot,3PT Field Goal,Above the Break 3,Right Side Center(RC),24+ ft.,25,85,243,1,0,20260303,CLE,DET
Shot Chart Detail,0022500884,319,201935,James Harden,1610612739,Cleveland Cavaliers,2,0,35,Missed Shot,Jump Shot,3PT Field Goal,Above the Break 3,Center(C),24+ ft.,26,-26,260,1,0,20260303,CLE,DET
Shot Chart Detail,0022500884,337,201935,James Harden,1610612739,Cleveland Cavaliers,3,11,22,Missed Shot,Driving Floating Jump Shot,2PT Field Goal,In The Paint (Non-RA),Center(C),Less Than 8 ft.,5,18,50,1,0,20260303,CLE,DET
Shot Chart Detail,0022500884,426,201935,James Harden,1610612739,Cleveland Cavaliers,3,5,8,Missed Shot,Step Back Jump shot,3PT Field Goal,Above the Break 3,Right Side Center(RC),24+ ft.,25,82,242,1,0,20260303,CLE,DET
Shot Chart Detail,0022500884,591,201935,James Harden,1610612739,Cleveland Cavaliers,4,5,50,Missed Shot,Driving Layup Shot,2PT Field Goal,Restricted Area,Center(C),Less Than 8 ft.,2,-11,21,1,0,20260303,CLE,DET
Shot Chart Detail,0022500884,602,201935,James Harden,1610612739,Cleveland Cavaliers,4,5,11,Missed Shot,Driving Finger Roll Layup Shot,2PT Field Goal,Restricted Area,Center(C),Less Than 8 ft.,1,-6,8,1,0,20260303,CLE,DET
Shot Chart Detail,0022500884,630,201935,James Harden,1610612739,Cleveland Cavaliers,4,3,34,Missed Shot,Step Back Jump shot,3PT Field Goal,Above the Break 3,Left Side Center(LC),24+ ft.,25,-96,241,1,0,20260303,CLE,DET
Shot Chart Detail,0022500884,661,201935,James Harden,1610612739,Cleveland Cavaliers,4,1,3,Made Shot,Driving Floating Bank Jump Shot,2PT Field Goal,In The Paint (Non-RA),Center(C),Less Than 8 ft.,5,-47,19,1,1,20260303,CLE,DET
Shot Chart Detail,0022500921,90,201935,James Harden,1610612739,Cleveland Cavaliers,1,4,56,Missed Shot,Driving Floating Jump Shot,2PT Field Goal,Restricted Area,Center(C),Less Than 8 ft.,3,-26,29,1,0,20260308,CLE,BOS
Shot Chart Detail,0022500921,92,201935,James Harden,1610612739,Cleveland Cavaliers,1,4,53,Made Shot,Putback Layup Shot,2PT Field Goal,Restricted Area,Center(C),Less Than 8 ft.,1,12,-1,1,1,20260308,CLE,BOS
Shot Chart Detail,0022500921,95,201935,James Harden,1610612739,Cleveland Cavaliers,1,4,17,Made Shot,Pullup Jump shot,3PT Field Goal,Above the Break 3,Center(C),24+ ft.,25,-10,254,1,1,20260308,CLE,BOS
Shot Chart Detail,0022500921,98,201935,James Harden,1610612739,Cleveland Cavaliers,1,3,52,Missed Shot,Jump Shot,3PT Field Goal,Above the Break 3,Center(C),24+ ft.,29,76,281,1,0,20260308,CLE,BOS
Shot Chart Detail,0022500921,213,201935,James Harden,1610612739,Cleveland Cavaliers,2,8,23,Missed Shot,Driving Floating Jump Shot,2PT Field Goal,In The Paint (Non-RA),Center(C),Less Than 8 ft.,6,38,47,1,0,20260308,CLE,BOS
Shot Chart Detail,0022500921,240,201935,James Harden,1610612739,Cleveland Cavaliers,2,6,57,Missed Shot,Pullup Jump shot,3PT Field Goal,Above the Break 3,Center(C),24+ ft.,25,62,251,1,0,20260308,CLE,BOS
Shot Chart Detail,0022500921,284,201935,James Harden,1610612739,Cleveland Cavaliers,2,4,20,Missed Shot,Jump Shot,3PT Field Goal,Above the Break 3,Left Side Center(LC),24+ ft.,26,-96,242,1,0,20260308,CLE,BOS
Shot Chart Detail,0022500921,395,201935,James Harden,1610612739,Cleveland Cavaliers,3,8,45,Missed Shot,Step Back Jump shot,3PT Field Goal,Above the Break 3,Right Side Center(RC),24+ ft.,24,175,176,1,0,20260308,CLE,BOS
Shot Chart Detail,0022500921,401,201935,James Harden,1610612739,Cleveland Cavaliers,3,8,20,Missed Shot,Driving Floating Jump Shot,2PT Field Goal,Mid-Range,Right Side(R),8-16 ft.,9,92,11,1,0,20260308,CLE,BOS
Shot Chart Detail,0022500921,447,201935,James Harden,1610612739,Cleveland Cavaliers,3,5,36,Made Shot,Driving Floating Bank Jump Shot,2PT Field Goal,In The Paint (Non-RA),Center(C),Less Than 8 ft.,4,-45,8,1,1,20260308,CLE,BOS
Shot Chart Detail,0022500921,460,201935,James Harden,1610612739,Cleveland Cavaliers,3,4,32,Missed Shot,Driving Floating Jump Shot,2PT Field Goal,In The Paint (Non-RA),Center(C),Less Than 8 ft.,4,-25,37,1,0,20260308,CLE,BOS
Shot Chart Detail,0022500921,492,201935,James Harden,1610612739,Cleveland Cavaliers,3,1,49,Made Shot,Driving Layup Shot,2PT Field Goal,Restricted Area,Center(C),Less Than 8 ft.,0,-6,-1,1,1,20260308,CLE,BOS
Shot Chart Detail,0022500921,507,201935,James Harden,1610612739,Cleveland Cavaliers,3,0,25,Made Shot,Running Jump Shot,3PT Field Goal,Above the Break 3,Left Side Center(LC),24+ ft.,24,-206,130,1,1,20260308,CLE,BOS
Shot Chart Detail,0022500921,565,201935,James Harden,1610612739,Cleveland Cavaliers,4,7,54,Missed Shot,Driving Floating Bank Jump Shot,2PT Field Goal,In The Paint (Non-RA),Center(C),Less Than 8 ft.,6,-62,17,1,0,20260308,CLE,BOS
Shot Chart Detail,0022500921,626,201935,James Harden,1610612739,Cleveland Cavaliers,4,2,56,Made Shot,Jump Shot,3PT Field Goal,Above the Break 3,Left Side Center(LC),24+ ft.,24,-163,184,1,1,20260308,CLE,BOS
Shot Chart Detail,0022500921,643,201935,James Harden,1610612739,Cleveland Cavaliers,4,1,11,Missed Shot,Jump Shot,3PT Field Goal,Left Corner 3,Left Side(L),24+ ft.,22,-227,0,1,0,20260308,CLE,BOS
Shot Chart Detail,0022500931,39,201935,James Harden,1610612739,Cleveland Cavaliers,1,9,34,Missed Shot,Step Back Jump shot,3PT Field Goal,Above the Break 3,Right Side Center(RC),24+ ft.,25,225,111,1,0,20260309,CLE,PHI
Shot Chart Detail,0022500931,114,201935,James Harden,1610612739,Cleveland Cavaliers,1,3,30,Made Shot,Jump Shot,3PT Field Goal,Above the Break 3,Right Side Center(RC),24+ ft.,24,197,146,1,1,20260309,CLE,PHI
Shot Chart Detail,0022500931,118,201935,James Harden,1610612739,Cleveland Cavaliers,1,3,10,Missed Shot,Pullup Jump shot,3PT Field Goal,Above the Break 3,Right Side Center(RC),24+ ft.,25,227,112,1,0,20260309,CLE,PHI
Shot Chart Detail,0022500931,263,201935,James Harden,1610612739,Cleveland Cavaliers,2,6,9,Made Shot,Step Back Jump shot,3PT Field Goal,Above the Break 3,Right Side Center(RC),24+ ft.,24,212,128,1,1,20260309,CLE,PHI
Shot Chart Detail,0022500931,318,201935,James Harden,1610612739,Cleveland Cavaliers,2,1,54,Made Shot,Driving Layup Shot,2PT Field Goal,Restricted Area,Center(C),Less Than 8 ft.,0,-4,1,1,1,20260309,CLE,PHI
Shot Chart Detail,0022500931,328,201935,James Harden,1610612739,Cleveland Cavaliers,2,1,5,Missed Shot,Step Back Jump shot,3PT Field Goal,Above the Break 3,Right Side Center(RC),24+ ft.,25,163,195,1,0,20260309,CLE,PHI
Shot Chart Detail,0022500931,376,201935,James Harden,1610612739,Cleveland Cavaliers,3,10,6,Made Shot,Step Back Jump shot,2PT Field Goal,Mid-Range,Right Side(R),8-16 ft.,12,127,-11,1,1,20260309,CLE,PHI
Shot Chart Detail,0022500931,379,201935,James Harden,1610612739,Cleveland Cavaliers,3,9,34,Made Shot,Running Jump Shot,3PT Field Goal,Left Corner 3,Left Side(L),24+ ft.,23,-233,-11,1,1,20260309,CLE,PHI
Shot Chart Detail,0022500931,383,201935,James Harden,1610612739,Cleveland Cavaliers,3,9,3,Made Shot,Pullup Jump shot,2PT Field Goal,Mid-Range,Right Side(R),16-24 ft.,20,184,101,1,1,20260309,CLE,PHI
Shot Chart Detail,0022500931,435,201935,James Harden,1610612739,Cleveland Cavaliers,3,5,44,Missed Shot,Step Back Jump shot,3PT Field Goal,Above the Break 3,Right Side Center(RC),24+ ft.,26,228,130,1,0,20260309,CLE,PHI
Shot Chart Detail,0022500931,578,201935,James Harden,1610612739,Cleveland Cavaliers,4,7,23,Missed Shot,Step Back Jump shot,3PT Field Goal,Above the Break 3,Right Side Center(RC),24+ ft.,25,157,198,1,0,20260309,CLE,PHI
Shot Chart Detail,0022500947,30,201935,James Harden,1610612739,Cleveland Cavaliers,1,9,34,Made Shot,Driving Layup Shot,2PT Field Goal,In The Paint (Non-RA),Center(C),Less Than 8 ft.,4,-38,17,1,1,20260311,ORL,CLE
Shot Chart Detail,0022500947,59,201935,James Harden,1610612739,Cleveland Cavaliers,1,7,1,Made Shot,Step Back Jump shot,3PT Field Goal,Above the Break 3,Center(C),24+ ft.,26,61,257,1,1,20260311,ORL,CLE
Shot Chart Detail,0022500947,105,201935,James Harden,1610612739,Cleveland Cavaliers,1,4,10,Made Shot,Step Back Jump shot,3PT Field Goal,Above the Break 3,Center(C),24+ ft.,25,16,256,1,1,20260311,ORL,CLE
Shot Chart Detail,0022500947,212,201935,James Harden,1610612739,Cleveland Cavaliers,2,9,11,Missed Shot,Jump Shot,3PT Field Goal,Above the Break 3,Right Side Center(RC),24+ ft.,25,154,201,1,0,20260311,ORL,CLE
Shot Chart Detail,0022500947,223,201935,James Harden,1610612739,Cleveland Cavaliers,2,8,2,Made Shot,Driving Layup Shot,2PT Field Goal,Restricted Area,Center(C),Less Than 8 ft.,1,-6,11,1,1,20260311,ORL,CLE
Shot Chart Detail,0022500947,285,201935,James Harden,1610612739,Cleveland Cavaliers,2,4,9,Missed Shot,Pullup Jump shot,3PT Field Goal,Above the Break 3,Right Side Center(RC),24+ ft.,25,145,215,1,0,20260311,ORL,CLE
Shot Chart Detail,0022500947,307,201935,James Harden,1610612739,Cleveland Cavaliers,2,2,47,Made Shot,Driving Layup Shot,2PT Field Goal,Restricted Area,Center(C),Less Than 8 ft.,1,9,16,1,1,20260311,ORL,CLE
Shot Chart Detail,0022500947,321,201935,James Harden,1610612739,Cleveland Cavaliers,2,1,43,Missed Shot,Jump Shot,3PT Field Goal,Above the Break 3,Center(C),24+ ft.,24,31,243,1,0,20260311,ORL,CLE
Shot Chart Detail,0022500947,345,201935,James Harden,1610612739,Cleveland Cavaliers,2,0,11,Made Shot,Driving Layup Shot,2PT Field Goal,Restricted Area,Center(C),Less Than 8 ft.,2,-22,9,1,1,20260311,ORL,CLE
Shot Chart Detail,0022500947,358,201935,James Harden,1610612739,Cleveland Cavaliers,3,11,39,Made Shot,Step Back Jump shot,3PT Field Goal,Above the Break 3,Right Side Center(RC),24+ ft.,26,102,246,1,1,20260311,ORL,CLE
Shot Chart Detail,0022500947,369,201935,James Harden,1610612739,Cleveland Cavaliers,3,10,34,Made Shot,Driving Layup Shot,2PT Field Goal,Restricted Area,Center(C),Less Than 8 ft.,2,-12,16,1,1,20260311,ORL,CLE
Shot Chart Detail,0022500947,392,201935,James Harden,1610612739,Cleveland Cavaliers,3,8,43,Missed Shot,Driving Layup Shot,2PT Field Goal,In The Paint (Non-RA),Center(C),Less Than 8 ft.,6,-21,64,1,0,20260311,ORL,CLE
Shot Chart Detail,0022500947,442,201935,James Harden,1610612739,Cleveland Cavaliers,3,4,29,Made Shot,Jump Shot,3PT Field Goal,Above the Break 3,Right Side Center(RC),24+ ft.,26,164,205,1,1,20260311,ORL,CLE
Shot Chart Detail,0022500947,452,201935,James Harden,1610612739,Cleveland Cavaliers,3,3,24,Missed Shot,Pullup Jump shot,3PT Field Goal,Above the Break 3,Center(C),24+ ft.,25,67,251,1,0,20260311,ORL,CLE
Shot Chart Detail,0022500947,628,201935,James Harden,1610612739,Cleveland Cavaliers,4,3,26,Made Shot,Running Layup Shot,2PT Field Goal,Restricted Area,Center(C),Less Than 8 ft.,3,-36,11,1,1,20260311,ORL,CLE
Shot Chart Detail,0022500947,656,201935,James Harden,1610612739,Cleveland Cavaliers,4,1,2,Made Shot,Pullup Jump shot,3PT Field Goal,Above the Break 3,Right Side Center(RC),24+ ft.,25,173,183,1,1,20260311,ORL,CLE
Shot Chart Detail,0022500965,26,201935,James Harden,1610612739,Cleveland Cavaliers,1,9,59,Missed Shot,Step Back Jump shot,3PT Field Goal,Above the Break 3,Right Side Center(RC),24+ ft.,25,213,136,1,0,20260313,DAL,CLE
Shot Chart Detail,0022500965,109,201935,James Harden,1610612739,Cleveland Cavaliers,1,3,25,Missed Shot,Pullup Jump shot,3PT Field Goal,Above the Break 3,Right Side Center(RC),24+ ft.,25,233,91,1,0,20260313,DAL,CLE
Shot Chart Detail,0022500965,115,201935,James Harden,1610612739,Cleveland Cavaliers,1,2,52,Missed Shot,Running Layup Shot,2PT Field Goal,Restricted Area,Center(C),Less Than 8 ft.,2,-1,22,1,0,20260313,DAL,CLE
Shot Chart Detail,0022500965,244,201935,James Harden,1610612739,Cleveland Cavaliers,2,5,33,Made Shot,Driving Finger Roll Layup Shot,2PT Field Goal,Restricted Area,Center(C),Less Than 8 ft.,2,-12,21,1,1,20260313,DAL,CLE
Shot Chart Detail,0022500965,247,201935,James Harden,1610612739,Cleveland Cavaliers,2,4,57,Made Shot,Step Back Jump shot,3PT Field Goal,Above the Break 3,Center(C),24+ ft.,26,-2,262,1,1,20260313,DAL,CLE
Shot Chart Detail,0022500965,276,201935,James Harden,1610612739,Cleveland Cavaliers,2,3,21,Missed Shot,Jump Shot,3PT Field Goal,Above the Break 3,Right Side Center(RC),24+ ft.,25,207,155,1,0,20260313,DAL,CLE
Shot Chart Detail,0022500965,299,201935,James Harden,1610612739,Cleveland Cavaliers,2,1,13,Made Shot,Running Jump Shot,3PT Field Goal,Above the Break 3,Right Side Center(RC),24+ ft.,26,227,131,1,1,20260313,DAL,CLE
Shot Chart Detail,0022500965,326,201935,James Harden,1610612739,Cleveland Cavaliers,3,10,43,Made Shot,Driving Layup Shot,2PT Field Goal,In The Paint (Non-RA),Center(C),Less Than 8 ft.,4,-28,34,1,1,20260313,DAL,CLE
Shot Chart Detail,0022500965,343,201935,James Harden,1610612739,Cleveland Cavaliers,3,8,27,Made Shot,Driving Floating Jump Shot,2PT Field Goal,In The Paint (Non-RA),Center(C),Less Than 8 ft.,7,-6,71,1,1,20260313,DAL,CLE
Shot Chart Detail,0022500965,375,201935,James Harden,1610612739,Cleveland Cavaliers,3,5,58,Made Shot,Step Back Jump shot,3PT Field Goal,Above the Break 3,Right Side Center(RC),24+ ft.,27,102,252,1,1,20260313,DAL,CLE
Shot Chart Detail,0022500965,389,201935,James Harden,1610612739,Cleveland Cavaliers,3,5,13,Missed Shot,Running Jump Shot,3PT Field Goal,Above the Break 3,Left Side Center(LC),24+ ft.,25,-230,109,1,0,20260313,DAL,CLE
Shot Chart Detail,0022500977,49,201935,James Harden,1610612739,Cleveland Cavaliers,1,8,40,Made Shot,Driving Layup Shot,2PT Field Goal,Restricted Area,Center(C),Less Than 8 ft.,0,4,0,1,1,20260315,CLE,DAL
Shot Chart Detail,0022500977,102,201935,James Harden,1610612739,Cleveland Cavaliers,1,3,46,Missed Shot,Jump Shot,3PT Field Goal,Above the Break 3,Left Side Center(LC),24+ ft.,27,-119,248,1,0,20260315,CLE,DAL
Shot Chart Detail,0022500977,221,201935,James Harden,1610612739,Cleveland Cavaliers,2,7,16,Missed Shot,Step Back Jump shot,3PT Field Goal,Above the Break 3,Left Side Center(LC),24+ ft.,25,-87,235,1,0,20260315,CLE,DAL
Shot Chart Detail,0022500977,239,201935,James Harden,1610612739,Cleveland Cavaliers,2,6,17,Missed Shot,Driving Floating Jump Shot,2PT Field Goal,In The Paint (Non-RA),Center(C),Less Than 8 ft.,7,-32,63,1,0,20260315,CLE,DAL
Shot Chart Detail,0022500977,248,201935,James Harden,1610612739,Cleveland Cavaliers,2,5,50,Missed Shot,Jump Shot,3PT Field Goal,Above the Break 3,Center(C),24+ ft.,26,-78,254,1,0,20260315,CLE,DAL
Shot Chart Detail,0022500977,277,201935,James Harden,1610612739,Cleveland Cavaliers,2,3,52,Missed Shot,Pullup Jump shot,2PT Field Goal,Mid-Range,Right Side(R),8-16 ft.,12,121,-6,1,0,20260315,CLE,DAL
Shot Chart Detail,0022500977,383,201935,James Harden,1610612739,Cleveland Cavaliers,3,9,36,Made Shot,Driving Layup Shot,2PT Field Goal,Restricted Area,Center(C),Less Than 8 ft.,2,-12,25,1,1,20260315,CLE,DAL
Shot Chart Detail,0022500977,562,201935,James Harden,1610612739,Cleveland Cavaliers,4,9,13,Missed Shot,Driving Floating Jump Shot,2PT Field Goal,Restricted Area,Center(C),Less Than 8 ft.,1,-11,14,1,0,20260315,CLE,DAL
Shot Chart Detail,0022500977,587,201935,James Harden,1610612739,Cleveland Cavaliers,4,7,56,Missed Shot,Running Layup Shot,2PT Field Goal,Restricted Area,Center(C),Less Than 8 ft.,2,-4,29,1,0,20260315,CLE,DAL
Shot Chart Detail,0022500977,623,201935,James Harden,1610612739,Cleveland Cavaliers,4,5,53,Made Shot,Jump Shot,3PT Field Goal,Above the Break 3,Left Side Center(LC),24+ ft.,24,-142,203,1,1,20260315,CLE,DAL
Shot Chart Detail,0022500977,653,201935,James Harden,1610612739,Cleveland Cavaliers,4,3,45,Made Shot,Driving Layup Shot,2PT Field Goal,Restricted Area,Center(C),Less Than 8 ft.,0,1,4,1,1,20260315,CLE,DAL
Shot Chart Detail,0022500977,699,201935,James Harden,1610612739,Cleveland Cavaliers,4,0,40,Missed Shot,Jump Shot,3PT Field Goal,Above the Break 3,Center(C),24+ ft.,25,5,255,1,0,20260315,CLE,DAL
Shot Chart Detail,0022500995,10,201935,James Harden,1610612739,Cleveland Cavaliers,1,11,31,Made Shot,Running Jump Shot,3PT Field Goal,Above the Break 3,Right Side Center(RC),24+ ft.,24,200,140,1,1,20260317,MIL,CLE
Shot Chart Detail,0022500995,93,201935,James Harden,1610612739,Cleveland Cavaliers,1,5,3,Made Shot,Step Back Jump shot,3PT Field Goal,Above the Break 3,Right Side Center(RC),24+ ft.,26,179,197,1,1,20260317,MIL,CLE
Shot Chart Detail,0022500995,111,201935,James Harden,1610612739,Cleveland Cavaliers,1,4,8,Made Shot,Driving Layup Shot,2PT Field Goal,Mid-Range,Left Side(L),8-16 ft.,10,-97,51,1,1,20260317,MIL,CLE
Shot Chart Detail,0022500995,119,201935,James Harden,1610612739,Cleveland Cavaliers,1,3,39,Made Shot,Driving Layup Shot,2PT Field Goal,Restricted Area,Center(C),Less Than 8 ft.,3,23,27,1,1,20260317,MIL,CLE
Shot Chart Detail,0022500995,122,201935,James Harden,1610612739,Cleveland Cavaliers,1,3,13,Missed Shot,Pullup Jump shot,3PT Field Goal,Above the Break 3,Center(C),24+ ft.,27,32,276,1,0,20260317,MIL,CLE
Shot Chart Detail,0022500995,224,201935,James Harden,1610612739,Cleveland Cavaliers,2,5,29,Made Shot,Running Layup Shot,2PT Field Goal,Restricted Area,Center(C),Less Than 8 ft.,2,-13,19,1,1,20260317,MIL,CLE
Shot Chart Detail,0022500995,246,201935,James Harden,1610612739,Cleveland Cavaliers,2,3,41,Made Shot,Driving Layup Shot,2PT Field Goal,Restricted Area,Center(C),Less Than 8 ft.,0,4,8,1,1,20260317,MIL,CLE
Shot Chart Detail,0022500995,356,201935,James Harden,1610612739,Cleveland Cavaliers,3,7,1,Missed Shot,Step Back Jump shot,3PT Field Goal,Above the Break 3,Left Side Center(LC),24+ ft.,25,-229,113,1,0,20260317,MIL,CLE
Shot Chart Detail,0022500995,392,201935,James Harden,1610612739,Cleveland Cavaliers,3,4,28,Missed Shot,Driving Layup Shot,2PT Field Goal,Restricted Area,Center(C),Less Than 8 ft.,3,-25,23,1,0,20260317,MIL,CLE
Shot Chart Detail,0022500995,555,201935,James Harden,1610612739,Cleveland Cavaliers,4,4,52,Made Shot,Driving Floating Jump Shot,2PT Field Goal,Restricted Area,Center(C),Less Than 8 ft.,3,-38,5,1,1,20260317,MIL,CLE
Shot Chart Detail,0022501011,35,201935,James Harden,1610612739,Cleveland Cavaliers,1,9,1,Missed Shot,Driving Floating Bank Jump Shot,2PT Field Goal,In The Paint (Non-RA),Center(C),Less Than 8 ft.,5,-27,43,1,0,20260319,CHI,CLE
Shot Chart Detail,0022501011,61,201935,James Harden,1610612739,Cleveland Cavaliers,1,7,12,Made Shot,Jump Shot,3PT Field Goal,Above the Break 3,Left Side Center(LC),24+ ft.,23,-178,158,1,1,20260319,CHI,CLE
Shot Chart Detail,0022501011,69,201935,James Harden,1610612739,Cleveland Cavaliers,1,6,54,Made Shot,Jump Shot,3PT Field Goal,Above the Break 3,Right Side Center(RC),24+ ft.,26,168,206,1,1,20260319,CHI,CLE
Shot Chart Detail,0022501011,73,201935,James Harden,1610612739,Cleveland Cavaliers,1,6,19,Missed Shot,Pullup Jump shot,3PT Field Goal,Above the Break 3,Right Side Center(RC),24+ ft.,24,167,180,1,0,20260319,CHI,CLE
Shot Chart Detail,0022501011,94,201935,James Harden,1610612739,Cleveland Cavaliers,1,4,32,Missed Shot,Step Back Jump shot,3PT Field Goal,Above the Break 3,Right Side Center(RC),24+ ft.,25,136,218,1,0,20260319,CHI,CLE
Shot Chart Detail,0022501011,122,201935,James Harden,1610612739,Cleveland Cavaliers,1,3,38,Made Shot,Step Back Jump shot,3PT Field Goal,Above the Break 3,Right Side Center(RC),24+ ft.,25,113,225,1,1,20260319,CHI,CLE
Shot Chart Detail,0022501011,130,201935,James Harden,1610612739,Cleveland Cavaliers,1,2,41,Missed Shot,Step Back Jump shot,3PT Field Goal,Above the Break 3,Center(C),24+ ft.,25,9,250,1,0,20260319,CHI,CLE
Shot Chart Detail,0022501011,154,201935,James Harden,1610612739,Cleveland Cavaliers,1,0,22,Missed Shot,Running Layup Shot,2PT Field Goal,Restricted Area,Center(C),Less Than 8 ft.,0,-1,4,1,0,20260319,CHI,CLE
Shot Chart Detail,0022501011,165,201935,James Harden,1610612739,Cleveland Cavaliers,1,0,2,Made Shot,Jump Shot,3PT Field Goal,Left Corner 3,Left Side(L),24+ ft.,23,-230,-13,1,1,20260319,CHI,CLE
Shot Chart Detail,0022501011,274,201935,James Harden,1610612739,Cleveland Cavaliers,2,5,41,Missed Shot,Pullup Jump shot,3PT Field Goal,Above the Break 3,Left Side Center(LC),24+ ft.,24,-121,218,1,0,20260319,CHI,CLE
Shot Chart Detail,0022501011,299,201935,James Harden,1610612739,Cleveland Cavaliers,2,4,28,Made Shot,Step Back Jump shot,3PT Field Goal,Above the Break 3,Right Side Center(RC),24+ ft.,26,192,185,1,1,20260319,CHI,CLE
Shot Chart Detail,0022501011,309,201935,James Harden,1610612739,Cleveland Cavaliers,2,3,30,Missed Shot,Driving Floating Jump Shot,2PT Field Goal,In The Paint (Non-RA),Center(C),Less Than 8 ft.,5,15,52,1,0,20260319,CHI,CLE
Shot Chart Detail,0022501011,319,201935,James Harden,1610612739,Cleveland Cavaliers,2,3,10,Missed Shot,Running Layup Shot,2PT Field Goal,Restricted Area,Center(C),Less Than 8 ft.,2,-17,11,1,0,20260319,CHI,CLE
Shot Chart Detail,0022501011,412,201935,James Harden,1610612739,Cleveland Cavaliers,3,9,18,Missed Shot,Driving Layup Shot,2PT Field Goal,Restricted Area,Center(C),Less Than 8 ft.,1,-13,11,1,0,20260319,CHI,CLE
Shot Chart Detail,0022501011,445,201935,James Harden,1610612739,Cleveland Cavaliers,3,6,56,Made Shot,Jump Shot,3PT Field Goal,Left Corner 3,Left Side(L),24+ ft.,23,-233,-1,1,1,20260319,CHI,CLE
Shot Chart Detail,0022501011,471,201935,James Harden,1610612739,Cleveland Cavaliers,3,5,43,Made Shot,Step Back Jump shot,3PT Field Goal,Above the Break 3,Center(C),24+ ft.,24,65,241,1,1,20260319,CHI,CLE
Shot Chart Detail,0022501011,497,201935,James Harden,1610612739,Cleveland Cavaliers,3,3,35,Missed Shot,Driving Floating Jump Shot,2PT Field Goal,In The Paint (Non-RA),Center(C),Less Than 8 ft.,6,-42,54,1,0,20260319,CHI,CLE
Shot Chart Detail,0022501011,607,201935,James Harden,1610612739,Cleveland Cavaliers,4,8,38,Missed Shot,Step Back Jump shot,3PT Field Goal,Above the Break 3,Left Side Center(LC),24+ ft.,28,-172,222,1,0,20260319,CHI,CLE
Shot Chart Detail,0022501011,611,201935,James Harden,1610612739,Cleveland Cavaliers,4,8,10,Made Shot,Driving Floating Jump Shot,2PT Field Goal,In The Paint (Non-RA),Center(C),Less Than 8 ft.,6,-37,59,1,1,20260319,CHI,CLE
Shot Chart Detail,0022501011,664,201935,James Harden,1610612739,Cleveland Cavaliers,4,4,47,Made Shot,Step Back Jump shot,2PT Field Goal,In The Paint (Non-RA),Center(C),8-16 ft.,12,-33,123,1,1,20260319,CHI,CLE
Shot Chart Detail,0022501011,674,201935,James Harden,1610612739,Cleveland Cavaliers,4,4,6,Missed Shot,Step Back Jump shot,3PT Field Goal,Above the Break 3,Center(C),24+ ft.,26,32,263,1,0,20260319,CHI,CLE
Shot Chart Detail,0022501011,706,201935,James Harden,1610612739,Cleveland Cavaliers,4,1,17,Missed Shot,Step Back Jump shot,2PT Field Goal,Mid-Range,Right Side(R),8-16 ft.,11,115,-13,1,0,20260319,CHI,CLE
Shot Chart Detail,0022501011,712,201935,James Harden,1610612739,Cleveland Cavaliers,4,0,32,Made Shot,Pullup Jump shot,2PT Field Goal,Mid-Range,Center(C),16-24 ft.,18,-51,175,1,1,20260319,CHI,CLE
Shot Chart Detail,0022501025,68,201935,James Harden,1610612739,Cleveland Cavaliers,1,6,32,Missed Shot,Running Jump Shot,3PT Field Goal,Above the Break 3,Right Side Center(RC),24+ ft.,24,185,155,1,0,20260321,NOP,CLE
Shot Chart Detail,0022501025,217,201935,James Harden,1610612739,Cleveland Cavaliers,2,8,24,Missed Shot,Jump Shot,3PT Field Goal,Right Corner 3,Right Side(R),24+ ft.,23,237,33,1,0,20260321,NOP,CLE
Shot Chart Detail,0022501025,257,201935,James Harden,1610612739,Cleveland Cavaliers,2,5,49,Missed Shot,Step Back Jump shot,3PT Field Goal,Above the Break 3,Left Side Center(LC),24+ ft.,25,-202,159,1,0,20260321,NOP,CLE
Shot Chart Detail,0022501025,294,201935,James Harden,1610612739,Cleveland Cavaliers,2,3,4,Missed Shot,Jump Shot,2PT Field Goal,Mid-Range,Left Side(L),8-16 ft.,14,-135,41,1,0,20260321,NOP,CLE
Shot Chart Detail,0022501025,317,201935,James Harden,1610612739,Cleveland Cavaliers,2,1,11,Missed Shot,Pullup Jump shot,3PT Field Goal,Left Corner 3,Left Side(L),24+ ft.,24,-229,83,1,0,20260321,NOP,CLE
Shot Chart Detail,0022501025,344,201935,James Harden,1610612739,Cleveland Cavaliers,3,10,15,Missed Shot,Driving Floating Jump Shot,2PT Field Goal,In The Paint (Non-RA),Center(C),8-16 ft.,8,18,83,1,0,20260321,NOP,CLE
Shot Chart Detail,0022501025,370,201935,James Harden,1610612739,Cleveland Cavaliers,3,8,24,Made Shot,Driving Layup Shot,2PT Field Goal,Restricted Area,Center(C),Less Than 8 ft.,1,-10,4,1,1,20260321,NOP,CLE
Shot Chart Detail,0022501025,408,201935,James Harden,1610612739,Cleveland Cavaliers,3,4,54,Made Shot,Running Layup Shot,2PT Field Goal,Restricted Area,Center(C),Less Than 8 ft.,1,-12,9,1,1,20260321,NOP,CLE
Shot Chart Detail,0022501025,428,201935,James Harden,1610612739,Cleveland Cavaliers,3,3,49,Made Shot,Pullup Jump shot,3PT Field Goal,Above the Break 3,Center(C),24+ ft.,24,9,248,1,1,20260321,NOP,CLE
Shot Chart Detail,0022501025,531,201935,James Harden,1610612739,Cleveland Cavaliers,4,9,25,Made Shot,Running Pull-Up Jump Shot,3PT Field Goal,Above the Break 3,Center(C),24+ ft.,24,-31,246,1,1,20260321,NOP,CLE
Shot Chart Detail,0022501025,534,201935,James Harden,1610612739,Cleveland Cavaliers,4,9,5,Made Shot,Pullup Jump shot,3PT Field Goal,Above the Break 3,Right Side Center(RC),24+ ft.,24,168,183,1,1,20260321,NOP,CLE
Shot Chart Detail,0022501025,560,201935,James Harden,1610612739,Cleveland Cavaliers,4,7,25,Made Shot,Driving Reverse Layup Shot,2PT Field Goal,Restricted Area,Center(C),Less Than 8 ft.,1,-7,11,1,1,20260321,NOP,CLE
Shot Chart Detail,0022501025,566,201935,James Harden,1610612739,Cleveland Cavaliers,4,7,3,Missed Shot,Jump Shot,3PT Field Goal,Above the Break 3,Center(C),24+ ft.,25,-38,248,1,0,20260321,NOP,CLE
Shot Chart Detail,0022501025,568,201935,James Harden,1610612739,Cleveland Cavaliers,4,6,56,Made Shot,Jump Shot,3PT Field Goal,Above the Break 3,Center(C),24+ ft.,25,-4,252,1,1,20260321,NOP,CLE
Shot Chart Detail,0022501025,607,201935,James Harden,1610612739,Cleveland Cavaliers,4,3,33,Made Shot,Driving Floating Jump Shot,2PT Field Goal,In The Paint (Non-RA),Center(C),8-16 ft.,8,40,74,1,1,20260321,NOP,CLE
Shot Chart Detail,0022501025,617,201935,James Harden,1610612739,Cleveland Cavaliers,4,2,38,Missed Shot,Driving Layup Shot,2PT Field Goal,In The Paint (Non-RA),Right Side(R),8-16 ft.,11,64,100,1,0,20260321,NOP,CLE
Shot Chart Detail,0022501025,648,201935,James Harden,1610612739,Cleveland Cavaliers,4,0,49,Missed Shot,Step Back Jump shot,2PT Field Goal,Mid-Range,Left Side(L),8-16 ft.,12,-120,6,1,0,20260321,NOP,CLE
Shot Chart Detail,0022501049,36,201935,James Harden,1610612739,Cleveland Cavaliers,1,8,50,Missed Shot,Jump Shot,3PT Field Goal,Above the Break 3,Left Side Center(LC),24+ ft.,26,-167,207,1,0,20260324,CLE,ORL
Shot Chart Detail,0022501049,51,201935,James Harden,1610612739,Cleveland Cavaliers,1,7,16,Made Shot,Running Dunk Shot,2PT Field Goal,Restricted Area,Center(C),Less Than 8 ft.,0,2,4,1,1,20260324,CLE,ORL
Shot Chart Detail,0022501049,74,201935,James Harden,1610612739,Cleveland Cavaliers,1,5,1,Made Shot,Driving Finger Roll Layup Shot,2PT Field Goal,Restricted Area,Center(C),Less Than 8 ft.,1,-10,13,1,1,20260324,CLE,ORL
Shot Chart Detail,0022501049,85,201935,James Harden,1610612739,Cleveland Cavaliers,1,4,19,Made Shot,Driving Floating Jump Shot,2PT Field Goal,Mid-Range,Left Side(L),8-16 ft.,12,-91,85,1,1,20260324,CLE,ORL
Shot Chart Detail,0022501049,216,201935,James Harden,1610612739,Cleveland Cavaliers,2,7,34,Made Shot,Step Back Jump shot,3PT Field Goal,Above the Break 3,Left Side Center(LC),24+ ft.,25,-172,189,1,1,20260324,CLE,ORL
Shot Chart Detail,0022501049,224,201935,James Harden,1610612739,Cleveland Cavaliers,2,6,42,Made Shot,Step Back Jump shot,3PT Field Goal,Above the Break 3,Right Side Center(RC),24+ ft.,24,212,123,1,1,20260324,CLE,ORL
Shot Chart Detail,0022501049,233,201935,James Harden,1610612739,Cleveland Cavaliers,2,6,16,Missed Shot,Running Pull-Up Jump Shot,3PT Field Goal,Above the Break 3,Left Side Center(LC),24+ ft.,29,-169,241,1,0,20260324,CLE,ORL
Shot Chart Detail,0022501049,255,201935,James Harden,1610612739,Cleveland Cavaliers,2,4,14,Made Shot,Step Back Jump shot,2PT Field Goal,In The Paint (Non-RA),Right Side(R),8-16 ft.,11,80,76,1,1,20260324,CLE,ORL
Shot Chart Detail,0022501049,258,201935,James Harden,1610612739,Cleveland Cavaliers,2,3,37,Missed Shot,Step Back Jump shot,2PT Field Goal,Mid-Range,Right Side(R),8-16 ft.,13,102,95,1,0,20260324,CLE,ORL
Shot Chart Detail,0022501049,313,201935,James Harden,1610612739,Cleveland Cavaliers,2,0,0,Made Shot,Step Back Jump shot,3PT Field Goal,Above the Break 3,Left Side Center(LC),24+ ft.,25,-194,165,1,1,20260324,CLE,ORL
Shot Chart Detail,0022501049,410,201935,James Harden,1610612739,Cleveland Cavaliers,3,3,40,Made Shot,Pullup Jump shot,3PT Field Goal,Above the Break 3,Right Side Center(RC),24+ ft.,25,188,179,1,1,20260324,CLE,ORL
Shot Chart Detail,0022501049,521,201935,James Harden,1610612739,Cleveland Cavaliers,4,8,32,Missed Shot,Driving Floating Bank Jump Shot,2PT Field Goal,In The Paint (Non-RA),Center(C),Less Than 8 ft.,4,-39,29,1,0,20260324,CLE,ORL
Shot Chart Detail,0022501049,561,201935,James Harden,1610612739,Cleveland Cavaliers,4,6,9,Missed Shot,Driving Layup Shot,2PT Field Goal,Restricted Area,Center(C),Less Than 8 ft.,0,1,3,1,0,20260324,CLE,ORL
Shot Chart Detail,0022501049,611,201935,James Harden,1610612739,Cleveland Cavaliers,4,2,14,Missed Shot,Driving Layup Shot,2PT Field Goal,In The Paint (Non-RA),Center(C),Less Than 8 ft.,4,15,47,1,0,20260324,CLE,ORL
Shot Chart Detail,0022501049,627,201935,James Harden,1610612739,Cleveland Cavaliers,4,1,14,Missed Shot,Pullup Jump shot,2PT Field Goal,Mid-Range,Left Side(L),16-24 ft.,16,-161,8,1,0,20260324,CLE,ORL
Shot Chart Detail,0022501049,636,201935,James Harden,1610612739,Cleveland Cavaliers,4,0,42,Missed Shot,Driving Floating Jump Shot,2PT Field Goal,Restricted Area,Center(C),Less Than 8 ft.,1,-16,0,1,0,20260324,CLE,ORL
Shot Chart Detail,0022501055,28,201935,James Harden,1610612739,Cleveland Cavaliers,1,9,33,Missed Shot,Pullup Jump shot,3PT Field Goal,Above the Break 3,Center(C),24+ ft.,26,-1,269,1,0,20260325,CLE,MIA
Shot Chart Detail,0022501055,84,201935,James Harden,1610612739,Cleveland Cavaliers,1,4,38,Made Shot,Pullup Jump shot,3PT Field Goal,Above the Break 3,Left Side Center(LC),24+ ft.,26,-98,241,1,1,20260325,CLE,MIA
Shot Chart Detail,0022501055,144,201935,James Harden,1610612739,Cleveland Cavaliers,1,0,50,Missed Shot,Jump Shot,3PT Field Goal,Above the Break 3,Right Side Center(RC),24+ ft.,26,229,134,1,0,20260325,CLE,MIA
Shot Chart Detail,0022501055,325,201935,James Harden,1610612739,Cleveland Cavaliers,3,11,46,Made Shot,Driving Finger Roll Layup Shot,2PT Field Goal,Restricted Area,Center(C),Less Than 8 ft.,1,7,10,1,1,20260325,CLE,MIA
Shot Chart Detail,0022501055,366,201935,James Harden,1610612739,Cleveland Cavaliers,3,7,43,Missed Shot,Running Jump Shot,3PT Field Goal,Above the Break 3,Left Side Center(LC),24+ ft.,24,-194,157,1,0,20260325,CLE,MIA
Shot Chart Detail,0022501055,441,201935,James Harden,1610612739,Cleveland Cavaliers,3,2,36,Missed Shot,Pullup Jump shot,3PT Field Goal,Above the Break 3,Center(C),24+ ft.,25,38,248,1,0,20260325,CLE,MIA
Shot Chart Detail,0022501055,454,201935,James Harden,1610612739,Cleveland Cavaliers,3,1,13,Made Shot,Jump Shot,3PT Field Goal,Above the Break 3,Left Side Center(LC),24+ ft.,24,-123,214,1,1,20260325,CLE,MIA
Shot Chart Detail,0022501055,568,201935,James Harden,1610612739,Cleveland Cavaliers,4,6,8,Missed Shot,Jump Shot,3PT Field Goal,Above the Break 3,Right Side Center(RC),24+ ft.,25,213,147,1,0,20260325,CLE,MIA
Shot Chart Detail,0022501055,608,201935,James Harden,1610612739,Cleveland Cavaliers,4,3,24,Missed Shot,Jump Shot,3PT Field Goal,Above the Break 3,Left Side Center(LC),24+ ft.,25,-119,220,1,0,20260325,CLE,MIA
Shot Chart Detail,0022501055,616,201935,James Harden,1610612739,Cleveland Cavaliers,4,2,44,Made Shot,Jump Shot,3PT Field Goal,Above the Break 3,Left Side Center(LC),24+ ft.,24,-121,214,1,1,20260325,CLE,MIA
Shot Chart Detail,0022501068,82,201935,James Harden,1610612739,Cleveland Cavaliers,1,5,43,Missed Shot,Pullup Jump shot,3PT Field Goal,Above the Break 3,Left Side Center(LC),24+ ft.,25,-129,218,1,0,20260327,CLE,MIA
Shot Chart Detail,0022501068,231,201935,James Harden,1610612739,Cleveland Cavaliers,2,8,7,Made Shot,Turnaround Fadeaway shot,2PT Field Goal,In The Paint (Non-RA),Center(C),8-16 ft.,12,-39,118,1,1,20260327,CLE,MIA
Shot Chart Detail,0022501068,234,201935,James Harden,1610612739,Cleveland Cavaliers,2,7,54,Made Shot,Running Pull-Up Jump Shot,3PT Field Goal,Above the Break 3,Center(C),24+ ft.,25,58,252,1,1,20260327,CLE,MIA
Shot Chart Detail,0022501068,252,201935,James Harden,1610612739,Cleveland Cavaliers,2,6,55,Missed Shot,Driving Layup Shot,2PT Field Goal,Restricted Area,Center(C),Less Than 8 ft.,1,-16,-8,1,0,20260327,CLE,MIA
Shot Chart Detail,0022501068,256,201935,James Harden,1610612739,Cleveland Cavaliers,2,6,31,Missed Shot,Driving Finger Roll Layup Shot,2PT Field Goal,Restricted Area,Center(C),Less Than 8 ft.,0,-1,6,1,0,20260327,CLE,MIA
Shot Chart Detail,0022501068,287,201935,James Harden,1610612739,Cleveland Cavaliers,2,4,53,Made Shot,Driving Floating Jump Shot,2PT Field Goal,In The Paint (Non-RA),Left Side(L),8-16 ft.,10,-74,71,1,1,20260327,CLE,MIA
Shot Chart Detail,0022501068,349,201935,James Harden,1610612739,Cleveland Cavaliers,2,0,30,Made Shot,Pullup Jump shot,3PT Field Goal,Above the Break 3,Right Side Center(RC),24+ ft.,26,93,246,1,1,20260327,CLE,MIA
Shot Chart Detail,0022501068,410,201935,James Harden,1610612739,Cleveland Cavaliers,3,7,4,Missed Shot,Jump Shot,3PT Field Goal,Above the Break 3,Center(C),24+ ft.,24,-36,243,1,0,20260327,CLE,MIA
Shot Chart Detail,0022501068,414,201935,James Harden,1610612739,Cleveland Cavaliers,3,6,44,Missed Shot,Jump Shot,3PT Field Goal,Above the Break 3,Right Side Center(RC),24+ ft.,26,190,180,1,0,20260327,CLE,MIA
Shot Chart Detail,0022501068,567,201935,James Harden,1610612739,Cleveland Cavaliers,4,9,30,Missed Shot,Fadeaway Jump Shot,2PT Field Goal,Mid-Range,Left Side(L),8-16 ft.,13,-113,80,1,0,20260327,CLE,MIA
Shot Chart Detail,0022501068,618,201935,James Harden,1610612739,Cleveland Cavaliers,4,6,25,Missed Shot,Pullup Jump shot,3PT Field Goal,Above the Break 3,Center(C),24+ ft.,26,4,264,1,0,20260327,CLE,MIA
Shot Chart Detail,0022501096,17,201935,James Harden,1610612739,Cleveland Cavaliers,1,10,41,Made Shot,Step Back Jump shot,2PT Field Goal,In The Paint (Non-RA),Right Side(R),8-16 ft.,11,65,92,1,1,20260330,UTA,CLE
Shot Chart Detail,0022501096,20,201935,James Harden,1610612739,Cleveland Cavaliers,1,10,16,Missed Shot,Jump Shot,3PT Field Goal,Above the Break 3,Right Side Center(RC),24+ ft.,25,216,132,1,0,20260330,UTA,CLE
Shot Chart Detail,0022501096,79,201935,James Harden,1610612739,Cleveland Cavaliers,1,5,17,Made Shot,Driving Layup Shot,2PT Field Goal,In The Paint (Non-RA),Center(C),Less Than 8 ft.,4,-43,21,1,1,20260330,UTA,CLE
Shot Chart Detail,0022501096,116,201935,James Harden,1610612739,Cleveland Cavaliers,1,1,57,Made Shot,Jump Shot,3PT Field Goal,Above the Break 3,Left Side Center(LC),24+ ft.,28,-196,209,1,1,20260330,UTA,CLE
Shot Chart Detail,0022501096,370,201935,James Harden,1610612739,Cleveland Cavaliers,3,8,17,Missed Shot,Jump Shot,3PT Field Goal,Above the Break 3,Left Side Center(LC),24+ ft.,27,-157,222,1,0,20260330,UTA,CLE
Shot Chart Detail,0022501096,426,201935,James Harden,1610612739,Cleveland Cavaliers,3,4,52,Missed Shot,Step Back Jump shot,3PT Field Goal,Above the Break 3,Center(C),24+ ft.,24,-6,246,1,0,20260330,UTA,CLE
Shot Chart Detail,0022501096,446,201935,James Harden,1610612739,Cleveland Cavaliers,3,3,43,Made Shot,Driving Floating Jump Shot,2PT Field Goal,In The Paint (Non-RA),Center(C),8-16 ft.,8,5,83,1,1,20260330,UTA,CLE
Shot Chart Detail,0022501096,471,201935,James Harden,1610612739,Cleveland Cavaliers,3,1,1,Missed Shot,Step Back Jump shot,3PT Field Goal,Above the Break 3,Center(C),24+ ft.,25,21,250,1,0,20260330,UTA,CLE
Shot Chart Detail,0022501096,560,201935,James Harden,1610612739,Cleveland Cavaliers,4,8,7,Missed Shot,Driving Floating Jump Shot,2PT Field Goal,In The Paint (Non-RA),Center(C),8-16 ft.,11,42,106,1,0,20260330,UTA,CLE
Shot Chart Detail,0022501103,42,201935,James Harden,1610612739,Cleveland Cavaliers,1,8,36,Made Shot,Pullup Jump shot,2PT Field Goal,Mid-Range,Left Side(L),8-16 ft.,13,-83,101,1,1,20260331,LAL,CLE
Shot Chart Detail,0022501103,48,201935,James Harden,1610612739,Cleveland Cavaliers,1,7,49,Missed Shot,Step Back Jump shot,2PT Field Goal,In The Paint (Non-RA),Left Side(L),8-16 ft.,9,-72,62,1,0,20260331,LAL,CLE
Shot Chart Detail,0022501103,54,201935,James Harden,1610612739,Cleveland Cavaliers,1,7,18,Made Shot,Pullup Jump shot,3PT Field Goal,Above the Break 3,Right Side Center(RC),24+ ft.,25,163,194,1,1,20260331,LAL,CLE
Shot Chart Detail,0022501103,70,201935,James Harden,1610612739,Cleveland Cavaliers,1,6,15,Missed Shot,Driving Layup Shot,2PT Field Goal,Restricted Area,Center(C),Less Than 8 ft.,2,-28,5,1,0,20260331,LAL,CLE
Shot Chart Detail,0022501103,85,201935,James Harden,1610612739,Cleveland Cavaliers,1,4,41,Made Shot,Driving Floating Jump Shot,2PT Field Goal,In The Paint (Non-RA),Center(C),Less Than 8 ft.,7,-18,76,1,1,20260331,LAL,CLE
Shot Chart Detail,0022501103,97,201935,James Harden,1610612739,Cleveland Cavaliers,1,4,9,Missed Shot,Step Back Jump shot,2PT Field Goal,In The Paint (Non-RA),Center(C),8-16 ft.,10,-32,100,1,0,20260331,LAL,CLE
Shot Chart Detail,0022501103,246,201935,James Harden,1610612739,Cleveland Cavaliers,2,6,39,Missed Shot,Driving Floating Jump Shot,2PT Field Goal,Mid-Range,Right Side(R),8-16 ft.,9,90,7,1,0,20260331,LAL,CLE
Shot Chart Detail,0022501103,274,201935,James Harden,1610612739,Cleveland Cavaliers,2,3,56,Missed Shot,Step Back Jump shot,3PT Field Goal,Above the Break 3,Right Side Center(RC),24+ ft.,27,143,231,1,0,20260331,LAL,CLE
Shot Chart Detail,0022501103,291,201935,James Harden,1610612739,Cleveland Cavaliers,2,2,31,Missed Shot,Jump Shot,3PT Field Goal,Above the Break 3,Right Side Center(RC),24+ ft.,24,229,99,1,0,20260331,LAL,CLE
Shot Chart Detail,0022501103,355,201935,James Harden,1610612739,Cleveland Cavaliers,3,9,38,Made Shot,Pullup Jump shot,3PT Field Goal,Above the Break 3,Center(C),24+ ft.,26,-53,263,1,1,20260331,LAL,CLE
Shot Chart Detail,0022501103,370,201935,James Harden,1610612739,Cleveland Cavaliers,3,8,10,Missed Shot,Step Back Jump shot,3PT Field Goal,Above the Break 3,Center(C),24+ ft.,28,70,281,1,0,20260331,LAL,CLE
Shot Chart Detail,0022501103,412,201935,James Harden,1610612739,Cleveland Cavaliers,3,4,57,Made Shot,Step Back Jump shot,2PT Field Goal,In The Paint (Non-RA),Center(C),8-16 ft.,14,42,134,1,1,20260331,LAL,CLE
Shot Chart Detail,0022501103,415,201935,James Harden,1610612739,Cleveland Cavaliers,3,4,19,Made Shot,Driving Layup Shot,2PT Field Goal,Restricted Area,Center(C),Less Than 8 ft.,2,-20,20,1,1,20260331,LAL,CLE
Shot Chart Detail,0022501117,104,201935,James Harden,1610612739,Cleveland Cavaliers,1,4,34,Made Shot,Step Back Jump shot,2PT Field Goal,Mid-Range,Right Side(R),8-16 ft.,9,85,52,1,1,20260402,GSW,CLE
Shot Chart Detail,0022501117,216,201935,James Harden,1610612739,Cleveland Cavaliers,2,9,47,Missed Shot,Pullup Jump shot,3PT Field Goal,Above the Break 3,Center(C),24+ ft.,26,-60,259,1,0,20260402,GSW,CLE
Shot Chart Detail,0022501117,259,201935,James Harden,1610612739,Cleveland Cavaliers,2,6,34,Made Shot,Step Back Jump shot,3PT Field Goal,Above the Break 3,Right Side Center(RC),24+ ft.,26,165,210,1,1,20260402,GSW,CLE
Shot Chart Detail,0022501117,262,201935,James Harden,1610612739,Cleveland Cavaliers,2,5,56,Made Shot,Driving Floating Jump Shot,2PT Field Goal,In The Paint (Non-RA),Center(C),Less Than 8 ft.,6,27,62,1,1,20260402,GSW,CLE
Shot Chart Detail,0022501117,342,201935,James Harden,1610612739,Cleveland Cavaliers,2,0,40,Missed Shot,Step Back Jump shot,3PT Field Goal,Above the Break 3,Center(C),24+ ft.,26,-39,259,1,0,20260402,GSW,CLE
Shot Chart Detail,0022501117,385,201935,James Harden,1610612739,Cleveland Cavaliers,3,10,28,Made Shot,Pullup Jump shot,3PT Field Goal,Above the Break 3,Right Side Center(RC),24+ ft.,28,169,226,1,1,20260402,GSW,CLE
Shot Chart Detail,0022501117,435,201935,James Harden,1610612739,Cleveland Cavaliers,3,7,9,Made Shot,Step Back Jump shot,3PT Field Goal,Above the Break 3,Center(C),24+ ft.,27,-48,274,1,1,20260402,GSW,CLE
Shot Chart Detail,0022501117,440,201935,James Harden,1610612739,Cleveland Cavaliers,3,5,58,Missed Shot,Step Back Jump shot,3PT Field Goal,Above the Break 3,Right Side Center(RC),24+ ft.,28,137,250,1,0,20260402,GSW,CLE
Shot Chart Detail,0022501117,597,201935,James Harden,1610612739,Cleveland Cavaliers,4,7,35,Missed Shot,Driving Layup Shot,2PT Field Goal,In The Paint (Non-RA),Center(C),Less Than 8 ft.,5,-40,38,1,0,20260402,GSW,CLE
Shot Chart Detail,0022501117,640,201935,James Harden,1610612739,Cleveland Cavaliers,4,4,35,Made Shot,Driving Layup Shot,2PT Field Goal,In The Paint (Non-RA),Center(C),Less Than 8 ft.,4,27,32,1,1,20260402,GSW,CLE
Shot Chart Detail,0022501117,683,201935,James Harden,1610612739,Cleveland Cavaliers,4,0,21,Made Shot,Driving Floating Jump Shot,2PT Field Goal,In The Paint (Non-RA),Center(C),8-16 ft.,11,13,111,1,1,20260402,GSW,CLE
Shot Chart Detail,0022501136,38,201935,James Harden,1610612739,Cleveland Cavaliers,1,9,23,Made Shot,Jump Shot,3PT Field Goal,Above the Break 3,Center(C),24+ ft.,26,-69,252,1,1,20260405,CLE,IND
Shot Chart Detail,0022501136,59,201935,James Harden,1610612739,Cleveland Cavaliers,1,7,58,Missed Shot,Step Back Jump shot,3PT Field Goal,Above the Break 3,Right Side Center(RC),24+ ft.,25,223,114,1,0,20260405,CLE,IND
Shot Chart Detail,0022501136,77,201935,James Harden,1610612739,Cleveland Cavaliers,1,6,35,Made Shot,Driving Finger Roll Layup Shot,2PT Field Goal,Restricted Area,Center(C),Less Than 8 ft.,1,0,15,1,1,20260405,CLE,IND
Shot Chart Detail,0022501136,106,201935,James Harden,1610612739,Cleveland Cavaliers,1,4,48,Missed Shot,Jump Shot,3PT Field Goal,Above the Break 3,Right Side Center(RC),24+ ft.,25,195,171,1,0,20260405,CLE,IND
Shot Chart Detail,0022501136,131,201935,James Harden,1610612739,Cleveland Cavaliers,1,2,33,Missed Shot,Pullup Jump shot,2PT Field Goal,Mid-Range,Center(C),16-24 ft.,19,-55,184,1,0,20260405,CLE,IND
Shot Chart Detail,0022501136,243,201935,James Harden,1610612739,Cleveland Cavaliers,2,7,11,Made Shot,Jump Shot,3PT Field Goal,Above the Break 3,Center(C),24+ ft.,25,-76,240,1,1,20260405,CLE,IND
Shot Chart Detail,0022501136,308,201935,James Harden,1610612739,Cleveland Cavaliers,2,3,43,Made Shot,Jump Shot,3PT Field Goal,Left Corner 3,Left Side(L),24+ ft.,23,-234,6,1,1,20260405,CLE,IND
Shot Chart Detail,0022501136,339,201935,James Harden,1610612739,Cleveland Cavaliers,2,1,58,Made Shot,Step Back Jump shot,3PT Field Goal,Above the Break 3,Right Side Center(RC),24+ ft.,26,217,151,1,1,20260405,CLE,IND
Shot Chart Detail,0022501136,406,201935,James Harden,1610612739,Cleveland Cavaliers,3,8,47,Made Shot,Fadeaway Jump Shot,2PT Field Goal,In The Paint (Non-RA),Center(C),8-16 ft.,14,-69,125,1,1,20260405,CLE,IND
Shot Chart Detail,0022501136,445,201935,James Harden,1610612739,Cleveland Cavaliers,3,6,31,Missed Shot,Step Back Jump shot,3PT Field Goal,Above the Break 3,Right Side Center(RC),24+ ft.,25,225,112,1,0,20260405,CLE,IND
Shot Chart Detail,0022501136,460,201935,James Harden,1610612739,Cleveland Cavaliers,3,5,22,Missed Shot,Step Back Jump shot,3PT Field Goal,Above the Break 3,Right Side Center(RC),24+ ft.,25,206,147,1,0,20260405,CLE,IND
Shot Chart Detail,0022501136,480,201935,James Harden,1610612739,Cleveland Cavaliers,3,4,38,Missed Shot,Driving Hook Shot,2PT Field Goal,In The Paint (Non-RA),Center(C),Less Than 8 ft.,6,4,63,1,0,20260405,CLE,IND
Shot Chart Detail,0022501136,605,201935,James Harden,1610612739,Cleveland Cavaliers,4,7,17,Made Shot,Pullup Jump shot,3PT Field Goal,Above the Break 3,Right Side Center(RC),24+ ft.,26,169,201,1,1,20260405,CLE,IND
Shot Chart Detail,0022501136,608,201935,James Harden,1610612739,Cleveland Cavaliers,4,6,55,Missed Shot,Pullup Jump shot,3PT Field Goal,Above the Break 3,Right Side Center(RC),24+ ft.,25,200,152,1,0,20260405,CLE,IND
Shot Chart Detail,0022501136,636,201935,James Harden,1610612739,Cleveland Cavaliers,4,5,6,Missed Shot,Pullup Jump shot,3PT Field Goal,Above the Break 3,Right Side Center(RC),24+ ft.,25,195,160,1,0,20260405,CLE,IND
Shot Chart Detail,0022501136,653,201935,James Harden,1610612739,Cleveland Cavaliers,4,3,36,Made Shot,Driving Layup Shot,2PT Field Goal,Restricted Area,Center(C),Less Than 8 ft.,1,10,17,1,1,20260405,CLE,IND
Shot Chart Detail,0022501136,670,201935,James Harden,1610612739,Cleveland Cavaliers,4,2,32,Missed Shot,Turnaround Fadeaway shot,2PT Field Goal,In The Paint (Non-RA),Center(C),8-16 ft.,13,-56,127,1,0,20260405,CLE,IND
Shot Chart Detail,0022501158,17,201935,James Harden,1610612739,Cleveland Cavaliers,1,11,5,Made Shot,Jump Shot,3PT Field Goal,Above the Break 3,Left Side Center(LC),24+ ft.,24,-233,88,1,1,20260408,CLE,ATL
Shot Chart Detail,0022501158,26,201935,James Harden,1610612739,Cleveland Cavaliers,1,10,10,Missed Shot,Jump Shot,3PT Field Goal,Above the Break 3,Right Side Center(RC),24+ ft.,25,203,155,1,0,20260408,CLE,ATL
Shot Chart Detail,0022501158,30,201935,James Harden,1610612739,Cleveland Cavaliers,1,9,37,Missed Shot,Pullup Jump shot,2PT Field Goal,In The Paint (Non-RA),Center(C),8-16 ft.,12,64,111,1,0,20260408,CLE,ATL
Shot Chart Detail,0022501158,34,201935,James Harden,1610612739,Cleveland Cavaliers,1,9,7,Made Shot,Driving Floating Jump Shot,2PT Field Goal,In The Paint (Non-RA),Center(C),Less Than 8 ft.,7,-49,59,1,1,20260408,CLE,ATL
Shot Chart Detail,0022501158,67,201935,James Harden,1610612739,Cleveland Cavaliers,1,6,37,Missed Shot,Turnaround Bank shot,2PT Field Goal,In The Paint (Non-RA),Center(C),Less Than 8 ft.,7,-66,34,1,0,20260408,CLE,ATL
Shot Chart Detail,0022501158,91,201935,James Harden,1610612739,Cleveland Cavaliers,1,4,23,Missed Shot,Driving Floating Jump Shot,2PT Field Goal,In The Paint (Non-RA),Center(C),Less Than 8 ft.,6,-48,41,1,0,20260408,CLE,ATL
Shot Chart Detail,0022501158,95,201935,James Harden,1610612739,Cleveland Cavaliers,1,4,6,Missed Shot,Running Pull-Up Jump Shot,2PT Field Goal,In The Paint (Non-RA),Center(C),Less Than 8 ft.,6,29,59,1,0,20260408,CLE,ATL
Shot Chart Detail,0022501158,256,201935,James Harden,1610612739,Cleveland Cavaliers,2,6,32,Missed Shot,Driving Floating Bank Jump Shot,2PT Field Goal,Mid-Range,Left Side(L),8-16 ft.,11,-110,25,1,0,20260408,CLE,ATL
Shot Chart Detail,0022501158,278,201935,James Harden,1610612739,Cleveland Cavaliers,2,5,3,Missed Shot,Driving Floating Jump Shot,2PT Field Goal,In The Paint (Non-RA),Center(C),Less Than 8 ft.,6,-31,60,1,0,20260408,CLE,ATL
Shot Chart Detail,0022501158,283,201935,James Harden,1610612739,Cleveland Cavaliers,2,4,30,Made Shot,Driving Floating Bank Jump Shot,2PT Field Goal,In The Paint (Non-RA),Center(C),Less Than 8 ft.,6,-61,27,1,1,20260408,CLE,ATL
Shot Chart Detail,0022501158,318,201935,James Harden,1610612739,Cleveland Cavaliers,2,2,21,Missed Shot,Pullup Jump shot,3PT Field Goal,Above the Break 3,Center(C),24+ ft.,25,45,253,1,0,20260408,CLE,ATL
Shot Chart Detail,0022501158,323,201935,James Harden,1610612739,Cleveland Cavaliers,2,1,57,Missed Shot,Jump Shot,3PT Field Goal,Above the Break 3,Right Side Center(RC),24+ ft.,24,202,134,1,0,20260408,CLE,ATL
Shot Chart Detail,0022501158,327,201935,James Harden,1610612739,Cleveland Cavaliers,2,1,32,Missed Shot,Driving Layup Shot,2PT Field Goal,Restricted Area,Center(C),Less Than 8 ft.,1,15,13,1,0,20260408,CLE,ATL
Shot Chart Detail,0022501158,402,201935,James Harden,1610612739,Cleveland Cavaliers,3,7,24,Made Shot,Jump Shot,3PT Field Goal,Above the Break 3,Right Side Center(RC),24+ ft.,25,82,246,1,1,20260408,CLE,ATL
Shot Chart Detail,0022501158,406,201935,James Harden,1610612739,Cleveland Cavaliers,3,6,59,Made Shot,Running Pull-Up Jump Shot,3PT Field Goal,Above the Break 3,Right Side Center(RC),24+ ft.,24,183,158,1,1,20260408,CLE,ATL
Shot Chart Detail,0022501158,420,201935,James Harden,1610612739,Cleveland Cavaliers,3,6,3,Missed Shot,Driving Floating Bank Jump Shot,2PT Field Goal,In The Paint (Non-RA),Center(C),Less Than 8 ft.,7,71,35,1,0,20260408,CLE,ATL
Shot Chart Detail,0022501158,430,201935,James Harden,1610612739,Cleveland Cavaliers,3,5,38,Made Shot,Jump Shot,3PT Field Goal,Above the Break 3,Left Side Center(LC),24+ ft.,24,-205,137,1,1,20260408,CLE,ATL
Shot Chart Detail,0022501158,436,201935,James Harden,1610612739,Cleveland Cavaliers,3,5,15,Missed Shot,Pullup Jump shot,3PT Field Goal,Above the Break 3,Left Side Center(LC),24+ ft.,25,-140,217,1,0,20260408,CLE,ATL
Shot Chart Detail,0022501158,446,201935,James Harden,1610612739,Cleveland Cavaliers,3,4,8,Missed Shot,Driving Floating Bank Jump Shot,2PT Field Goal,In The Paint (Non-RA),Center(C),Less Than 8 ft.,5,-53,9,1,0,20260408,CLE,ATL
Shot Chart Detail,0022501158,568,201935,James Harden,1610612739,Cleveland Cavaliers,4,8,22,Missed Shot,Jump Shot,3PT Field Goal,Above the Break 3,Left Side Center(LC),24+ ft.,25,-183,171,1,0,20260408,CLE,ATL
Shot Chart Detail,0022501158,584,201935,James Harden,1610612739,Cleveland Cavaliers,4,7,35,Missed Shot,Pullup Jump shot,2PT Field Goal,In The Paint (Non-RA),Center(C),Less Than 8 ft.,4,34,35,1,0,20260408,CLE,ATL
Shot Chart Detail,0022501158,599,201935,James Harden,1610612739,Cleveland Cavaliers,4,6,36,Missed Shot,Step Back Jump shot,3PT Field Goal,Above the Break 3,Right Side Center(RC),24+ ft.,27,189,197,1,0,20260408,CLE,ATL
Shot Chart Detail,0022501158,694,201935,James Harden,1610612739,Cleveland Cavaliers,4,0,38,Missed Shot,Fadeaway Jump Shot,2PT Field Goal,In The Paint (Non-RA),Center(C),8-16 ft.,13,45,130,1,0,20260408,CLE,ATL
Shot Chart Detail,0022501173,14,201935,James Harden,1610612739,Cleveland Cavaliers,1,10,33,Made Shot,Step Back Jump shot,3PT Field Goal,Above the Break 3,Right Side Center(RC),24+ ft.,25,224,127,1,1,20260410,ATL,CLE
Shot Chart Detail,0022501173,36,201935,James Harden,1610612739,Cleveland Cavaliers,1,8,37,Missed Shot,Jump Shot,3PT Field Goal,Above the Break 3,Right Side Center(RC),24+ ft.,26,150,216,1,0,20260410,ATL,CLE
Shot Chart Detail,0022501173,44,201935,James Harden,1610612739,Cleveland Cavaliers,1,7,44,Missed Shot,Step Back Jump shot,3PT Field Goal,Above the Break 3,Right Side Center(RC),24+ ft.,25,97,239,1,0,20260410,ATL,CLE
Shot Chart Detail,0022501173,69,201935,James Harden,1610612739,Cleveland Cavaliers,1,5,42,Made Shot,Driving Floating Bank Jump Shot,2PT Field Goal,Mid-Range,Right Side(R),8-16 ft.,9,93,32,1,1,20260410,ATL,CLE
Shot Chart Detail,0022501173,84,201935,James Harden,1610612739,Cleveland Cavaliers,1,4,45,Missed Shot,Pullup Jump shot,3PT Field Goal,Above the Break 3,Center(C),24+ ft.,25,-33,248,1,0,20260410,ATL,CLE
Shot Chart Detail,0022501173,99,201935,James Harden,1610612739,Cleveland Cavaliers,1,3,47,Missed Shot,Pullup Jump shot,2PT Field Goal,In The Paint (Non-RA),Center(C),8-16 ft.,11,-31,107,1,0,20260410,ATL,CLE
Shot Chart Detail,0022501173,235,201935,James Harden,1610612739,Cleveland Cavaliers,2,6,58,Missed Shot,Pullup Jump shot,2PT Field Goal,Mid-Range,Left Side Center(LC),16-24 ft.,16,-53,152,1,0,20260410,ATL,CLE
Shot Chart Detail,0022501173,287,201935,James Harden,1610612739,Cleveland Cavaliers,2,3,24,Made Shot,Step Back Jump shot,2PT Field Goal,Mid-Range,Right Side(R),8-16 ft.,13,85,106,1,1,20260410,ATL,CLE
Shot Chart Detail,0022501173,294,201935,James Harden,1610612739,Cleveland Cavaliers,2,2,12,Missed Shot,Driving Layup Shot,2PT Field Goal,Restricted Area,Center(C),Less Than 8 ft.,1,2,10,1,0,20260410,ATL,CLE
Shot Chart Detail,0022501173,317,201935,James Harden,1610612739,Cleveland Cavaliers,2,1,7,Made Shot,Pullup Jump shot,3PT Field Goal,Above the Break 3,Center(C),24+ ft.,26,56,259,1,1,20260410,ATL,CLE
Shot Chart Detail,0022501173,327,201935,James Harden,1610612739,Cleveland Cavaliers,2,0,17,Made Shot,Driving Layup Shot,2PT Field Goal,Restricted Area,Center(C),Less Than 8 ft.,1,1,16,1,1,20260410,ATL,CLE
Shot Chart Detail,0022501173,410,201935,James Harden,1610612739,Cleveland Cavaliers,3,6,24,Missed Shot,Running Pull-Up Jump Shot,3PT Field Goal,Above the Break 3,Center(C),24+ ft.,24,6,241,1,0,20260410,ATL,CLE
Shot Chart Detail,0022501173,439,201935,James Harden,1610612739,Cleveland Cavaliers,3,4,35,Made Shot,Driving Layup Shot,2PT Field Goal,Restricted Area,Center(C),Less Than 8 ft.,1,-13,-4,1,1,20260410,ATL,CLE
Shot Chart Detail,0022501205,46,201935,James Harden,1610612746,LA Clippers,1,8,12,Missed Shot,Running Jump Shot,3PT Field Goal,Above the Break 3,Right Side Center(RC),24+ ft.,26,173,199,1,0,20251211,HOU,LAC
Shot Chart Detail,0022501205,96,201935,James Harden,1610612746,LA Clippers,1,4,20,Missed Shot,Pullup Jump shot,2PT Field Goal,In The Paint (Non-RA),Center(C),8-16 ft.,12,-48,115,1,0,20251211,HOU,LAC
Shot Chart Detail,0022501205,101,201935,James Harden,1610612746,LA Clippers,1,4,6,Made Shot,Driving Layup Shot,2PT Field Goal,Restricted Area,Center(C),Less Than 8 ft.,3,-22,33,1,1,20251211,HOU,LAC
Shot Chart Detail,0022501205,111,201935,James Harden,1610612746,LA Clippers,1,3,25,Missed Shot,Pullup Jump shot,3PT Field Goal,Above the Break 3,Center(C),24+ ft.,25,1,252,1,0,20251211,HOU,LAC
Shot Chart Detail,0022501205,113,201935,James Harden,1610612746,LA Clippers,1,3,20,Made Shot,Jump Shot,3PT Field Goal,Above the Break 3,Center(C),24+ ft.,25,-33,253,1,1,20251211,HOU,LAC
Shot Chart Detail,0022501205,137,201935,James Harden,1610612746,LA Clippers,1,1,39,Missed Shot,Driving Layup Shot,2PT Field Goal,In The Paint (Non-RA),Center(C),Less Than 8 ft.,7,-59,44,1,0,20251211,HOU,LAC
Shot Chart Detail,0022501205,286,201935,James Harden,1610612746,LA Clippers,2,2,28,Made Shot,Pullup Jump shot,3PT Field Goal,Above the Break 3,Left Side Center(LC),24+ ft.,25,-165,191,1,1,20251211,HOU,LAC
Shot Chart Detail,0022501205,318,201935,James Harden,1610612746,LA Clippers,2,0,3,Missed Shot,Driving Layup Shot,2PT Field Goal,Restricted Area,Center(C),Less Than 8 ft.,2,-20,16,1,0,20251211,HOU,LAC
Shot Chart Detail,0022501205,349,201935,James Harden,1610612746,LA Clippers,3,10,6,Missed Shot,Step Back Jump shot,3PT Field Goal,Above the Break 3,Left Side Center(LC),24+ ft.,25,-102,231,1,0,20251211,HOU,LAC
Shot Chart Detail,0022501205,395,201935,James Harden,1610612746,LA Clippers,3,5,17,Made Shot,Driving Floating Bank Jump Shot,2PT Field Goal,In The Paint (Non-RA),Center(C),Less Than 8 ft.,5,-42,37,1,1,20251211,HOU,LAC
Shot Chart Detail,0022501205,398,201935,James Harden,1610612746,LA Clippers,3,4,30,Missed Shot,Driving Layup Shot,2PT Field Goal,In The Paint (Non-RA),Center(C),8-16 ft.,10,-4,105,1,0,20251211,HOU,LAC
Shot Chart Detail,0022501205,412,201935,James Harden,1610612746,LA Clippers,3,3,16,Missed Shot,Pullup Jump shot,3PT Field Goal,Above the Break 3,Center(C),24+ ft.,24,-72,230,1,0,20251211,HOU,LAC
Shot Chart Detail,0022501205,445,201935,James Harden,1610612746,LA Clippers,3,1,38,Made Shot,Driving Finger Roll Layup Shot,2PT Field Goal,Restricted Area,Center(C),Less Than 8 ft.,3,10,34,1,1,20251211,HOU,LAC
Shot Chart Detail,0022501205,466,201935,James Harden,1610612746,LA Clippers,3,0,8,Missed Shot,Step Back Jump shot,3PT Field Goal,Right Corner 3,Right Side(R),24+ ft.,22,228,22,1,0,20251211,HOU,LAC
Shot Chart Detail,0022501205,539,201935,James Harden,1610612746,LA Clippers,4,7,29,Made Shot,Step Back Jump shot,3PT Field Goal,Above the Break 3,Center(C),24+ ft.,24,5,241,1,1,20251211,HOU,LAC
Shot Chart Detail,0022501205,571,201935,James Harden,1610612746,LA Clippers,4,4,20,Missed Shot,Step Back Jump shot,2PT Field Goal,In The Paint (Non-RA),Center(C),8-16 ft.,11,12,119,1,0,20251211,HOU,LAC
Shot Chart Detail,0022501205,614,201935,James Harden,1610612746,LA Clippers,4,1,33,Missed Shot,Pullup Jump shot,3PT Field Goal,Above the Break 3,Center(C),24+ ft.,28,10,284,1,0,20251211,HOU,LAC
Shot Chart Detail,0022501205,632,201935,James Harden,1610612746,LA Clippers,4,0,37,Made Shot,Jump Shot,3PT Field Goal,Above the Break 3,Right Side Center(RC),24+ ft.,25,165,193,1,1,20251211,HOU,LAC
Shot Chart Detail,0022501226,230,201935,James Harden,1610612746,LA Clippers,2,6,14,Missed Shot,Driving Layup Shot,2PT Field Goal,In The Paint (Non-RA),Center(C),Less Than 8 ft.,5,-10,59,1,0,20251215,LAC,MEM
Shot Chart Detail,0022501226,253,201935,James Harden,1610612746,LA Clippers,2,4,50,Made Shot,Running Pull-Up Jump Shot,3PT Field Goal,Above the Break 3,Left Side Center(LC),24+ ft.,26,-129,230,1,1,20251215,LAC,MEM
Shot Chart Detail,0022501226,264,201935,James Harden,1610612746,LA Clippers,2,3,38,Missed Shot,Step Back Jump shot,2PT Field Goal,Mid-Range,Left Side(L),8-16 ft.,15,-140,65,1,0,20251215,LAC,MEM
Shot Chart Detail,0022501226,296,201935,James Harden,1610612746,LA Clippers,2,0,36,Made Shot,Step Back Jump shot,3PT Field Goal,Above the Break 3,Center(C),24+ ft.,27,-9,277,1,1,20251215,LAC,MEM
Shot Chart Detail,0022501226,303,201935,James Harden,1610612746,LA Clippers,2,0,1,Missed Shot,Pullup Jump shot,3PT Field Goal,Above the Break 3,Left Side Center(LC),24+ ft.,32,-127,296,1,0,20251215,LAC,MEM
Shot Chart Detail,0022501226,323,201935,James Harden,1610612746,LA Clippers,3,10,58,Missed Shot,Driving Floating Jump Shot,2PT Field Goal,In The Paint (Non-RA),Right Side(R),8-16 ft.,8,50,68,1,0,20251215,LAC,MEM
Shot Chart Detail,0022501226,401,201935,James Harden,1610612746,LA Clippers,3,5,9,Missed Shot,Jump Shot,3PT Field Goal,Above the Break 3,Right Side Center(RC),24+ ft.,30,105,283,1,0,20251215,LAC,MEM
Shot Chart Detail,0022501226,438,201935,James Harden,1610612746,LA Clippers,3,2,24,Missed Shot,Driving Floating Jump Shot,2PT Field Goal,In The Paint (Non-RA),Center(C),Less Than 8 ft.,7,13,72,1,0,20251215,LAC,MEM
Shot Chart Detail,0022501226,448,201935,James Harden,1610612746,LA Clippers,3,1,46,Made Shot,Jump Shot,3PT Field Goal,Above the Break 3,Center(C),24+ ft.,26,-12,269,1,1,20251215,LAC,MEM
Shot Chart Detail,0022501226,564,201935,James Harden,1610612746,LA Clippers,4,5,9,Made Shot,Running Jump Shot,3PT Field Goal,Above the Break 3,Left Side Center(LC),24+ ft.,26,-134,225,1,1,20251215,LAC,MEM
